#
# There is insufficient memory for the Java Runtime Environment to continue.
# Native memory allocation (malloc) failed to allocate 1832976 bytes. Error detail: Chunk::new
# Possible reasons:
#   The system is out of physical RAM or swap space
#   This process is running with CompressedOops enabled, and the Java Heap may be blocking the growth of the native heap
# Possible solutions:
#   Reduce memory load on the system
#   Increase physical memory or swap space
#   Check if swap backing store is full
#   Decrease Java heap size (-Xmx/-Xms)
#   Decrease number of Java threads
#   Decrease Java thread stack sizes (-Xss)
#   Set larger code cache with -XX:ReservedCodeCacheSize=
#   JVM is running with Unscaled Compressed Oops mode in which the Java heap is
#     placed in the first 4GB address space. The Java Heap base address is the
#     maximum limit for the native heap growth. Please use -XX:HeapBaseMinAddress
#     to set the Java Heap base and to place the Java Heap above 4GB virtual address.
# This output file may be truncated or incomplete.
#
#  Out of Memory Error (arena.cpp:168), pid=29100, tid=17232
#
# JRE version: OpenJDK Runtime Environment Temurin-21.0.10+7 (21.0.10+7) (build 21.0.10+7-LTS)
# Java VM: OpenJDK 64-Bit Server VM Temurin-21.0.10+7 (21.0.10+7-LTS, mixed mode, sharing, tiered, compressed oops, compressed class ptrs, g1 gc, windows-amd64)
# No core dump will be written. Minidumps are not enabled by default on client versions of Windows
#

---------------  S U M M A R Y ------------

Command Line: --add-opens=java.base/java.lang=ALL-UNNAMED --add-opens=java.base/java.lang.invoke=ALL-UNNAMED --add-opens=java.base/java.util=ALL-UNNAMED --add-opens=java.prefs/java.util.prefs=ALL-UNNAMED --add-exports=jdk.compiler/com.sun.tools.javac.api=ALL-UNNAMED --add-exports=jdk.compiler/com.sun.tools.javac.util=ALL-UNNAMED --add-opens=java.base/java.util=ALL-UNNAMED --add-opens=java.prefs/java.util.prefs=ALL-UNNAMED --add-opens=java.base/java.nio.charset=ALL-UNNAMED --add-opens=java.base/java.net=ALL-UNNAMED --add-opens=java.base/java.util.concurrent=ALL-UNNAMED --add-opens=java.base/java.util.concurrent.atomic=ALL-UNNAMED --add-opens=java.xml/javax.xml.namespace=ALL-UNNAMED -XX:MaxMetaspaceSize=384m -XX:+HeapDumpOnOutOfMemoryError -Xms256m -Xmx512m -Dfile.encoding=UTF-8 -Duser.country=US -Duser.language=en -Duser.variant -javaagent:C:\Users\deepa\.gradle\wrapper\dists\gradle-9.0.0-bin\d6wjpkvcgsg3oed0qlfss3wgl\gradle-9.0.0\lib\agents\gradle-instrumentation-agent-9.0.0.jar org.gradle.launcher.daemon.bootstrap.GradleDaemon 9.0.0

Host: 12th Gen Intel(R) Core(TM) i5-12500H, 16 cores, 7G,  Windows 11 , 64 bit Build 26100 (10.0.26100.7920)
Time: Fri Mar 20 14:40:58 2026 India Standard Time elapsed time: 322.701107 seconds (0d 0h 5m 22s)

---------------  T H R E A D  ---------------

Current thread (0x000001da23af3090):  JavaThread "C2 CompilerThread0" daemon [_thread_in_native, id=17232, stack(0x000000a1f7300000,0x000000a1f7400000) (1024K)]


Current CompileTask:
C2:322701 23174       4       org.gradle.api.internal.collections.CollectionFilter$1::execute (24 bytes)

Stack: [0x000000a1f7300000,0x000000a1f7400000]
Native frames: (J=compiled Java code, j=interpreted, Vv=VM code, C=native code)
V  [jvm.dll+0x6d7a39]
V  [jvm.dll+0x8b4b26]
V  [jvm.dll+0x8b70de]
V  [jvm.dll+0x8b77c3]
V  [jvm.dll+0x284346]
V  [jvm.dll+0xc66ed]
V  [jvm.dll+0xc6c31]
V  [jvm.dll+0x3bec01]
V  [jvm.dll+0x38b162]
V  [jvm.dll+0x38a5aa]
V  [jvm.dll+0x24c560]
V  [jvm.dll+0x24bb40]
V  [jvm.dll+0x1cb34e]
V  [jvm.dll+0x25b85d]
V  [jvm.dll+0x259dea]
V  [jvm.dll+0x3f857e]
V  [jvm.dll+0x85f59d]
V  [jvm.dll+0x6d626d]
C  [ucrtbase.dll+0x37b0]
C  [KERNEL32.DLL+0x2e8d7]
C  [ntdll.dll+0x8c48c]


---------------  P R O C E S S  ---------------

Threads class SMR info:
_java_thread_list=0x000001da41dcec80, length=51, elements={
0x000001da08121260, 0x000001da23ad8f40, 0x000001da23add9c0, 0x000001da23ae0ca0,
0x000001da23ae47c0, 0x000001da23aece40, 0x000001da23aed4b0, 0x000001da23af3090,
0x000001da23af4170, 0x000001da23e41570, 0x000001da23e05690, 0x000001da3e80d060,
0x000001da3e6d9350, 0x000001da3e7ac960, 0x000001da3e840ca0, 0x000001da3e842050,
0x000001da3e842d70, 0x000001da3ec03ba0, 0x000001da3ec05c70, 0x000001da3ec07020,
0x000001da3d5d3e70, 0x000001da412bb300, 0x000001da412b8ba0, 0x000001da412ba5e0,
0x000001da412b8510, 0x000001da3ec048c0, 0x000001da3ec055e0, 0x000001da3ec08a60,
0x000001da3ec06990, 0x000001da3ec0ab30, 0x000001da412b5db0, 0x000001da412b6ad0,
0x000001da412b7160, 0x000001da412b7e80, 0x000001da412b98c0, 0x000001da412bc020,
0x000001da494f5f60, 0x000001da40676100, 0x000001da40676790, 0x000001da49e90e30,
0x000001da49e907a0, 0x000001da49e92870, 0x000001da406ab7a0, 0x000001da413f0100,
0x000001da432af4c0, 0x000001da48bba610, 0x000001da414670c0, 0x000001da6341dcf0,
0x000001da6341e380, 0x000001da49a19440, 0x000001da63c5f0c0
}

Java Threads: ( => current thread )
  0x000001da08121260 JavaThread "main"                              [_thread_blocked, id=12592, stack(0x000000a1f6500000,0x000000a1f6600000) (1024K)]
  0x000001da23ad8f40 JavaThread "Reference Handler"          daemon [_thread_blocked, id=31760, stack(0x000000a1f6d00000,0x000000a1f6e00000) (1024K)]
  0x000001da23add9c0 JavaThread "Finalizer"                  daemon [_thread_blocked, id=26352, stack(0x000000a1f6e00000,0x000000a1f6f00000) (1024K)]
  0x000001da23ae0ca0 JavaThread "Signal Dispatcher"          daemon [_thread_blocked, id=6776, stack(0x000000a1f6f00000,0x000000a1f7000000) (1024K)]
  0x000001da23ae47c0 JavaThread "Attach Listener"            daemon [_thread_blocked, id=10748, stack(0x000000a1f7000000,0x000000a1f7100000) (1024K)]
  0x000001da23aece40 JavaThread "Service Thread"             daemon [_thread_blocked, id=27268, stack(0x000000a1f7100000,0x000000a1f7200000) (1024K)]
  0x000001da23aed4b0 JavaThread "Monitor Deflation Thread"   daemon [_thread_blocked, id=15076, stack(0x000000a1f7200000,0x000000a1f7300000) (1024K)]
=>0x000001da23af3090 JavaThread "C2 CompilerThread0"         daemon [_thread_in_native, id=17232, stack(0x000000a1f7300000,0x000000a1f7400000) (1024K)]
  0x000001da23af4170 JavaThread "C1 CompilerThread0"         daemon [_thread_blocked, id=22580, stack(0x000000a1f7400000,0x000000a1f7500000) (1024K)]
  0x000001da23e41570 JavaThread "Common-Cleaner"             daemon [_thread_blocked, id=23192, stack(0x000000a1f7600000,0x000000a1f7700000) (1024K)]
  0x000001da23e05690 JavaThread "Notification Thread"        daemon [_thread_blocked, id=29992, stack(0x000000a1f7700000,0x000000a1f7800000) (1024K)]
  0x000001da3e80d060 JavaThread "Daemon health stats"               [_thread_blocked, id=5488, stack(0x000000a1f7e00000,0x000000a1f7f00000) (1024K)]
  0x000001da3e6d9350 JavaThread "Incoming local TCP Connector on port 49675"        [_thread_in_native, id=27808, stack(0x000000a1f8400000,0x000000a1f8500000) (1024K)]
  0x000001da3e7ac960 JavaThread "Daemon periodic checks"            [_thread_blocked, id=32568, stack(0x000000a1f8500000,0x000000a1f8600000) (1024K)]
  0x000001da3e840ca0 JavaThread "Cache worker for journal cache (C:\Users\deepa\.gradle\caches\journal-1)"        [_thread_blocked, id=27716, stack(0x000000a1f8c00000,0x000000a1f8d00000) (1024K)]
  0x000001da3e842050 JavaThread "File lock request listener"        [_thread_in_native, id=3244, stack(0x000000a1f8d00000,0x000000a1f8e00000) (1024K)]
  0x000001da3e842d70 JavaThread "Cache worker for file hash cache (C:\Users\deepa\.gradle\caches\9.0.0\fileHashes)"        [_thread_blocked, id=11084, stack(0x000000a1f8e00000,0x000000a1f8f00000) (1024K)]
  0x000001da3ec03ba0 JavaThread "File watcher server"        daemon [_thread_in_native, id=23096, stack(0x000000a1f9800000,0x000000a1f9900000) (1024K)]
  0x000001da3ec05c70 JavaThread "File watcher consumer"      daemon [_thread_blocked, id=20208, stack(0x000000a1f9900000,0x000000a1f9a00000) (1024K)]
  0x000001da3ec07020 JavaThread "Cache worker for file content cache (C:\Users\deepa\.gradle\caches\9.0.0\fileContent)"        [_thread_blocked, id=26708, stack(0x000000a1f9b00000,0x000000a1f9c00000) (1024K)]
  0x000001da3d5d3e70 JavaThread "Memory manager"                    [_thread_blocked, id=32172, stack(0x000000a1fd300000,0x000000a1fd400000) (1024K)]
  0x000001da412bb300 JavaThread "RMI Scheduler(0)"           daemon [_thread_blocked, id=24520, stack(0x000000a181000000,0x000000a181100000) (1024K)]
  0x000001da412b8ba0 JavaThread "RMI GC Daemon"              daemon [_thread_blocked, id=13164, stack(0x000000a181600000,0x000000a181700000) (1024K)]
  0x000001da412ba5e0 JavaThread "RMI TCP Accept-0"           daemon [_thread_in_native, id=19124, stack(0x000000a181700000,0x000000a181800000) (1024K)]
  0x000001da412b8510 JavaThread "RMI Reaper"                        [_thread_blocked, id=11980, stack(0x000000a181800000,0x000000a181900000) (1024K)]
  0x000001da3ec048c0 JavaThread "Daemon Thread 2"                   [_thread_blocked, id=9572, stack(0x000000a180000000,0x000000a180100000) (1024K)]
  0x000001da3ec055e0 JavaThread "Daemon worker Thread 2"            [_thread_blocked, id=10028, stack(0x000000a180300000,0x000000a180400000) (1024K)]
  0x000001da3ec08a60 JavaThread "jar transforms"                    [_thread_blocked, id=15044, stack(0x000000a180900000,0x000000a180a00000) (1024K)]
  0x000001da3ec06990 JavaThread "jar transforms Thread 2"           [_thread_blocked, id=9328, stack(0x000000a180a00000,0x000000a180b00000) (1024K)]
  0x000001da3ec0ab30 JavaThread "jar transforms Thread 3"           [_thread_blocked, id=28064, stack(0x000000a180b00000,0x000000a180c00000) (1024K)]
  0x000001da412b5db0 JavaThread "jar transforms Thread 4"           [_thread_blocked, id=19888, stack(0x000000a181500000,0x000000a181600000) (1024K)]
  0x000001da412b6ad0 JavaThread "jar transforms Thread 5"           [_thread_blocked, id=18204, stack(0x000000a181100000,0x000000a181200000) (1024K)]
  0x000001da412b7160 JavaThread "jar transforms Thread 6"           [_thread_blocked, id=18112, stack(0x000000a181c00000,0x000000a181d00000) (1024K)]
  0x000001da412b7e80 JavaThread "jar transforms Thread 7"           [_thread_blocked, id=18800, stack(0x000000a181d00000,0x000000a181e00000) (1024K)]
  0x000001da412b98c0 JavaThread "jar transforms Thread 8"           [_thread_blocked, id=24540, stack(0x000000a181e00000,0x000000a181f00000) (1024K)]
  0x000001da412bc020 JavaThread "jar transforms Thread 9"           [_thread_blocked, id=18860, stack(0x000000a181f00000,0x000000a182000000) (1024K)]
  0x000001da494f5f60 JavaThread "VFS cleanup Thread 2"              [_thread_blocked, id=11772, stack(0x000000a180400000,0x000000a180500000) (1024K)]
  0x000001da40676100 JavaThread "jar transforms Thread 10"          [_thread_blocked, id=2268, stack(0x000000a181900000,0x000000a181a00000) (1024K)]
  0x000001da40676790 JavaThread "jar transforms Thread 11"          [_thread_blocked, id=11704, stack(0x000000a181a00000,0x000000a181b00000) (1024K)]
  0x000001da49e90e30 JavaThread "jar transforms Thread 12"          [_thread_blocked, id=24832, stack(0x000000a180d00000,0x000000a180e00000) (1024K)]
  0x000001da49e907a0 JavaThread "jar transforms Thread 13"          [_thread_blocked, id=2844, stack(0x000000a180e00000,0x000000a180f00000) (1024K)]
  0x000001da49e92870 JavaThread "jar transforms Thread 14"          [_thread_blocked, id=30484, stack(0x000000a180f00000,0x000000a181000000) (1024K)]
  0x000001da406ab7a0 JavaThread "included builds"                   [_thread_blocked, id=3232, stack(0x000000a185400000,0x000000a185500000) (1024K)]
  0x000001da413f0100 JavaThread "RMI TCP Connection(3)-127.0.0.1" daemon [_thread_in_native, id=22660, stack(0x000000a180500000,0x000000a180600000) (1024K)]
  0x000001da432af4c0 JavaThread "Handler for socket connection from /127.0.0.1:49675 to /127.0.0.1:53998"        [_thread_in_native, id=1456, stack(0x000000a180600000,0x000000a180700000) (1024K)]
  0x000001da48bba610 JavaThread "Cancel handler"                    [_thread_blocked, id=16924, stack(0x000000a180700000,0x000000a180800000) (1024K)]
  0x000001da414670c0 JavaThread "Asynchronous log dispatcher for DefaultDaemonConnection: socket connection from /127.0.0.1:49675 to /127.0.0.1:53998"        [_thread_blocked, id=31220, stack(0x000000a180800000,0x000000a180900000) (1024K)]
  0x000001da6341dcf0 JavaThread "Stdin handler"                     [_thread_blocked, id=16540, stack(0x000000a180c00000,0x000000a180d00000) (1024K)]
  0x000001da6341e380 JavaThread "Daemon client event forwarder"        [_thread_in_native, id=18256, stack(0x000000a181200000,0x000000a181300000) (1024K)]
  0x000001da49a19440 JavaThread "included builds"                   [_thread_blocked, id=18740, stack(0x000000a185800000,0x000000a185900000) (1024K)]
  0x000001da63c5f0c0 JavaThread "DisconnectableInputStream source reader" daemon [_thread_blocked, id=33752, stack(0x000000a182000000,0x000000a182100000) (1024K)]
Total: 51

Other Threads:
  0x000001da23abc330 VMThread "VM Thread"                           [id=29544, stack(0x000000a1f6c00000,0x000000a1f6d00000) (1024K)]
  0x000001da23aac9d0 WatcherThread "VM Periodic Task Thread"        [id=25896, stack(0x000000a1f6b00000,0x000000a1f6c00000) (1024K)]
  0x000001da0814d4a0 WorkerThread "GC Thread#0"                     [id=12972, stack(0x000000a1f6600000,0x000000a1f6700000) (1024K)]
  0x000001da3d1a3a20 WorkerThread "GC Thread#1"                     [id=2252, stack(0x000000a1f7800000,0x000000a1f7900000) (1024K)]
  0x000001da3d1a7260 WorkerThread "GC Thread#2"                     [id=21816, stack(0x000000a1f7900000,0x000000a1f7a00000) (1024K)]
  0x000001da3d1a7610 WorkerThread "GC Thread#3"                     [id=2412, stack(0x000000a1f7a00000,0x000000a1f7b00000) (1024K)]
  0x000001da3d1a79c0 WorkerThread "GC Thread#4"                     [id=3620, stack(0x000000a1f7b00000,0x000000a1f7c00000) (1024K)]
  0x000001da3d0c1c40 WorkerThread "GC Thread#5"                     [id=13900, stack(0x000000a1f7c00000,0x000000a1f7d00000) (1024K)]
  0x000001da3e8230c0 WorkerThread "GC Thread#6"                     [id=17812, stack(0x000000a1f7f00000,0x000000a1f8000000) (1024K)]
  0x000001da3e82b580 WorkerThread "GC Thread#7"                     [id=4876, stack(0x000000a1f8000000,0x000000a1f8100000) (1024K)]
  0x000001da3e82d950 WorkerThread "GC Thread#8"                     [id=8564, stack(0x000000a1f8100000,0x000000a1f8200000) (1024K)]
  0x000001da3e802110 WorkerThread "GC Thread#9"                     [id=17772, stack(0x000000a1f9000000,0x000000a1f9100000) (1024K)]
  0x000001da3e8024c0 WorkerThread "GC Thread#10"                    [id=25236, stack(0x000000a1f9100000,0x000000a1f9200000) (1024K)]
  0x000001da3f71b2c0 WorkerThread "GC Thread#11"                    [id=27952, stack(0x000000a1f9200000,0x000000a1f9300000) (1024K)]
  0x000001da3f71ba20 WorkerThread "GC Thread#12"                    [id=31392, stack(0x000000a1f9300000,0x000000a1f9400000) (1024K)]
  0x000001da081533b0 ConcurrentGCThread "G1 Main Marker"            [id=21916, stack(0x000000a1f6700000,0x000000a1f6800000) (1024K)]
  0x000001da08153dd0 WorkerThread "G1 Conc#0"                       [id=28988, stack(0x000000a1f6800000,0x000000a1f6900000) (1024K)]
  0x000001da3f71c530 WorkerThread "G1 Conc#1"                       [id=25604, stack(0x000000a1f9400000,0x000000a1f9500000) (1024K)]
  0x000001da3f71df00 WorkerThread "G1 Conc#2"                       [id=16136, stack(0x000000a1f9500000,0x000000a1f9600000) (1024K)]
  0x000001da23981e90 ConcurrentGCThread "G1 Refine#0"               [id=20716, stack(0x000000a1f6900000,0x000000a1f6a00000) (1024K)]
  0x000001da239827c0 ConcurrentGCThread "G1 Service"                [id=5832, stack(0x000000a1f6a00000,0x000000a1f6b00000) (1024K)]
Total: 21

Threads with active compile tasks:
C2 CompilerThread0  322734 23174       4       org.gradle.api.internal.collections.CollectionFilter$1::execute (24 bytes)
Total: 1

VM state: not at safepoint (normal execution)

VM Mutex/Monitor currently owned by a thread: None

Heap address: 0x00000000e0000000, size: 512 MB, Compressed Oops mode: 32-bit

CDS archive(s) mapped at: [0x000001da24000000-0x000001da24c80000-0x000001da24c80000), size 13107200, SharedBaseAddress: 0x000001da24000000, ArchiveRelocationMode: 1.
Compressed class space mapped at: 0x000001da25000000-0x000001da39000000, reserved size: 335544320
Narrow klass base: 0x000001da24000000, Narrow klass shift: 0, Narrow klass range: 0x100000000

GC Precious Log:
 CardTable entry size: 512
 Card Set container configuration: InlinePtr #cards 5 size 8 Array Of Cards #cards 12 size 40 Howl #buckets 4 coarsen threshold 1843 Howl Bitmap #cards 512 size 80 coarsen threshold 460 Card regions per heap region 1 cards per card region 2048
 CPUs: 16 total, 16 available
 Memory: 7876M
 Large Page Support: Disabled
 NUMA Support: Disabled
 Compressed Oops: Enabled (32-bit)
 Heap Region Size: 1M
 Heap Min Capacity: 256M
 Heap Initial Capacity: 256M
 Heap Max Capacity: 512M
 Pre-touch: Disabled
 Parallel Workers: 13
 Concurrent Workers: 3
 Concurrent Refinement Workers: 13
 Periodic GC: Disabled

Heap:
 garbage-first heap   total 299008K, used 187392K [0x00000000e0000000, 0x0000000100000000)
  region size 1024K, 27 young (27648K), 6 survivors (6144K)
 Metaspace       used 160000K, committed 162688K, reserved 524288K
  class space    used 21011K, committed 22336K, reserved 327680K

Heap Regions: E=young(eden), S=young(survivor), O=old, HS=humongous(starts), HC=humongous(continues), CS=collection set, F=free, TAMS=top-at-mark-start, PB=parsable bottom
|   0|0x00000000e0000000, 0x00000000e0100000, 0x00000000e0100000|100%|HS|  |TAMS 0x00000000e0000000| PB 0x00000000e0000000| Complete 
|   1|0x00000000e0100000, 0x00000000e0200000, 0x00000000e0200000|100%|HC|  |TAMS 0x00000000e0100000| PB 0x00000000e0100000| Complete 
|   2|0x00000000e0200000, 0x00000000e0300000, 0x00000000e0300000|100%|HC|  |TAMS 0x00000000e0200000| PB 0x00000000e0200000| Complete 
|   3|0x00000000e0300000, 0x00000000e0400000, 0x00000000e0400000|100%| O|  |TAMS 0x00000000e0300000| PB 0x00000000e0300000| Untracked 
|   4|0x00000000e0400000, 0x00000000e0500000, 0x00000000e0500000|100%| O|  |TAMS 0x00000000e0400000| PB 0x00000000e0400000| Untracked 
|   5|0x00000000e0500000, 0x00000000e0600000, 0x00000000e0600000|100%| O|  |TAMS 0x00000000e0500000| PB 0x00000000e0500000| Untracked 
|   6|0x00000000e0600000, 0x00000000e0700000, 0x00000000e0700000|100%|HS|  |TAMS 0x00000000e0600000| PB 0x00000000e0600000| Complete 
|   7|0x00000000e0700000, 0x00000000e0800000, 0x00000000e0800000|100%| O|  |TAMS 0x00000000e0700000| PB 0x00000000e0700000| Untracked 
|   8|0x00000000e0800000, 0x00000000e0900000, 0x00000000e0900000|100%| O|  |TAMS 0x00000000e0800000| PB 0x00000000e0800000| Untracked 
|   9|0x00000000e0900000, 0x00000000e0a00000, 0x00000000e0a00000|100%| O|  |TAMS 0x00000000e0900000| PB 0x00000000e0900000| Untracked 
|  10|0x00000000e0a00000, 0x00000000e0b00000, 0x00000000e0b00000|100%| O|  |TAMS 0x00000000e0a00000| PB 0x00000000e0a00000| Untracked 
|  11|0x00000000e0b00000, 0x00000000e0c00000, 0x00000000e0c00000|100%| O|  |TAMS 0x00000000e0b00000| PB 0x00000000e0b00000| Untracked 
|  12|0x00000000e0c00000, 0x00000000e0d00000, 0x00000000e0d00000|100%| O|  |TAMS 0x00000000e0c00000| PB 0x00000000e0c00000| Untracked 
|  13|0x00000000e0d00000, 0x00000000e0e00000, 0x00000000e0e00000|100%| O|  |TAMS 0x00000000e0d00000| PB 0x00000000e0d00000| Untracked 
|  14|0x00000000e0e00000, 0x00000000e0f00000, 0x00000000e0f00000|100%| O|  |TAMS 0x00000000e0e00000| PB 0x00000000e0e00000| Untracked 
|  15|0x00000000e0f00000, 0x00000000e1000000, 0x00000000e1000000|100%| O|  |TAMS 0x00000000e0f00000| PB 0x00000000e0f00000| Untracked 
|  16|0x00000000e1000000, 0x00000000e1100000, 0x00000000e1100000|100%| O|  |TAMS 0x00000000e1000000| PB 0x00000000e1000000| Untracked 
|  17|0x00000000e1100000, 0x00000000e1200000, 0x00000000e1200000|100%| O|  |TAMS 0x00000000e1100000| PB 0x00000000e1100000| Untracked 
|  18|0x00000000e1200000, 0x00000000e1300000, 0x00000000e1300000|100%| O|  |TAMS 0x00000000e1200000| PB 0x00000000e1200000| Untracked 
|  19|0x00000000e1300000, 0x00000000e1400000, 0x00000000e1400000|100%| O|  |TAMS 0x00000000e1300000| PB 0x00000000e1300000| Untracked 
|  20|0x00000000e1400000, 0x00000000e1500000, 0x00000000e1500000|100%| O|  |TAMS 0x00000000e1400000| PB 0x00000000e1400000| Untracked 
|  21|0x00000000e1500000, 0x00000000e1600000, 0x00000000e1600000|100%| O|  |TAMS 0x00000000e1500000| PB 0x00000000e1500000| Untracked 
|  22|0x00000000e1600000, 0x00000000e1700000, 0x00000000e1700000|100%| O|  |TAMS 0x00000000e1600000| PB 0x00000000e1600000| Untracked 
|  23|0x00000000e1700000, 0x00000000e1800000, 0x00000000e1800000|100%|HS|  |TAMS 0x00000000e1700000| PB 0x00000000e1700000| Complete 
|  24|0x00000000e1800000, 0x00000000e1900000, 0x00000000e1900000|100%|HC|  |TAMS 0x00000000e1800000| PB 0x00000000e1800000| Complete 
|  25|0x00000000e1900000, 0x00000000e1a00000, 0x00000000e1a00000|100%|HS|  |TAMS 0x00000000e1900000| PB 0x00000000e1900000| Complete 
|  26|0x00000000e1a00000, 0x00000000e1b00000, 0x00000000e1b00000|100%|HC|  |TAMS 0x00000000e1a00000| PB 0x00000000e1a00000| Complete 
|  27|0x00000000e1b00000, 0x00000000e1c00000, 0x00000000e1c00000|100%|HS|  |TAMS 0x00000000e1b00000| PB 0x00000000e1b00000| Complete 
|  28|0x00000000e1c00000, 0x00000000e1d00000, 0x00000000e1d00000|100%|HC|  |TAMS 0x00000000e1c00000| PB 0x00000000e1c00000| Complete 
|  29|0x00000000e1d00000, 0x00000000e1e00000, 0x00000000e1e00000|100%|HC|  |TAMS 0x00000000e1d00000| PB 0x00000000e1d00000| Complete 
|  30|0x00000000e1e00000, 0x00000000e1f00000, 0x00000000e1f00000|100%|HC|  |TAMS 0x00000000e1e00000| PB 0x00000000e1e00000| Complete 
|  31|0x00000000e1f00000, 0x00000000e2000000, 0x00000000e2000000|100%|HS|  |TAMS 0x00000000e1f00000| PB 0x00000000e1f00000| Complete 
|  32|0x00000000e2000000, 0x00000000e2100000, 0x00000000e2100000|100%|HC|  |TAMS 0x00000000e2000000| PB 0x00000000e2000000| Complete 
|  33|0x00000000e2100000, 0x00000000e2200000, 0x00000000e2200000|100%|HC|  |TAMS 0x00000000e2100000| PB 0x00000000e2100000| Complete 
|  34|0x00000000e2200000, 0x00000000e2300000, 0x00000000e2300000|100%|HC|  |TAMS 0x00000000e2200000| PB 0x00000000e2200000| Complete 
|  35|0x00000000e2300000, 0x00000000e2400000, 0x00000000e2400000|100%| O|  |TAMS 0x00000000e2300000| PB 0x00000000e2300000| Untracked 
|  36|0x00000000e2400000, 0x00000000e2500000, 0x00000000e2500000|100%| O|  |TAMS 0x00000000e2400000| PB 0x00000000e2400000| Untracked 
|  37|0x00000000e2500000, 0x00000000e2600000, 0x00000000e2600000|100%| O|  |TAMS 0x00000000e2500000| PB 0x00000000e2500000| Untracked 
|  38|0x00000000e2600000, 0x00000000e2700000, 0x00000000e2700000|100%| O|  |TAMS 0x00000000e2600000| PB 0x00000000e2600000| Untracked 
|  39|0x00000000e2700000, 0x00000000e2800000, 0x00000000e2800000|100%| O|  |TAMS 0x00000000e2700000| PB 0x00000000e2700000| Untracked 
|  40|0x00000000e2800000, 0x00000000e2900000, 0x00000000e2900000|100%| O|  |TAMS 0x00000000e2800000| PB 0x00000000e2800000| Untracked 
|  41|0x00000000e2900000, 0x00000000e2a00000, 0x00000000e2a00000|100%| O|  |TAMS 0x00000000e2900000| PB 0x00000000e2900000| Untracked 
|  42|0x00000000e2a00000, 0x00000000e2b00000, 0x00000000e2b00000|100%| O|  |TAMS 0x00000000e2a00000| PB 0x00000000e2a00000| Untracked 
|  43|0x00000000e2b00000, 0x00000000e2c00000, 0x00000000e2c00000|100%| O|  |TAMS 0x00000000e2b00000| PB 0x00000000e2b00000| Untracked 
|  44|0x00000000e2c00000, 0x00000000e2d00000, 0x00000000e2d00000|100%| O|  |TAMS 0x00000000e2c00000| PB 0x00000000e2c00000| Untracked 
|  45|0x00000000e2d00000, 0x00000000e2e00000, 0x00000000e2e00000|100%| O|  |TAMS 0x00000000e2d00000| PB 0x00000000e2d00000| Untracked 
|  46|0x00000000e2e00000, 0x00000000e2f00000, 0x00000000e2f00000|100%| O|  |TAMS 0x00000000e2e00000| PB 0x00000000e2e00000| Untracked 
|  47|0x00000000e2f00000, 0x00000000e3000000, 0x00000000e3000000|100%| O|  |TAMS 0x00000000e2f00000| PB 0x00000000e2f00000| Untracked 
|  48|0x00000000e3000000, 0x00000000e3100000, 0x00000000e3100000|100%| O|  |TAMS 0x00000000e3000000| PB 0x00000000e3000000| Untracked 
|  49|0x00000000e3100000, 0x00000000e3200000, 0x00000000e3200000|100%| O|  |TAMS 0x00000000e3100000| PB 0x00000000e3100000| Untracked 
|  50|0x00000000e3200000, 0x00000000e3300000, 0x00000000e3300000|100%| O|  |TAMS 0x00000000e3200000| PB 0x00000000e3200000| Untracked 
|  51|0x00000000e3300000, 0x00000000e3400000, 0x00000000e3400000|100%| O|  |TAMS 0x00000000e3300000| PB 0x00000000e3300000| Untracked 
|  52|0x00000000e3400000, 0x00000000e3500000, 0x00000000e3500000|100%| O|  |TAMS 0x00000000e3400000| PB 0x00000000e3400000| Untracked 
|  53|0x00000000e3500000, 0x00000000e3600000, 0x00000000e3600000|100%| O|  |TAMS 0x00000000e3500000| PB 0x00000000e3500000| Untracked 
|  54|0x00000000e3600000, 0x00000000e3700000, 0x00000000e3700000|100%| O|Cm|TAMS 0x00000000e3600000| PB 0x00000000e3600000| Complete 
|  55|0x00000000e3700000, 0x00000000e3800000, 0x00000000e3800000|100%| O|Cm|TAMS 0x00000000e3700000| PB 0x00000000e3700000| Complete 
|  56|0x00000000e3800000, 0x00000000e3900000, 0x00000000e3900000|100%| O|  |TAMS 0x00000000e3800000| PB 0x00000000e3800000| Untracked 
|  57|0x00000000e3900000, 0x00000000e3a00000, 0x00000000e3a00000|100%| O|  |TAMS 0x00000000e3900000| PB 0x00000000e3900000| Untracked 
|  58|0x00000000e3a00000, 0x00000000e3b00000, 0x00000000e3b00000|100%| O|  |TAMS 0x00000000e3a00000| PB 0x00000000e3a00000| Untracked 
|  59|0x00000000e3b00000, 0x00000000e3c00000, 0x00000000e3c00000|100%| O|  |TAMS 0x00000000e3b00000| PB 0x00000000e3b00000| Untracked 
|  60|0x00000000e3c00000, 0x00000000e3d00000, 0x00000000e3d00000|100%| O|  |TAMS 0x00000000e3c00000| PB 0x00000000e3c00000| Untracked 
|  61|0x00000000e3d00000, 0x00000000e3e00000, 0x00000000e3e00000|100%| O|  |TAMS 0x00000000e3d00000| PB 0x00000000e3d00000| Untracked 
|  62|0x00000000e3e00000, 0x00000000e3f00000, 0x00000000e3f00000|100%| O|  |TAMS 0x00000000e3e00000| PB 0x00000000e3e00000| Untracked 
|  63|0x00000000e3f00000, 0x00000000e4000000, 0x00000000e4000000|100%| O|  |TAMS 0x00000000e3f00000| PB 0x00000000e3f00000| Untracked 
|  64|0x00000000e4000000, 0x00000000e4100000, 0x00000000e4100000|100%| O|  |TAMS 0x00000000e4000000| PB 0x00000000e4000000| Untracked 
|  65|0x00000000e4100000, 0x00000000e4200000, 0x00000000e4200000|100%| O|  |TAMS 0x00000000e4100000| PB 0x00000000e4100000| Untracked 
|  66|0x00000000e4200000, 0x00000000e4300000, 0x00000000e4300000|100%| O|  |TAMS 0x00000000e4200000| PB 0x00000000e4200000| Untracked 
|  67|0x00000000e4300000, 0x00000000e4400000, 0x00000000e4400000|100%| O|  |TAMS 0x00000000e4300000| PB 0x00000000e4300000| Untracked 
|  68|0x00000000e4400000, 0x00000000e4500000, 0x00000000e4500000|100%| O|  |TAMS 0x00000000e4400000| PB 0x00000000e4400000| Untracked 
|  69|0x00000000e4500000, 0x00000000e4600000, 0x00000000e4600000|100%| O|  |TAMS 0x00000000e4500000| PB 0x00000000e4500000| Untracked 
|  70|0x00000000e4600000, 0x00000000e4700000, 0x00000000e4700000|100%| O|  |TAMS 0x00000000e4600000| PB 0x00000000e4600000| Untracked 
|  71|0x00000000e4700000, 0x00000000e4800000, 0x00000000e4800000|100%| O|Cm|TAMS 0x00000000e4700000| PB 0x00000000e4700000| Complete 
|  72|0x00000000e4800000, 0x00000000e4900000, 0x00000000e4900000|100%| O|  |TAMS 0x00000000e4800000| PB 0x00000000e4800000| Untracked 
|  73|0x00000000e4900000, 0x00000000e4a00000, 0x00000000e4a00000|100%| O|  |TAMS 0x00000000e4900000| PB 0x00000000e4900000| Untracked 
|  74|0x00000000e4a00000, 0x00000000e4b00000, 0x00000000e4b00000|100%| O|  |TAMS 0x00000000e4a00000| PB 0x00000000e4a00000| Untracked 
|  75|0x00000000e4b00000, 0x00000000e4c00000, 0x00000000e4c00000|100%| O|  |TAMS 0x00000000e4b00000| PB 0x00000000e4b00000| Untracked 
|  76|0x00000000e4c00000, 0x00000000e4d00000, 0x00000000e4d00000|100%| O|  |TAMS 0x00000000e4c00000| PB 0x00000000e4c00000| Untracked 
|  77|0x00000000e4d00000, 0x00000000e4e00000, 0x00000000e4e00000|100%| O|  |TAMS 0x00000000e4d00000| PB 0x00000000e4d00000| Untracked 
|  78|0x00000000e4e00000, 0x00000000e4e00000, 0x00000000e4f00000|  0%| F|  |TAMS 0x00000000e4e00000| PB 0x00000000e4e00000| Untracked 
|  79|0x00000000e4f00000, 0x00000000e5000000, 0x00000000e5000000|100%| O|  |TAMS 0x00000000e4f00000| PB 0x00000000e4f00000| Untracked 
|  80|0x00000000e5000000, 0x00000000e5100000, 0x00000000e5100000|100%| O|  |TAMS 0x00000000e5000000| PB 0x00000000e5000000| Untracked 
|  81|0x00000000e5100000, 0x00000000e5200000, 0x00000000e5200000|100%| O|  |TAMS 0x00000000e5100000| PB 0x00000000e5100000| Untracked 
|  82|0x00000000e5200000, 0x00000000e5300000, 0x00000000e5300000|100%| O|  |TAMS 0x00000000e5200000| PB 0x00000000e5200000| Untracked 
|  83|0x00000000e5300000, 0x00000000e5400000, 0x00000000e5400000|100%| O|  |TAMS 0x00000000e5300000| PB 0x00000000e5300000| Untracked 
|  84|0x00000000e5400000, 0x00000000e5500000, 0x00000000e5500000|100%| O|  |TAMS 0x00000000e5400000| PB 0x00000000e5400000| Untracked 
|  85|0x00000000e5500000, 0x00000000e5600000, 0x00000000e5600000|100%| O|  |TAMS 0x00000000e5500000| PB 0x00000000e5500000| Untracked 
|  86|0x00000000e5600000, 0x00000000e5700000, 0x00000000e5700000|100%| O|Cm|TAMS 0x00000000e5600000| PB 0x00000000e5600000| Complete 
|  87|0x00000000e5700000, 0x00000000e5800000, 0x00000000e5800000|100%| O|  |TAMS 0x00000000e5700000| PB 0x00000000e5700000| Untracked 
|  88|0x00000000e5800000, 0x00000000e5900000, 0x00000000e5900000|100%| O|  |TAMS 0x00000000e5800000| PB 0x00000000e5800000| Untracked 
|  89|0x00000000e5900000, 0x00000000e5a00000, 0x00000000e5a00000|100%| O|  |TAMS 0x00000000e5900000| PB 0x00000000e5900000| Untracked 
|  90|0x00000000e5a00000, 0x00000000e5b00000, 0x00000000e5b00000|100%| O|  |TAMS 0x00000000e5a00000| PB 0x00000000e5a00000| Untracked 
|  91|0x00000000e5b00000, 0x00000000e5c00000, 0x00000000e5c00000|100%| O|  |TAMS 0x00000000e5b00000| PB 0x00000000e5b00000| Untracked 
|  92|0x00000000e5c00000, 0x00000000e5d00000, 0x00000000e5d00000|100%| O|  |TAMS 0x00000000e5c00000| PB 0x00000000e5c00000| Untracked 
|  93|0x00000000e5d00000, 0x00000000e5e00000, 0x00000000e5e00000|100%| O|  |TAMS 0x00000000e5d00000| PB 0x00000000e5d00000| Untracked 
|  94|0x00000000e5e00000, 0x00000000e5e00000, 0x00000000e5f00000|  0%| F|  |TAMS 0x00000000e5e00000| PB 0x00000000e5e00000| Untracked 
|  95|0x00000000e5f00000, 0x00000000e6000000, 0x00000000e6000000|100%| O|Cm|TAMS 0x00000000e5f00000| PB 0x00000000e5f00000| Complete 
|  96|0x00000000e6000000, 0x00000000e6000000, 0x00000000e6100000|  0%| F|  |TAMS 0x00000000e6000000| PB 0x00000000e6000000| Untracked 
|  97|0x00000000e6100000, 0x00000000e6200000, 0x00000000e6200000|100%| O|  |TAMS 0x00000000e6100000| PB 0x00000000e6100000| Untracked 
|  98|0x00000000e6200000, 0x00000000e6300000, 0x00000000e6300000|100%| O|  |TAMS 0x00000000e6200000| PB 0x00000000e6200000| Untracked 
|  99|0x00000000e6300000, 0x00000000e6400000, 0x00000000e6400000|100%| O|Cm|TAMS 0x00000000e6300000| PB 0x00000000e6300000| Complete 
| 100|0x00000000e6400000, 0x00000000e6500000, 0x00000000e6500000|100%| O|Cm|TAMS 0x00000000e6400000| PB 0x00000000e6400000| Complete 
| 101|0x00000000e6500000, 0x00000000e6600000, 0x00000000e6600000|100%| O|Cm|TAMS 0x00000000e6500000| PB 0x00000000e6500000| Complete 
| 102|0x00000000e6600000, 0x00000000e6700000, 0x00000000e6700000|100%| O|  |TAMS 0x00000000e6600000| PB 0x00000000e6600000| Untracked 
| 103|0x00000000e6700000, 0x00000000e6800000, 0x00000000e6800000|100%| O|Cm|TAMS 0x00000000e6700000| PB 0x00000000e6700000| Complete 
| 104|0x00000000e6800000, 0x00000000e6900000, 0x00000000e6900000|100%| O|Cm|TAMS 0x00000000e6800000| PB 0x00000000e6800000| Complete 
| 105|0x00000000e6900000, 0x00000000e6a00000, 0x00000000e6a00000|100%| O|Cm|TAMS 0x00000000e6900000| PB 0x00000000e6900000| Complete 
| 106|0x00000000e6a00000, 0x00000000e6b00000, 0x00000000e6b00000|100%| O|Cm|TAMS 0x00000000e6a00000| PB 0x00000000e6a00000| Complete 
| 107|0x00000000e6b00000, 0x00000000e6c00000, 0x00000000e6c00000|100%| O|Cm|TAMS 0x00000000e6b00000| PB 0x00000000e6b00000| Complete 
| 108|0x00000000e6c00000, 0x00000000e6d00000, 0x00000000e6d00000|100%| O|Cm|TAMS 0x00000000e6c00000| PB 0x00000000e6c00000| Complete 
| 109|0x00000000e6d00000, 0x00000000e6d00000, 0x00000000e6e00000|  0%| F|  |TAMS 0x00000000e6d00000| PB 0x00000000e6d00000| Untracked 
| 110|0x00000000e6e00000, 0x00000000e6e00000, 0x00000000e6f00000|  0%| F|  |TAMS 0x00000000e6e00000| PB 0x00000000e6e00000| Untracked 
| 111|0x00000000e6f00000, 0x00000000e6f00000, 0x00000000e7000000|  0%| F|  |TAMS 0x00000000e6f00000| PB 0x00000000e6f00000| Untracked 
| 112|0x00000000e7000000, 0x00000000e7100000, 0x00000000e7100000|100%| O|  |TAMS 0x00000000e7000000| PB 0x00000000e7000000| Untracked 
| 113|0x00000000e7100000, 0x00000000e7200000, 0x00000000e7200000|100%| O|  |TAMS 0x00000000e7100000| PB 0x00000000e7100000| Untracked 
| 114|0x00000000e7200000, 0x00000000e7300000, 0x00000000e7300000|100%| O|  |TAMS 0x00000000e7200000| PB 0x00000000e7200000| Untracked 
| 115|0x00000000e7300000, 0x00000000e7400000, 0x00000000e7400000|100%| O|  |TAMS 0x00000000e7300000| PB 0x00000000e7300000| Untracked 
| 116|0x00000000e7400000, 0x00000000e7500000, 0x00000000e7500000|100%| O|  |TAMS 0x00000000e7400000| PB 0x00000000e7400000| Untracked 
| 117|0x00000000e7500000, 0x00000000e7600000, 0x00000000e7600000|100%| O|Cm|TAMS 0x00000000e7500000| PB 0x00000000e7500000| Complete 
| 118|0x00000000e7600000, 0x00000000e7700000, 0x00000000e7700000|100%| O|  |TAMS 0x00000000e7600000| PB 0x00000000e7600000| Untracked 
| 119|0x00000000e7700000, 0x00000000e7800000, 0x00000000e7800000|100%| O|Cm|TAMS 0x00000000e7700000| PB 0x00000000e7700000| Complete 
| 120|0x00000000e7800000, 0x00000000e7900000, 0x00000000e7900000|100%| O|  |TAMS 0x00000000e7800000| PB 0x00000000e7800000| Untracked 
| 121|0x00000000e7900000, 0x00000000e7a00000, 0x00000000e7a00000|100%| O|  |TAMS 0x00000000e7900000| PB 0x00000000e7900000| Untracked 
| 122|0x00000000e7a00000, 0x00000000e7b00000, 0x00000000e7b00000|100%| O|  |TAMS 0x00000000e7a00000| PB 0x00000000e7a00000| Untracked 
| 123|0x00000000e7b00000, 0x00000000e7c00000, 0x00000000e7c00000|100%| O|Cm|TAMS 0x00000000e7b00000| PB 0x00000000e7b00000| Complete 
| 124|0x00000000e7c00000, 0x00000000e7d00000, 0x00000000e7d00000|100%| O|Cm|TAMS 0x00000000e7c00000| PB 0x00000000e7c00000| Complete 
| 125|0x00000000e7d00000, 0x00000000e7d00000, 0x00000000e7e00000|  0%| F|  |TAMS 0x00000000e7d00000| PB 0x00000000e7d00000| Untracked 
| 126|0x00000000e7e00000, 0x00000000e7f00000, 0x00000000e7f00000|100%| O|Cm|TAMS 0x00000000e7e00000| PB 0x00000000e7e00000| Complete 
| 127|0x00000000e7f00000, 0x00000000e8000000, 0x00000000e8000000|100%| O|  |TAMS 0x00000000e7f00000| PB 0x00000000e7f00000| Untracked 
| 128|0x00000000e8000000, 0x00000000e8100000, 0x00000000e8100000|100%| O|Cm|TAMS 0x00000000e8000000| PB 0x00000000e8000000| Complete 
| 129|0x00000000e8100000, 0x00000000e8200000, 0x00000000e8200000|100%| O|Cm|TAMS 0x00000000e8100000| PB 0x00000000e8100000| Complete 
| 130|0x00000000e8200000, 0x00000000e8300000, 0x00000000e8300000|100%| O|Cm|TAMS 0x00000000e8200000| PB 0x00000000e8200000| Complete 
| 131|0x00000000e8300000, 0x00000000e8400000, 0x00000000e8400000|100%| O|Cm|TAMS 0x00000000e8300000| PB 0x00000000e8300000| Complete 
| 132|0x00000000e8400000, 0x00000000e8500000, 0x00000000e8500000|100%| O|Cm|TAMS 0x00000000e8400000| PB 0x00000000e8400000| Complete 
| 133|0x00000000e8500000, 0x00000000e8600000, 0x00000000e8600000|100%| O|  |TAMS 0x00000000e8500000| PB 0x00000000e8500000| Untracked 
| 134|0x00000000e8600000, 0x00000000e8700000, 0x00000000e8700000|100%| O|Cm|TAMS 0x00000000e8600000| PB 0x00000000e8600000| Complete 
| 135|0x00000000e8700000, 0x00000000e8800000, 0x00000000e8800000|100%| O|  |TAMS 0x00000000e8700000| PB 0x00000000e8700000| Untracked 
| 136|0x00000000e8800000, 0x00000000e8900000, 0x00000000e8900000|100%| O|  |TAMS 0x00000000e8800000| PB 0x00000000e8800000| Untracked 
| 137|0x00000000e8900000, 0x00000000e8a00000, 0x00000000e8a00000|100%| O|Cm|TAMS 0x00000000e8900000| PB 0x00000000e8900000| Complete 
| 138|0x00000000e8a00000, 0x00000000e8b00000, 0x00000000e8b00000|100%| O|Cm|TAMS 0x00000000e8a00000| PB 0x00000000e8a00000| Complete 
| 139|0x00000000e8b00000, 0x00000000e8c00000, 0x00000000e8c00000|100%| O|Cm|TAMS 0x00000000e8b00000| PB 0x00000000e8b00000| Complete 
| 140|0x00000000e8c00000, 0x00000000e8d00000, 0x00000000e8d00000|100%| O|Cm|TAMS 0x00000000e8c00000| PB 0x00000000e8c00000| Complete 
| 141|0x00000000e8d00000, 0x00000000e8e00000, 0x00000000e8e00000|100%| O|Cm|TAMS 0x00000000e8d00000| PB 0x00000000e8d00000| Complete 
| 142|0x00000000e8e00000, 0x00000000e8f00000, 0x00000000e8f00000|100%| O|Cm|TAMS 0x00000000e8e00000| PB 0x00000000e8e00000| Complete 
| 143|0x00000000e8f00000, 0x00000000e9000000, 0x00000000e9000000|100%| O|  |TAMS 0x00000000e8f00000| PB 0x00000000e8f00000| Untracked 
| 144|0x00000000e9000000, 0x00000000e9100000, 0x00000000e9100000|100%| O|Cm|TAMS 0x00000000e9000000| PB 0x00000000e9000000| Complete 
| 145|0x00000000e9100000, 0x00000000e9200000, 0x00000000e9200000|100%| O|Cm|TAMS 0x00000000e9100000| PB 0x00000000e9100000| Complete 
| 146|0x00000000e9200000, 0x00000000e9300000, 0x00000000e9300000|100%| O|Cm|TAMS 0x00000000e9200000| PB 0x00000000e9200000| Complete 
| 147|0x00000000e9300000, 0x00000000e9300000, 0x00000000e9400000|  0%| F|  |TAMS 0x00000000e9300000| PB 0x00000000e9300000| Untracked 
| 148|0x00000000e9400000, 0x00000000e9400000, 0x00000000e9500000|  0%| F|  |TAMS 0x00000000e9400000| PB 0x00000000e9400000| Untracked 
| 149|0x00000000e9500000, 0x00000000e9600000, 0x00000000e9600000|100%| O|  |TAMS 0x00000000e9500000| PB 0x00000000e9500000| Untracked 
| 150|0x00000000e9600000, 0x00000000e9700000, 0x00000000e9700000|100%| O|  |TAMS 0x00000000e9600000| PB 0x00000000e9600000| Untracked 
| 151|0x00000000e9700000, 0x00000000e9800000, 0x00000000e9800000|100%| O|  |TAMS 0x00000000e9700000| PB 0x00000000e9700000| Untracked 
| 152|0x00000000e9800000, 0x00000000e9900000, 0x00000000e9900000|100%| O|  |TAMS 0x00000000e9800000| PB 0x00000000e9800000| Untracked 
| 153|0x00000000e9900000, 0x00000000e9a00000, 0x00000000e9a00000|100%| O|  |TAMS 0x00000000e9900000| PB 0x00000000e9900000| Untracked 
| 154|0x00000000e9a00000, 0x00000000e9b00000, 0x00000000e9b00000|100%| O|Cm|TAMS 0x00000000e9a00000| PB 0x00000000e9a00000| Complete 
| 155|0x00000000e9b00000, 0x00000000e9c00000, 0x00000000e9c00000|100%| O|Cm|TAMS 0x00000000e9b00000| PB 0x00000000e9b00000| Complete 
| 156|0x00000000e9c00000, 0x00000000e9d00000, 0x00000000e9d00000|100%| O|Cm|TAMS 0x00000000e9c00000| PB 0x00000000e9c00000| Complete 
| 157|0x00000000e9d00000, 0x00000000e9d00000, 0x00000000e9e00000|  0%| F|  |TAMS 0x00000000e9d00000| PB 0x00000000e9d00000| Untracked 
| 158|0x00000000e9e00000, 0x00000000e9f00000, 0x00000000e9f00000|100%| O|Cm|TAMS 0x00000000e9e00000| PB 0x00000000e9e00000| Complete 
| 159|0x00000000e9f00000, 0x00000000ea000000, 0x00000000ea000000|100%| O|Cm|TAMS 0x00000000e9f00000| PB 0x00000000e9f00000| Complete 
| 160|0x00000000ea000000, 0x00000000ea100000, 0x00000000ea100000|100%| O|Cm|TAMS 0x00000000ea000000| PB 0x00000000ea000000| Complete 
| 161|0x00000000ea100000, 0x00000000ea200000, 0x00000000ea200000|100%| O|Cm|TAMS 0x00000000ea100000| PB 0x00000000ea100000| Complete 
| 162|0x00000000ea200000, 0x00000000ea300000, 0x00000000ea300000|100%| O|  |TAMS 0x00000000ea200000| PB 0x00000000ea200000| Untracked 
| 163|0x00000000ea300000, 0x00000000ea400000, 0x00000000ea400000|100%| O|  |TAMS 0x00000000ea300000| PB 0x00000000ea300000| Untracked 
| 164|0x00000000ea400000, 0x00000000ea500000, 0x00000000ea500000|100%| O|  |TAMS 0x00000000ea400000| PB 0x00000000ea400000| Untracked 
| 165|0x00000000ea500000, 0x00000000ea600000, 0x00000000ea600000|100%| O|  |TAMS 0x00000000ea500000| PB 0x00000000ea500000| Untracked 
| 166|0x00000000ea600000, 0x00000000ea600000, 0x00000000ea700000|  0%| F|  |TAMS 0x00000000ea600000| PB 0x00000000ea600000| Untracked 
| 167|0x00000000ea700000, 0x00000000ea700000, 0x00000000ea800000|  0%| F|  |TAMS 0x00000000ea700000| PB 0x00000000ea700000| Untracked 
| 168|0x00000000ea800000, 0x00000000ea800000, 0x00000000ea900000|  0%| F|  |TAMS 0x00000000ea800000| PB 0x00000000ea800000| Untracked 
| 169|0x00000000ea900000, 0x00000000ea900000, 0x00000000eaa00000|  0%| F|  |TAMS 0x00000000ea900000| PB 0x00000000ea900000| Untracked 
| 170|0x00000000eaa00000, 0x00000000eaa00000, 0x00000000eab00000|  0%| F|  |TAMS 0x00000000eaa00000| PB 0x00000000eaa00000| Untracked 
| 171|0x00000000eab00000, 0x00000000eab00000, 0x00000000eac00000|  0%| F|  |TAMS 0x00000000eab00000| PB 0x00000000eab00000| Untracked 
| 172|0x00000000eac00000, 0x00000000eac00000, 0x00000000ead00000|  0%| F|  |TAMS 0x00000000eac00000| PB 0x00000000eac00000| Untracked 
| 173|0x00000000ead00000, 0x00000000ead00000, 0x00000000eae00000|  0%| F|  |TAMS 0x00000000ead00000| PB 0x00000000ead00000| Untracked 
| 174|0x00000000eae00000, 0x00000000eae00000, 0x00000000eaf00000|  0%| F|  |TAMS 0x00000000eae00000| PB 0x00000000eae00000| Untracked 
| 175|0x00000000eaf00000, 0x00000000eaf00000, 0x00000000eb000000|  0%| F|  |TAMS 0x00000000eaf00000| PB 0x00000000eaf00000| Untracked 
| 176|0x00000000eb000000, 0x00000000eb000000, 0x00000000eb100000|  0%| F|  |TAMS 0x00000000eb000000| PB 0x00000000eb000000| Untracked 
| 177|0x00000000eb100000, 0x00000000eb100000, 0x00000000eb200000|  0%| F|  |TAMS 0x00000000eb100000| PB 0x00000000eb100000| Untracked 
| 178|0x00000000eb200000, 0x00000000eb200000, 0x00000000eb300000|  0%| F|  |TAMS 0x00000000eb200000| PB 0x00000000eb200000| Untracked 
| 179|0x00000000eb300000, 0x00000000eb300000, 0x00000000eb400000|  0%| F|  |TAMS 0x00000000eb300000| PB 0x00000000eb300000| Untracked 
| 180|0x00000000eb400000, 0x00000000eb400000, 0x00000000eb500000|  0%| F|  |TAMS 0x00000000eb400000| PB 0x00000000eb400000| Untracked 
| 181|0x00000000eb500000, 0x00000000eb500000, 0x00000000eb600000|  0%| F|  |TAMS 0x00000000eb500000| PB 0x00000000eb500000| Untracked 
| 182|0x00000000eb600000, 0x00000000eb600000, 0x00000000eb700000|  0%| F|  |TAMS 0x00000000eb600000| PB 0x00000000eb600000| Untracked 
| 183|0x00000000eb700000, 0x00000000eb700000, 0x00000000eb800000|  0%| F|  |TAMS 0x00000000eb700000| PB 0x00000000eb700000| Untracked 
| 184|0x00000000eb800000, 0x00000000eb800000, 0x00000000eb900000|  0%| F|  |TAMS 0x00000000eb800000| PB 0x00000000eb800000| Untracked 
| 185|0x00000000eb900000, 0x00000000eb900000, 0x00000000eba00000|  0%| F|  |TAMS 0x00000000eb900000| PB 0x00000000eb900000| Untracked 
| 186|0x00000000eba00000, 0x00000000eba00000, 0x00000000ebb00000|  0%| F|  |TAMS 0x00000000eba00000| PB 0x00000000eba00000| Untracked 
| 187|0x00000000ebb00000, 0x00000000ebb00000, 0x00000000ebc00000|  0%| F|  |TAMS 0x00000000ebb00000| PB 0x00000000ebb00000| Untracked 
| 188|0x00000000ebc00000, 0x00000000ebc00000, 0x00000000ebd00000|  0%| F|  |TAMS 0x00000000ebc00000| PB 0x00000000ebc00000| Untracked 
| 189|0x00000000ebd00000, 0x00000000ebd00000, 0x00000000ebe00000|  0%| F|  |TAMS 0x00000000ebd00000| PB 0x00000000ebd00000| Untracked 
| 190|0x00000000ebe00000, 0x00000000ebe00000, 0x00000000ebf00000|  0%| F|  |TAMS 0x00000000ebe00000| PB 0x00000000ebe00000| Untracked 
| 191|0x00000000ebf00000, 0x00000000ebf00000, 0x00000000ec000000|  0%| F|  |TAMS 0x00000000ebf00000| PB 0x00000000ebf00000| Untracked 
| 192|0x00000000ec000000, 0x00000000ec000000, 0x00000000ec100000|  0%| F|  |TAMS 0x00000000ec000000| PB 0x00000000ec000000| Untracked 
| 193|0x00000000ec100000, 0x00000000ec100000, 0x00000000ec200000|  0%| F|  |TAMS 0x00000000ec100000| PB 0x00000000ec100000| Untracked 
| 194|0x00000000ec200000, 0x00000000ec200000, 0x00000000ec300000|  0%| F|  |TAMS 0x00000000ec200000| PB 0x00000000ec200000| Untracked 
| 195|0x00000000ec300000, 0x00000000ec300000, 0x00000000ec400000|  0%| F|  |TAMS 0x00000000ec300000| PB 0x00000000ec300000| Untracked 
| 196|0x00000000ec400000, 0x00000000ec400000, 0x00000000ec500000|  0%| F|  |TAMS 0x00000000ec400000| PB 0x00000000ec400000| Untracked 
| 197|0x00000000ec500000, 0x00000000ec500000, 0x00000000ec600000|  0%| F|  |TAMS 0x00000000ec500000| PB 0x00000000ec500000| Untracked 
| 198|0x00000000ec600000, 0x00000000ec600000, 0x00000000ec700000|  0%| F|  |TAMS 0x00000000ec600000| PB 0x00000000ec600000| Untracked 
| 199|0x00000000ec700000, 0x00000000ec800000, 0x00000000ec800000|100%| S|CS|TAMS 0x00000000ec700000| PB 0x00000000ec700000| Complete 
| 200|0x00000000ec800000, 0x00000000ec900000, 0x00000000ec900000|100%| S|CS|TAMS 0x00000000ec800000| PB 0x00000000ec800000| Complete 
| 201|0x00000000ec900000, 0x00000000eca00000, 0x00000000eca00000|100%| S|CS|TAMS 0x00000000ec900000| PB 0x00000000ec900000| Complete 
| 202|0x00000000eca00000, 0x00000000ecb00000, 0x00000000ecb00000|100%| S|CS|TAMS 0x00000000eca00000| PB 0x00000000eca00000| Complete 
| 203|0x00000000ecb00000, 0x00000000ecc00000, 0x00000000ecc00000|100%| S|CS|TAMS 0x00000000ecb00000| PB 0x00000000ecb00000| Complete 
| 204|0x00000000ecc00000, 0x00000000ecd00000, 0x00000000ecd00000|100%| S|CS|TAMS 0x00000000ecc00000| PB 0x00000000ecc00000| Complete 
| 205|0x00000000ecd00000, 0x00000000ecd00000, 0x00000000ece00000|  0%| F|  |TAMS 0x00000000ecd00000| PB 0x00000000ecd00000| Untracked 
| 206|0x00000000ece00000, 0x00000000ece00000, 0x00000000ecf00000|  0%| F|  |TAMS 0x00000000ece00000| PB 0x00000000ece00000| Untracked 
| 207|0x00000000ecf00000, 0x00000000ecf00000, 0x00000000ed000000|  0%| F|  |TAMS 0x00000000ecf00000| PB 0x00000000ecf00000| Untracked 
| 208|0x00000000ed000000, 0x00000000ed000000, 0x00000000ed100000|  0%| F|  |TAMS 0x00000000ed000000| PB 0x00000000ed000000| Untracked 
| 209|0x00000000ed100000, 0x00000000ed100000, 0x00000000ed200000|  0%| F|  |TAMS 0x00000000ed100000| PB 0x00000000ed100000| Untracked 
| 210|0x00000000ed200000, 0x00000000ed200000, 0x00000000ed300000|  0%| F|  |TAMS 0x00000000ed200000| PB 0x00000000ed200000| Untracked 
| 211|0x00000000ed300000, 0x00000000ed300000, 0x00000000ed400000|  0%| F|  |TAMS 0x00000000ed300000| PB 0x00000000ed300000| Untracked 
| 212|0x00000000ed400000, 0x00000000ed400000, 0x00000000ed500000|  0%| F|  |TAMS 0x00000000ed400000| PB 0x00000000ed400000| Untracked 
| 213|0x00000000ed500000, 0x00000000ed500000, 0x00000000ed600000|  0%| F|  |TAMS 0x00000000ed500000| PB 0x00000000ed500000| Untracked 
| 214|0x00000000ed600000, 0x00000000ed600000, 0x00000000ed700000|  0%| F|  |TAMS 0x00000000ed600000| PB 0x00000000ed600000| Untracked 
| 215|0x00000000ed700000, 0x00000000ed700000, 0x00000000ed800000|  0%| F|  |TAMS 0x00000000ed700000| PB 0x00000000ed700000| Untracked 
| 216|0x00000000ed800000, 0x00000000ed800000, 0x00000000ed900000|  0%| F|  |TAMS 0x00000000ed800000| PB 0x00000000ed800000| Untracked 
| 217|0x00000000ed900000, 0x00000000ed900000, 0x00000000eda00000|  0%| F|  |TAMS 0x00000000ed900000| PB 0x00000000ed900000| Untracked 
| 218|0x00000000eda00000, 0x00000000eda00000, 0x00000000edb00000|  0%| F|  |TAMS 0x00000000eda00000| PB 0x00000000eda00000| Untracked 
| 219|0x00000000edb00000, 0x00000000edb00000, 0x00000000edc00000|  0%| F|  |TAMS 0x00000000edb00000| PB 0x00000000edb00000| Untracked 
| 220|0x00000000edc00000, 0x00000000edc00000, 0x00000000edd00000|  0%| F|  |TAMS 0x00000000edc00000| PB 0x00000000edc00000| Untracked 
| 221|0x00000000edd00000, 0x00000000edd00000, 0x00000000ede00000|  0%| F|  |TAMS 0x00000000edd00000| PB 0x00000000edd00000| Untracked 
| 222|0x00000000ede00000, 0x00000000ede00000, 0x00000000edf00000|  0%| F|  |TAMS 0x00000000ede00000| PB 0x00000000ede00000| Untracked 
| 223|0x00000000edf00000, 0x00000000edf00000, 0x00000000ee000000|  0%| F|  |TAMS 0x00000000edf00000| PB 0x00000000edf00000| Untracked 
| 224|0x00000000ee000000, 0x00000000ee000000, 0x00000000ee100000|  0%| F|  |TAMS 0x00000000ee000000| PB 0x00000000ee000000| Untracked 
| 225|0x00000000ee100000, 0x00000000ee100000, 0x00000000ee200000|  0%| F|  |TAMS 0x00000000ee100000| PB 0x00000000ee100000| Untracked 
| 226|0x00000000ee200000, 0x00000000ee200000, 0x00000000ee300000|  0%| F|  |TAMS 0x00000000ee200000| PB 0x00000000ee200000| Untracked 
| 227|0x00000000ee300000, 0x00000000ee300000, 0x00000000ee400000|  0%| F|  |TAMS 0x00000000ee300000| PB 0x00000000ee300000| Untracked 
| 228|0x00000000ee400000, 0x00000000ee400000, 0x00000000ee500000|  0%| F|  |TAMS 0x00000000ee400000| PB 0x00000000ee400000| Untracked 
| 229|0x00000000ee500000, 0x00000000ee500000, 0x00000000ee600000|  0%| F|  |TAMS 0x00000000ee500000| PB 0x00000000ee500000| Untracked 
| 230|0x00000000ee600000, 0x00000000ee600000, 0x00000000ee700000|  0%| F|  |TAMS 0x00000000ee600000| PB 0x00000000ee600000| Untracked 
| 231|0x00000000ee700000, 0x00000000ee700000, 0x00000000ee800000|  0%| F|  |TAMS 0x00000000ee700000| PB 0x00000000ee700000| Untracked 
| 232|0x00000000ee800000, 0x00000000ee800000, 0x00000000ee900000|  0%| F|  |TAMS 0x00000000ee800000| PB 0x00000000ee800000| Untracked 
| 233|0x00000000ee900000, 0x00000000ee900000, 0x00000000eea00000|  0%| F|  |TAMS 0x00000000ee900000| PB 0x00000000ee900000| Untracked 
| 234|0x00000000eea00000, 0x00000000eea00000, 0x00000000eeb00000|  0%| F|  |TAMS 0x00000000eea00000| PB 0x00000000eea00000| Untracked 
| 235|0x00000000eeb00000, 0x00000000eeb00000, 0x00000000eec00000|  0%| F|  |TAMS 0x00000000eeb00000| PB 0x00000000eeb00000| Untracked 
| 236|0x00000000eec00000, 0x00000000eec00000, 0x00000000eed00000|  0%| F|  |TAMS 0x00000000eec00000| PB 0x00000000eec00000| Untracked 
| 237|0x00000000eed00000, 0x00000000eed00000, 0x00000000eee00000|  0%| F|  |TAMS 0x00000000eed00000| PB 0x00000000eed00000| Untracked 
| 238|0x00000000eee00000, 0x00000000eee00000, 0x00000000eef00000|  0%| F|  |TAMS 0x00000000eee00000| PB 0x00000000eee00000| Untracked 
| 239|0x00000000eef00000, 0x00000000eef00000, 0x00000000ef000000|  0%| F|  |TAMS 0x00000000eef00000| PB 0x00000000eef00000| Untracked 
| 240|0x00000000ef000000, 0x00000000ef000000, 0x00000000ef100000|  0%| F|  |TAMS 0x00000000ef000000| PB 0x00000000ef000000| Untracked 
| 241|0x00000000ef100000, 0x00000000ef100000, 0x00000000ef200000|  0%| F|  |TAMS 0x00000000ef100000| PB 0x00000000ef100000| Untracked 
| 242|0x00000000ef200000, 0x00000000ef200000, 0x00000000ef300000|  0%| F|  |TAMS 0x00000000ef200000| PB 0x00000000ef200000| Untracked 
| 243|0x00000000ef300000, 0x00000000ef300000, 0x00000000ef400000|  0%| F|  |TAMS 0x00000000ef300000| PB 0x00000000ef300000| Untracked 
| 244|0x00000000ef400000, 0x00000000ef400000, 0x00000000ef500000|  0%| F|  |TAMS 0x00000000ef400000| PB 0x00000000ef400000| Untracked 
| 245|0x00000000ef500000, 0x00000000ef500000, 0x00000000ef600000|  0%| F|  |TAMS 0x00000000ef500000| PB 0x00000000ef500000| Untracked 
| 246|0x00000000ef600000, 0x00000000ef600000, 0x00000000ef700000|  0%| F|  |TAMS 0x00000000ef600000| PB 0x00000000ef600000| Untracked 
| 247|0x00000000ef700000, 0x00000000ef700000, 0x00000000ef800000|  0%| F|  |TAMS 0x00000000ef700000| PB 0x00000000ef700000| Untracked 
| 248|0x00000000ef800000, 0x00000000ef800000, 0x00000000ef900000|  0%| F|  |TAMS 0x00000000ef800000| PB 0x00000000ef800000| Untracked 
| 249|0x00000000ef900000, 0x00000000ef900000, 0x00000000efa00000|  0%| F|  |TAMS 0x00000000ef900000| PB 0x00000000ef900000| Untracked 
| 250|0x00000000efa00000, 0x00000000efa00000, 0x00000000efb00000|  0%| F|  |TAMS 0x00000000efa00000| PB 0x00000000efa00000| Untracked 
| 251|0x00000000efb00000, 0x00000000efb00000, 0x00000000efc00000|  0%| F|  |TAMS 0x00000000efb00000| PB 0x00000000efb00000| Untracked 
| 252|0x00000000efc00000, 0x00000000efc00000, 0x00000000efd00000|  0%| F|  |TAMS 0x00000000efc00000| PB 0x00000000efc00000| Untracked 
| 253|0x00000000efd00000, 0x00000000efd00000, 0x00000000efe00000|  0%| F|  |TAMS 0x00000000efd00000| PB 0x00000000efd00000| Untracked 
| 254|0x00000000efe00000, 0x00000000efe00000, 0x00000000eff00000|  0%| F|  |TAMS 0x00000000efe00000| PB 0x00000000efe00000| Untracked 
| 255|0x00000000eff00000, 0x00000000eff00000, 0x00000000f0000000|  0%| F|  |TAMS 0x00000000eff00000| PB 0x00000000eff00000| Untracked 
| 256|0x00000000f0000000, 0x00000000f0000000, 0x00000000f0100000|  0%| F|  |TAMS 0x00000000f0000000| PB 0x00000000f0000000| Untracked 
| 257|0x00000000f0100000, 0x00000000f0100000, 0x00000000f0200000|  0%| F|  |TAMS 0x00000000f0100000| PB 0x00000000f0100000| Untracked 
| 258|0x00000000f0200000, 0x00000000f0200000, 0x00000000f0300000|  0%| F|  |TAMS 0x00000000f0200000| PB 0x00000000f0200000| Untracked 
| 259|0x00000000f0300000, 0x00000000f0300000, 0x00000000f0400000|  0%| F|  |TAMS 0x00000000f0300000| PB 0x00000000f0300000| Untracked 
| 260|0x00000000f0400000, 0x00000000f0400000, 0x00000000f0500000|  0%| F|  |TAMS 0x00000000f0400000| PB 0x00000000f0400000| Untracked 
| 261|0x00000000f0500000, 0x00000000f0500000, 0x00000000f0600000|  0%| F|  |TAMS 0x00000000f0500000| PB 0x00000000f0500000| Untracked 
| 262|0x00000000f0600000, 0x00000000f0600000, 0x00000000f0700000|  0%| F|  |TAMS 0x00000000f0600000| PB 0x00000000f0600000| Untracked 
| 263|0x00000000f0700000, 0x00000000f0700000, 0x00000000f0800000|  0%| F|  |TAMS 0x00000000f0700000| PB 0x00000000f0700000| Untracked 
| 264|0x00000000f0800000, 0x00000000f0800000, 0x00000000f0900000|  0%| F|  |TAMS 0x00000000f0800000| PB 0x00000000f0800000| Untracked 
| 265|0x00000000f0900000, 0x00000000f0900000, 0x00000000f0a00000|  0%| F|  |TAMS 0x00000000f0900000| PB 0x00000000f0900000| Untracked 
| 266|0x00000000f0a00000, 0x00000000f0a00000, 0x00000000f0b00000|  0%| F|  |TAMS 0x00000000f0a00000| PB 0x00000000f0a00000| Untracked 
| 267|0x00000000f0b00000, 0x00000000f0b00000, 0x00000000f0c00000|  0%| F|  |TAMS 0x00000000f0b00000| PB 0x00000000f0b00000| Untracked 
| 268|0x00000000f0c00000, 0x00000000f0c00000, 0x00000000f0d00000|  0%| F|  |TAMS 0x00000000f0c00000| PB 0x00000000f0c00000| Untracked 
| 269|0x00000000f0d00000, 0x00000000f0d00000, 0x00000000f0e00000|  0%| F|  |TAMS 0x00000000f0d00000| PB 0x00000000f0d00000| Untracked 
| 270|0x00000000f0e00000, 0x00000000f0ea6fb0, 0x00000000f0f00000| 65%| E|  |TAMS 0x00000000f0e00000| PB 0x00000000f0e00000| Complete 
| 271|0x00000000f0f00000, 0x00000000f1000000, 0x00000000f1000000|100%| E|CS|TAMS 0x00000000f0f00000| PB 0x00000000f0f00000| Complete 
| 272|0x00000000f1000000, 0x00000000f1100000, 0x00000000f1100000|100%| E|CS|TAMS 0x00000000f1000000| PB 0x00000000f1000000| Complete 
| 273|0x00000000f1100000, 0x00000000f1200000, 0x00000000f1200000|100%| E|CS|TAMS 0x00000000f1100000| PB 0x00000000f1100000| Complete 
| 494|0x00000000fee00000, 0x00000000fef00000, 0x00000000fef00000|100%| E|CS|TAMS 0x00000000fee00000| PB 0x00000000fee00000| Complete 
| 495|0x00000000fef00000, 0x00000000ff000000, 0x00000000ff000000|100%| E|CS|TAMS 0x00000000fef00000| PB 0x00000000fef00000| Complete 
| 496|0x00000000ff000000, 0x00000000ff100000, 0x00000000ff100000|100%| E|CS|TAMS 0x00000000ff000000| PB 0x00000000ff000000| Complete 
| 497|0x00000000ff100000, 0x00000000ff200000, 0x00000000ff200000|100%| E|CS|TAMS 0x00000000ff100000| PB 0x00000000ff100000| Complete 
| 498|0x00000000ff200000, 0x00000000ff300000, 0x00000000ff300000|100%| E|CS|TAMS 0x00000000ff200000| PB 0x00000000ff200000| Complete 
| 499|0x00000000ff300000, 0x00000000ff400000, 0x00000000ff400000|100%| E|CS|TAMS 0x00000000ff300000| PB 0x00000000ff300000| Complete 
| 500|0x00000000ff400000, 0x00000000ff500000, 0x00000000ff500000|100%| E|CS|TAMS 0x00000000ff400000| PB 0x00000000ff400000| Complete 
| 501|0x00000000ff500000, 0x00000000ff600000, 0x00000000ff600000|100%| E|CS|TAMS 0x00000000ff500000| PB 0x00000000ff500000| Complete 
| 502|0x00000000ff600000, 0x00000000ff700000, 0x00000000ff700000|100%| E|CS|TAMS 0x00000000ff600000| PB 0x00000000ff600000| Complete 
| 503|0x00000000ff700000, 0x00000000ff800000, 0x00000000ff800000|100%| E|CS|TAMS 0x00000000ff700000| PB 0x00000000ff700000| Complete 
| 504|0x00000000ff800000, 0x00000000ff900000, 0x00000000ff900000|100%| E|CS|TAMS 0x00000000ff800000| PB 0x00000000ff800000| Complete 
| 505|0x00000000ff900000, 0x00000000ffa00000, 0x00000000ffa00000|100%| E|CS|TAMS 0x00000000ff900000| PB 0x00000000ff900000| Complete 
| 506|0x00000000ffa00000, 0x00000000ffb00000, 0x00000000ffb00000|100%| E|CS|TAMS 0x00000000ffa00000| PB 0x00000000ffa00000| Complete 
| 507|0x00000000ffb00000, 0x00000000ffc00000, 0x00000000ffc00000|100%| E|CS|TAMS 0x00000000ffb00000| PB 0x00000000ffb00000| Complete 
| 508|0x00000000ffc00000, 0x00000000ffd00000, 0x00000000ffd00000|100%| E|CS|TAMS 0x00000000ffc00000| PB 0x00000000ffc00000| Complete 
| 509|0x00000000ffd00000, 0x00000000ffe00000, 0x00000000ffe00000|100%| E|CS|TAMS 0x00000000ffd00000| PB 0x00000000ffd00000| Complete 
| 510|0x00000000ffe00000, 0x00000000fff00000, 0x00000000fff00000|100%| O|  |TAMS 0x00000000ffe00000| PB 0x00000000ffe00000| Untracked 
| 511|0x00000000fff00000, 0x0000000100000000, 0x0000000100000000|100%| E|CS|TAMS 0x00000000fff00000| PB 0x00000000fff00000| Complete 

Card table byte_map: [0x000001da201c0000,0x000001da202c0000] _byte_map_base: 0x000001da1fac0000

Marking Bits: (CMBitMap*) 0x000001da0814ead0
 Bits: [0x000001da202c0000, 0x000001da20ac0000)

Polling page: 0x000001da05ff0000

Metaspace:

Usage:
  Non-class:    135.73 MB used.
      Class:     20.52 MB used.
       Both:    156.25 MB used.

Virtual space:
  Non-class space:      192.00 MB reserved,     137.06 MB ( 71%) committed,  3 nodes.
      Class space:      320.00 MB reserved,      21.81 MB (  7%) committed,  1 nodes.
             Both:      512.00 MB reserved,     158.88 MB ( 31%) committed. 

Chunk freelists:
   Non-Class:  6.69 MB
       Class:  10.21 MB
        Both:  16.90 MB

MaxMetaspaceSize: 384.00 MB
CompressedClassSpaceSize: 320.00 MB
Initial GC threshold: 21.00 MB
Current GC threshold: 264.38 MB
CDS: on
 - commit_granule_bytes: 65536.
 - commit_granule_words: 8192.
 - virtual_space_node_default_size: 8388608.
 - enlarge_chunks_in_place: 1.
 - use_allocation_guard: 0.


Internal statistics:

num_allocs_failed_limit: 15.
num_arena_births: 5080.
num_arena_deaths: 8.
num_vsnodes_births: 4.
num_vsnodes_deaths: 0.
num_space_committed: 2541.
num_space_uncommitted: 0.
num_chunks_returned_to_freelist: 30.
num_chunks_taken_from_freelist: 11983.
num_chunk_merges: 17.
num_chunk_splits: 8240.
num_chunks_enlarged: 5636.
num_inconsistent_stats: 0.

CodeHeap 'non-profiled nmethods': size=119168Kb used=10375Kb max_used=11794Kb free=108793Kb
 bounds [0x000001da183d0000, 0x000001da18f60000, 0x000001da1f830000]
CodeHeap 'profiled nmethods': size=119104Kb used=35816Kb max_used=42480Kb free=83287Kb
 bounds [0x000001da10830000, 0x000001da131b0000, 0x000001da17c80000]
CodeHeap 'non-nmethods': size=7488Kb used=2304Kb max_used=4068Kb free=5184Kb
 bounds [0x000001da17c80000, 0x000001da18090000, 0x000001da183d0000]
CodeCache: size=245760Kb, used=48495Kb, max_used=58342Kb, free=197264Kb
 total_blobs=16799, nmethods=15668, adapters=1033, full_count=0
Compilation: enabled, stopped_count=0, restarted_count=0

Compilation events (20 events):
Event: 322.382 Thread 0x000001da23af4170 nmethod 23261 0x000001da1171d210 code [0x000001da1171d420, 0x000001da1171d9e0]
Event: 322.384 Thread 0x000001da23af4170 23262       3       java.util.Random::<init> (12 bytes)
Event: 322.384 Thread 0x000001da23af4170 nmethod 23262 0x000001da112fd310 code [0x000001da112fd4e0, 0x000001da112fd690]
Event: 322.384 Thread 0x000001da23af4170 23263       3       java.util.Random::seedUniquifier (29 bytes)
Event: 322.385 Thread 0x000001da23af4170 nmethod 23263 0x000001da11222090 code [0x000001da11222240, 0x000001da11222448]
Event: 322.385 Thread 0x000001da23af4170 23264       3       java.util.Random::initialScramble (10 bytes)
Event: 322.385 Thread 0x000001da23af4170 nmethod 23264 0x000001da10ca9390 code [0x000001da10ca9520, 0x000001da10ca9628]
Event: 322.385 Thread 0x000001da23af4170 23265       3       org.gradle.internal.time.ExponentialBackoff::restartTimer (13 bytes)
Event: 322.385 Thread 0x000001da23af4170 nmethod 23265 0x000001da110c9090 code [0x000001da110c9240, 0x000001da110c93d8]
Event: 322.530 Thread 0x000001da23af4170 23266       3       org.gradle.internal.logging.serializer.ProgressStartEventSerializer::write (10 bytes)
Event: 322.532 Thread 0x000001da23af4170 nmethod 23266 0x000001da1123a410 code [0x000001da1123a5c0, 0x000001da1123a808]
Event: 322.532 Thread 0x000001da23af4170 23267       3       org.gradle.internal.logging.serializer.ProgressStartEventSerializer::write (383 bytes)
Event: 322.536 Thread 0x000001da23af4170 nmethod 23267 0x000001da111ad310 code [0x000001da111ad700, 0x000001da111af448]
Event: 322.536 Thread 0x000001da23af4170 23268       3       org.gradle.internal.operations.OperationIdentifier::equals (47 bytes)
Event: 322.536 Thread 0x000001da23af4170 nmethod 23268 0x000001da1184fc10 code [0x000001da1184fde0, 0x000001da11850188]
Event: 322.536 Thread 0x000001da23af4170 23269       3       org.gradle.internal.logging.serializer.ProgressCompleteEventSerializer::write (10 bytes)
Event: 322.537 Thread 0x000001da23af4170 nmethod 23269 0x000001da1125c510 code [0x000001da1125c6c0, 0x000001da1125c908]
Event: 322.537 Thread 0x000001da23af4170 23270       3       org.gradle.internal.logging.serializer.ProgressCompleteEventSerializer::write (44 bytes)
Event: 322.537 Thread 0x000001da23af4170 nmethod 23270 0x000001da116ffb90 code [0x000001da116ffd80, 0x000001da117002b0]
Event: 322.696 Thread 0x000001da23af4170 23271       3       java.util.concurrent.AbstractExecutorService::<init> (5 bytes)

GC Heap History (20 events):
Event: 230.680 GC heap before
{Heap before GC invocations=18 (full 0):
 garbage-first heap   total 266240K, used 243379K [0x00000000e0000000, 0x0000000100000000)
  region size 1024K, 143 young (146432K), 9 survivors (9216K)
 Metaspace       used 108360K, committed 110848K, reserved 458752K
  class space    used 15334K, committed 16576K, reserved 327680K
}
Event: 230.712 GC heap after
{Heap after GC invocations=19 (full 0):
 garbage-first heap   total 282624K, used 136192K [0x00000000e0000000, 0x0000000100000000)
  region size 1024K, 18 young (18432K), 18 survivors (18432K)
 Metaspace       used 108360K, committed 110848K, reserved 458752K
  class space    used 15334K, committed 16576K, reserved 327680K
}
Event: 232.579 GC heap before
{Heap before GC invocations=19 (full 0):
 garbage-first heap   total 282624K, used 238592K [0x00000000e0000000, 0x0000000100000000)
  region size 1024K, 119 young (121856K), 18 survivors (18432K)
 Metaspace       used 120103K, committed 122624K, reserved 458752K
  class space    used 16531K, committed 17792K, reserved 327680K
}
Event: 232.598 GC heap after
{Heap after GC invocations=20 (full 0):
 garbage-first heap   total 282624K, used 142291K [0x00000000e0000000, 0x0000000100000000)
  region size 1024K, 8 young (8192K), 8 survivors (8192K)
 Metaspace       used 120103K, committed 122624K, reserved 458752K
  class space    used 16531K, committed 17792K, reserved 327680K
}
Event: 234.130 GC heap before
{Heap before GC invocations=20 (full 0):
 garbage-first heap   total 282624K, used 241619K [0x00000000e0000000, 0x0000000100000000)
  region size 1024K, 106 young (108544K), 8 survivors (8192K)
 Metaspace       used 130363K, committed 132864K, reserved 458752K
  class space    used 17697K, committed 18944K, reserved 327680K
}
Event: 234.145 GC heap after
{Heap after GC invocations=21 (full 0):
 garbage-first heap   total 282624K, used 152122K [0x00000000e0000000, 0x0000000100000000)
  region size 1024K, 14 young (14336K), 14 survivors (14336K)
 Metaspace       used 130363K, committed 132864K, reserved 458752K
  class space    used 17697K, committed 18944K, reserved 327680K
}
Event: 235.876 GC heap before
{Heap before GC invocations=22 (full 0):
 garbage-first heap   total 282624K, used 246330K [0x00000000e0000000, 0x0000000100000000)
  region size 1024K, 106 young (108544K), 14 survivors (14336K)
 Metaspace       used 136898K, committed 139392K, reserved 458752K
  class space    used 18399K, committed 19648K, reserved 327680K
}
Event: 235.901 GC heap after
{Heap after GC invocations=23 (full 0):
 garbage-first heap   total 282624K, used 169873K [0x00000000e0000000, 0x0000000100000000)
  region size 1024K, 14 young (14336K), 14 survivors (14336K)
 Metaspace       used 136898K, committed 139392K, reserved 458752K
  class space    used 18399K, committed 19648K, reserved 327680K
}
Event: 237.483 GC heap before
{Heap before GC invocations=23 (full 0):
 garbage-first heap   total 282624K, used 248721K [0x00000000e0000000, 0x0000000100000000)
  region size 1024K, 91 young (93184K), 14 survivors (14336K)
 Metaspace       used 146603K, committed 149120K, reserved 458752K
  class space    used 19463K, committed 20672K, reserved 327680K
}
Event: 237.497 GC heap after
{Heap after GC invocations=24 (full 0):
 garbage-first heap   total 282624K, used 174842K [0x00000000e0000000, 0x0000000100000000)
  region size 1024K, 7 young (7168K), 7 survivors (7168K)
 Metaspace       used 146603K, committed 149120K, reserved 458752K
  class space    used 19463K, committed 20672K, reserved 327680K
}
Event: 239.579 GC heap before
{Heap before GC invocations=24 (full 0):
 garbage-first heap   total 282624K, used 252666K [0x00000000e0000000, 0x0000000100000000)
  region size 1024K, 83 young (84992K), 7 survivors (7168K)
 Metaspace       used 154800K, committed 157312K, reserved 524288K
  class space    used 20296K, committed 21504K, reserved 327680K
}
Event: 239.596 GC heap after
{Heap after GC invocations=25 (full 0):
 garbage-first heap   total 282624K, used 179163K [0x00000000e0000000, 0x0000000100000000)
  region size 1024K, 11 young (11264K), 11 survivors (11264K)
 Metaspace       used 154800K, committed 157312K, reserved 524288K
  class space    used 20296K, committed 21504K, reserved 327680K
}
Event: 251.236 GC heap before
{Heap before GC invocations=26 (full 0):
 garbage-first heap   total 299008K, used 255963K [0x00000000e0000000, 0x0000000100000000)
  region size 1024K, 86 young (88064K), 11 survivors (11264K)
 Metaspace       used 157887K, committed 160512K, reserved 524288K
  class space    used 20820K, committed 22080K, reserved 327680K
}
Event: 251.247 GC heap after
{Heap after GC invocations=27 (full 0):
 garbage-first heap   total 299008K, used 183710K [0x00000000e0000000, 0x0000000100000000)
  region size 1024K, 10 young (10240K), 10 survivors (10240K)
 Metaspace       used 157887K, committed 160512K, reserved 524288K
  class space    used 20820K, committed 22080K, reserved 327680K
}
Event: 276.624 GC heap before
{Heap before GC invocations=27 (full 0):
 garbage-first heap   total 299008K, used 270750K [0x00000000e0000000, 0x0000000100000000)
  region size 1024K, 96 young (98304K), 10 survivors (10240K)
 Metaspace       used 158705K, committed 161472K, reserved 524288K
  class space    used 20886K, committed 22208K, reserved 327680K
}
Event: 276.809 GC heap after
{Heap after GC invocations=28 (full 0):
 garbage-first heap   total 299008K, used 189094K [0x00000000e0000000, 0x0000000100000000)
  region size 1024K, 12 young (12288K), 12 survivors (12288K)
 Metaspace       used 158705K, committed 161472K, reserved 524288K
  class space    used 20886K, committed 22208K, reserved 327680K
}
Event: 291.307 GC heap before
{Heap before GC invocations=28 (full 0):
 garbage-first heap   total 299008K, used 272038K [0x00000000e0000000, 0x0000000100000000)
  region size 1024K, 94 young (96256K), 12 survivors (12288K)
 Metaspace       used 159634K, committed 162368K, reserved 524288K
  class space    used 20995K, committed 22336K, reserved 327680K
}
Event: 291.464 GC heap after
{Heap after GC invocations=29 (full 0):
 garbage-first heap   total 299008K, used 188977K [0x00000000e0000000, 0x0000000100000000)
  region size 1024K, 3 young (3072K), 3 survivors (3072K)
 Metaspace       used 159634K, committed 162368K, reserved 524288K
  class space    used 20995K, committed 22336K, reserved 327680K
}
Event: 321.231 GC heap before
{Heap before GC invocations=30 (full 0):
 garbage-first heap   total 299008K, used 250417K [0x00000000e0000000, 0x0000000100000000)
  region size 1024K, 89 young (91136K), 3 survivors (3072K)
 Metaspace       used 159910K, committed 162624K, reserved 524288K
  class space    used 21011K, committed 22336K, reserved 327680K
}
Event: 321.294 GC heap after
{Heap after GC invocations=31 (full 0):
 garbage-first heap   total 299008K, used 166912K [0x00000000e0000000, 0x0000000100000000)
  region size 1024K, 6 young (6144K), 6 survivors (6144K)
 Metaspace       used 159910K, committed 162624K, reserved 524288K
  class space    used 21011K, committed 22336K, reserved 327680K
}

Dll operation events (16 events):
Event: 0.110 Loaded shared library C:\Program Files\Eclipse Adoptium\jdk-21.0.10.7-hotspot\bin\java.dll
Event: 0.134 Loaded shared library C:\Program Files\Eclipse Adoptium\jdk-21.0.10.7-hotspot\bin\jsvml.dll
Event: 0.160 Loaded shared library C:\Program Files\Eclipse Adoptium\jdk-21.0.10.7-hotspot\bin\zip.dll
Event: 0.163 Loaded shared library C:\Program Files\Eclipse Adoptium\jdk-21.0.10.7-hotspot\bin\instrument.dll
Event: 0.166 Loaded shared library C:\Program Files\Eclipse Adoptium\jdk-21.0.10.7-hotspot\bin\net.dll
Event: 0.167 Loaded shared library C:\Program Files\Eclipse Adoptium\jdk-21.0.10.7-hotspot\bin\nio.dll
Event: 0.169 Loaded shared library C:\Program Files\Eclipse Adoptium\jdk-21.0.10.7-hotspot\bin\zip.dll
Event: 0.317 Loaded shared library C:\Program Files\Eclipse Adoptium\jdk-21.0.10.7-hotspot\bin\jimage.dll
Event: 0.424 Loaded shared library C:\Program Files\Eclipse Adoptium\jdk-21.0.10.7-hotspot\bin\verify.dll
Event: 0.443 Loaded shared library C:\Users\deepa\.gradle\native\1def1411415f61bf3af743bc5b6707747c0891f09f0c88961ee8f79bc544acac\windows-amd64\native-platform.dll
Event: 0.455 Loaded shared library C:\Users\deepa\.gradle\native\0.2.8\x86_64-windows-gnu\gradle-fileevents.dll
Event: 1.384 Loaded shared library C:\Program Files\Eclipse Adoptium\jdk-21.0.10.7-hotspot\bin\management.dll
Event: 1.386 Loaded shared library C:\Program Files\Eclipse Adoptium\jdk-21.0.10.7-hotspot\bin\management_ext.dll
Event: 1.528 Loaded shared library C:\Program Files\Eclipse Adoptium\jdk-21.0.10.7-hotspot\bin\extnet.dll
Event: 1.803 Loaded shared library C:\Program Files\Eclipse Adoptium\jdk-21.0.10.7-hotspot\bin\sunmscapi.dll
Event: 10.789 Loaded shared library C:\Program Files\Eclipse Adoptium\jdk-21.0.10.7-hotspot\bin\rmi.dll

Deoptimization events (20 events):
Event: 320.270 Thread 0x000001da6341e380 Uncommon trap: trap_request=0xffffff45 fr.pc=0x000001da18ec823c relative=0x000000000000033c
Event: 320.270 Thread 0x000001da6341e380 Uncommon trap: reason=unstable_if action=reinterpret pc=0x000001da18ec823c method=sun.nio.ch.IOUtil.writeFromNativeBuffer(Ljava/io/FileDescriptor;Ljava/nio/ByteBuffer;JZZILsun/nio/ch/NativeDispatcher;)I @ 153 c2
Event: 320.270 Thread 0x000001da6341e380 DEOPT PACKING pc=0x000001da18ec823c sp=0x000000a1812fed50
Event: 320.270 Thread 0x000001da6341e380 DEOPT UNPACKING pc=0x000001da17cd4422 sp=0x000000a1812feb78 mode 2
Event: 320.275 Thread 0x000001da6341e380 Uncommon trap: trap_request=0xffffff45 fr.pc=0x000001da18683f78 relative=0x0000000000000138
Event: 320.275 Thread 0x000001da6341e380 Uncommon trap: reason=unstable_if action=reinterpret pc=0x000001da18683f78 method=java.lang.ThreadLocal.get(Ljava/lang/Thread;)Ljava/lang/Object; @ 7 c2
Event: 320.275 Thread 0x000001da6341e380 DEOPT PACKING pc=0x000001da18683f78 sp=0x000000a1812fe7c0
Event: 320.275 Thread 0x000001da6341e380 DEOPT UNPACKING pc=0x000001da17cd4422 sp=0x000000a1812fe758 mode 2
Event: 320.969 Thread 0x000001da3ec055e0 Uncommon trap: trap_request=0xffffff45 fr.pc=0x000001da18c2cfa4 relative=0x0000000000000424
Event: 320.969 Thread 0x000001da3ec055e0 Uncommon trap: reason=unstable_if action=reinterpret pc=0x000001da18c2cfa4 method=it.unimi.dsi.fastutil.objects.ReferenceOpenHashSet.remove(Ljava/lang/Object;)Z @ 85 c2
Event: 320.969 Thread 0x000001da3ec055e0 DEOPT PACKING pc=0x000001da18c2cfa4 sp=0x000000a1803f6460
Event: 320.969 Thread 0x000001da3ec055e0 DEOPT UNPACKING pc=0x000001da17cd4422 sp=0x000000a1803f6410 mode 2
Event: 321.461 Thread 0x000001da6341e380 Uncommon trap: trap_request=0xffffff45 fr.pc=0x000001da18ebb4b8 relative=0x0000000000000398
Event: 321.461 Thread 0x000001da6341e380 Uncommon trap: reason=unstable_if action=reinterpret pc=0x000001da18ebb4b8 method=sun.nio.ch.IOUtil.writeFromNativeBuffer(Ljava/io/FileDescriptor;Ljava/nio/ByteBuffer;JZZILsun/nio/ch/NativeDispatcher;)I @ 153 c2
Event: 321.461 Thread 0x000001da6341e380 DEOPT PACKING pc=0x000001da18ebb4b8 sp=0x000000a1812fece0
Event: 321.461 Thread 0x000001da6341e380 DEOPT UNPACKING pc=0x000001da17cd4422 sp=0x000000a1812feb88 mode 2
Event: 321.583 Thread 0x000001da3ec055e0 Uncommon trap: trap_request=0xffffff45 fr.pc=0x000001da185af4e8 relative=0x0000000000000868
Event: 321.583 Thread 0x000001da3ec055e0 Uncommon trap: reason=unstable_if action=reinterpret pc=0x000001da185af4e8 method=java.lang.ref.ReferenceQueue.poll()Ljava/lang/ref/Reference; @ 4 c2
Event: 321.583 Thread 0x000001da3ec055e0 DEOPT PACKING pc=0x000001da185af4e8 sp=0x000000a1803f92d0
Event: 321.583 Thread 0x000001da3ec055e0 DEOPT UNPACKING pc=0x000001da17cd4422 sp=0x000000a1803f9128 mode 2

Classes loaded (20 events):
Event: 251.808 Loading class java/util/AbstractListCustomizer
Event: 251.808 Loading class java/util/AbstractListCustomizer done
Event: 251.808 Loading class java/util/AbstractListCustomizer
Event: 251.808 Loading class java/util/AbstractListCustomizer done
Event: 251.808 Loading class java/util/AbstractSequentialListCustomizer
Event: 251.808 Loading class java/util/AbstractSequentialListCustomizer done
Event: 251.809 Loading class java/util/AbstractSequentialListCustomizer
Event: 251.809 Loading class java/util/AbstractSequentialListCustomizer done
Event: 251.809 Loading class java/util/LinkedListCustomizer
Event: 251.809 Loading class java/util/LinkedListCustomizer done
Event: 251.809 Loading class java/util/LinkedListCustomizer
Event: 251.809 Loading class java/util/LinkedListCustomizer done
Event: 251.864 Loading class java/util/ArrayListBeanInfo
Event: 251.864 Loading class java/util/ArrayListBeanInfo done
Event: 251.865 Loading class java/util/ArrayListBeanInfo
Event: 251.865 Loading class java/util/ArrayListBeanInfo done
Event: 251.865 Loading class java/util/ArrayListCustomizer
Event: 251.865 Loading class java/util/ArrayListCustomizer done
Event: 251.865 Loading class java/util/ArrayListCustomizer
Event: 251.865 Loading class java/util/ArrayListCustomizer done

Classes unloaded (15 events):
Event: 229.015 Thread 0x000001da23abc330 Unloading class 0x000001da25d0c8e8 '_BuildScript_$_run_closure1$_closure2'
Event: 229.015 Thread 0x000001da23abc330 Unloading class 0x000001da25d0c4f8 '_BuildScript_$_run_closure1'
Event: 229.015 Thread 0x000001da23abc330 Unloading class 0x000001da25d0c000 '_BuildScript_'
Event: 234.207 Thread 0x000001da23abc330 Unloading class 0x000001da25d3e800 '_BuildScript_'
Event: 234.207 Thread 0x000001da23abc330 Unloading class 0x000001da25d3c8e8 '_BuildScript_$_run_closure1$_closure2'
Event: 234.207 Thread 0x000001da23abc330 Unloading class 0x000001da25d3c4f8 '_BuildScript_$_run_closure1'
Event: 234.207 Thread 0x000001da23abc330 Unloading class 0x000001da25d3c000 '_BuildScript_'
Event: 234.207 Thread 0x000001da23abc330 Unloading class 0x000001da25d3a000 '_BuildScript_$_run_closure1$_closure2'
Event: 234.207 Thread 0x000001da23abc330 Unloading class 0x000001da25d398e8 '_BuildScript_$_run_closure1'
Event: 234.207 Thread 0x000001da23abc330 Unloading class 0x000001da25d393f0 '_BuildScript_'
Event: 234.207 Thread 0x000001da23abc330 Unloading class 0x000001da25d39000 'ProtobufPatchPlugin$_apply_closure1$_closure2$_closure3$_closure4'
Event: 234.207 Thread 0x000001da23abc330 Unloading class 0x000001da25d38ab0 'ProtobufPatchPlugin$_apply_closure1$_closure2$_closure3'
Event: 234.207 Thread 0x000001da23abc330 Unloading class 0x000001da25d386c0 'ProtobufPatchPlugin$_apply_closure1$_closure2'
Event: 234.207 Thread 0x000001da23abc330 Unloading class 0x000001da25d382d0 'ProtobufPatchPlugin$_apply_closure1'
Event: 234.207 Thread 0x000001da23abc330 Unloading class 0x000001da25d38000 'ProtobufPatchPlugin'

Classes redefined (0 events):
No events

Internal exceptions (20 events):
Event: 277.403 Thread 0x000001da3ec055e0 Exception <a 'java/lang/NoSuchMethodError'{0x00000000f0f47a10}: static [Lorg/gradle/tooling/BuildAction;.<clinit>()V> (0x00000000f0f47a10) 
thrown [s\src\hotspot\share\prims\jni.cpp, line 1111]
Event: 277.409 Thread 0x000001da3ec055e0 Exception <a 'java/lang/NoSuchMethodError'{0x00000000f0f580f0}: static Lorg/eclipse/buildship/core/internal/workspace/TellGradleToRunSynchronizationTasks;.<clinit>()V> (0x00000000f0f580f0) 
thrown [s\src\hotspot\share\prims\jni.cpp, line 1111]
Event: 278.146 Thread 0x000001da3ec055e0 Exception <a 'sun/nio/fs/WindowsException'{0x00000000f0d417f0}> (0x00000000f0d417f0) 
thrown [s\src\hotspot\share\prims\jni.cpp, line 520]
Event: 278.147 Thread 0x000001da3ec055e0 Exception <a 'sun/nio/fs/WindowsException'{0x00000000f0d42f80}> (0x00000000f0d42f80) 
thrown [s\src\hotspot\share\prims\jni.cpp, line 520]
Event: 278.147 Thread 0x000001da3ec055e0 Exception <a 'sun/nio/fs/WindowsException'{0x00000000f0d44700}> (0x00000000f0d44700) 
thrown [s\src\hotspot\share\prims\jni.cpp, line 520]
Event: 278.148 Thread 0x000001da3ec055e0 Exception <a 'sun/nio/fs/WindowsException'{0x00000000f0d45a78}> (0x00000000f0d45a78) 
thrown [s\src\hotspot\share\prims\jni.cpp, line 520]
Event: 282.502 Thread 0x000001da3ec055e0 Exception <a 'sun/nio/fs/WindowsException'{0x00000000ecbc24e0}> (0x00000000ecbc24e0) 
thrown [s\src\hotspot\share\prims\jni.cpp, line 520]
Event: 283.377 Thread 0x000001da3ec048c0 Implicit null exception at 0x000001da1883f8b0 to 0x000001da1883fd00
Event: 291.130 Thread 0x000001da3ec055e0 Exception <a 'sun/nio/fs/WindowsException'{0x00000000ec637de8}> (0x00000000ec637de8) 
thrown [s\src\hotspot\share\prims\jni.cpp, line 520]
Event: 291.133 Thread 0x000001da3ec055e0 Exception <a 'sun/nio/fs/WindowsException'{0x00000000ec6392c8}> (0x00000000ec6392c8) 
thrown [s\src\hotspot\share\prims\jni.cpp, line 520]
Event: 291.134 Thread 0x000001da3ec055e0 Exception <a 'sun/nio/fs/WindowsException'{0x00000000ec63a798}> (0x00000000ec63a798) 
thrown [s\src\hotspot\share\prims\jni.cpp, line 520]
Event: 291.135 Thread 0x000001da3ec055e0 Exception <a 'sun/nio/fs/WindowsException'{0x00000000ec63b860}> (0x00000000ec63b860) 
thrown [s\src\hotspot\share\prims\jni.cpp, line 520]
Event: 293.486 Thread 0x000001da3ec055e0 Implicit null exception at 0x000001da18431cec to 0x000001da18431db8
Event: 293.711 Thread 0x000001da3ec055e0 Exception <a 'sun/nio/fs/WindowsException'{0x00000000ff9f9bb0}> (0x00000000ff9f9bb0) 
thrown [s\src\hotspot\share\prims\jni.cpp, line 520]
Event: 318.928 Thread 0x000001da3ec055e0 Exception <a 'sun/nio/fs/WindowsException'{0x00000000ff3f7b60}> (0x00000000ff3f7b60) 
thrown [s\src\hotspot\share\prims\jni.cpp, line 520]
Event: 318.931 Thread 0x000001da3ec055e0 Exception <a 'sun/nio/fs/WindowsException'{0x00000000ff3f92f0}> (0x00000000ff3f92f0) 
thrown [s\src\hotspot\share\prims\jni.cpp, line 520]
Event: 318.931 Thread 0x000001da3ec055e0 Exception <a 'sun/nio/fs/WindowsException'{0x00000000ff3faa70}> (0x00000000ff3faa70) 
thrown [s\src\hotspot\share\prims\jni.cpp, line 520]
Event: 318.931 Thread 0x000001da3ec055e0 Exception <a 'sun/nio/fs/WindowsException'{0x00000000ff3fbde8}> (0x00000000ff3fbde8) 
thrown [s\src\hotspot\share\prims\jni.cpp, line 520]
Event: 320.274 Thread 0x000001da6341e380 Implicit null exception at 0x000001da18683e9c to 0x000001da18683f5c
Event: 321.685 Thread 0x000001da3ec055e0 Exception <a 'sun/nio/fs/WindowsException'{0x00000000f1111900}> (0x00000000f1111900) 
thrown [s\src\hotspot\share\prims\jni.cpp, line 520]

ZGC Phase Switch (0 events):
No events

VM Operations (20 events):
Event: 297.420 Executing safepoint VM operation: Cleanup
Event: 297.420 Executing safepoint VM operation: Cleanup done
Event: 301.065 Executing non-safepoint VM operation: HandshakeAllThreads (HandshakeForDeflation)
Event: 301.067 Executing non-safepoint VM operation: HandshakeAllThreads (HandshakeForDeflation) done
Event: 301.067 Executing non-safepoint VM operation: RendezvousGCThreads
Event: 301.067 Executing non-safepoint VM operation: RendezvousGCThreads done
Event: 311.161 Executing safepoint VM operation: Cleanup
Event: 311.164 Executing safepoint VM operation: Cleanup done
Event: 312.170 Executing safepoint VM operation: Cleanup
Event: 312.170 Executing safepoint VM operation: Cleanup done
Event: 318.210 Executing safepoint VM operation: Cleanup
Event: 318.225 Executing safepoint VM operation: Cleanup done
Event: 319.235 Executing safepoint VM operation: Cleanup
Event: 319.241 Executing safepoint VM operation: Cleanup done
Event: 320.243 Executing safepoint VM operation: Cleanup
Event: 320.244 Executing safepoint VM operation: Cleanup done
Event: 321.230 Executing safepoint VM operation: G1CollectForAllocation (G1 Evacuation Pause)
Event: 321.294 Executing safepoint VM operation: G1CollectForAllocation (G1 Evacuation Pause) done
Event: 322.295 Executing safepoint VM operation: Cleanup
Event: 322.696 Executing safepoint VM operation: Cleanup done

Memory protections (0 events):
No events

Nmethod flushes (20 events):
Event: 293.143 Thread 0x000001da23abc330 flushing  nmethod 0x000001da123f9a10
Event: 293.143 Thread 0x000001da23abc330 flushing  nmethod 0x000001da123f9e10
Event: 293.143 Thread 0x000001da23abc330 flushing  nmethod 0x000001da123fbd90
Event: 293.143 Thread 0x000001da23abc330 flushing  nmethod 0x000001da123fcb10
Event: 293.143 Thread 0x000001da23abc330 flushing  nmethod 0x000001da123fd090
Event: 293.143 Thread 0x000001da23abc330 flushing  nmethod 0x000001da123fdf90
Event: 293.143 Thread 0x000001da23abc330 flushing  nmethod 0x000001da123fe310
Event: 293.143 Thread 0x000001da23abc330 flushing  nmethod 0x000001da123fe690
Event: 293.143 Thread 0x000001da23abc330 flushing  nmethod 0x000001da123fea10
Event: 293.143 Thread 0x000001da23abc330 flushing  nmethod 0x000001da123ff390
Event: 293.143 Thread 0x000001da23abc330 flushing  nmethod 0x000001da124d1710
Event: 293.143 Thread 0x000001da23abc330 flushing  nmethod 0x000001da124e8610
Event: 293.143 Thread 0x000001da23abc330 flushing  nmethod 0x000001da124e8a10
Event: 293.143 Thread 0x000001da23abc330 flushing  nmethod 0x000001da124e8e90
Event: 293.143 Thread 0x000001da23abc330 flushing  nmethod 0x000001da12699710
Event: 293.143 Thread 0x000001da23abc330 flushing  nmethod 0x000001da126b9e90
Event: 293.143 Thread 0x000001da23abc330 flushing  nmethod 0x000001da12753d10
Event: 293.143 Thread 0x000001da23abc330 flushing  nmethod 0x000001da12755510
Event: 293.143 Thread 0x000001da23abc330 flushing  nmethod 0x000001da12781410
Event: 293.144 Thread 0x000001da23abc330 flushing  nmethod 0x000001da12816090

Events (20 events):
Event: 321.714 Thread 0x000001da43a23470 Thread exited: 0x000001da43a23470
Event: 321.715 Thread 0x000001da43a22de0 Thread exited: 0x000001da43a22de0
Event: 321.716 Thread 0x000001da418b6030 Thread exited: 0x000001da418b6030
Event: 321.717 Thread 0x000001da43a23b00 Thread exited: 0x000001da43a23b00
Event: 321.718 Thread 0x000001da3fd4d630 Thread exited: 0x000001da3fd4d630
Event: 321.718 Thread 0x000001da418b66c0 Thread exited: 0x000001da418b66c0
Event: 321.718 Thread 0x000001da3d59e180 Thread exited: 0x000001da3d59e180
Event: 321.718 Thread 0x000001da48bbc050 Thread exited: 0x000001da48bbc050
Event: 321.718 Thread 0x000001da48bb98f0 Thread exited: 0x000001da48bb98f0
Event: 321.718 Thread 0x000001da3d59e810 Thread exited: 0x000001da3d59e810
Event: 321.718 Thread 0x000001da418b7a70 Thread exited: 0x000001da418b7a70
Event: 321.718 Thread 0x000001da3fd4dcc0 Thread exited: 0x000001da3fd4dcc0
Event: 321.718 Thread 0x000001da3fd4bbf0 Thread exited: 0x000001da3fd4bbf0
Event: 321.718 Thread 0x000001da3d59daf0 Thread exited: 0x000001da3d59daf0
Event: 321.718 Thread 0x000001da3fd4e9e0 Thread exited: 0x000001da3fd4e9e0
Event: 321.718 Thread 0x000001da3fd4c910 Thread exited: 0x000001da3fd4c910
Event: 321.718 Thread 0x000001da3fd4e350 Thread exited: 0x000001da3fd4e350
Event: 321.718 Thread 0x000001da3d59d460 Thread exited: 0x000001da3d59d460
Event: 321.718 Thread 0x000001da418b8100 Thread exited: 0x000001da418b8100
Event: 322.695 Thread 0x000001da3ec055e0 Thread added: 0x000001da63c5f0c0


Dynamic libraries:
0x00007ff6248a0000 - 0x00007ff6248ae000 	C:\Program Files\Eclipse Adoptium\jdk-21.0.10.7-hotspot\bin\java.exe
0x00007ff822460000 - 0x00007ff8226c7000 	C:\WINDOWS\SYSTEM32\ntdll.dll
0x00007ff821cb0000 - 0x00007ff821d79000 	C:\WINDOWS\System32\KERNEL32.DLL
0x00007ff81ee50000 - 0x00007ff81f241000 	C:\WINDOWS\System32\KERNELBASE.dll
0x00007ff81fdb0000 - 0x00007ff81fefb000 	C:\WINDOWS\System32\ucrtbase.dll
0x00007ff819240000 - 0x00007ff819258000 	C:\Program Files\Eclipse Adoptium\jdk-21.0.10.7-hotspot\bin\jli.dll
0x00007ff819280000 - 0x00007ff81929e000 	C:\Program Files\Eclipse Adoptium\jdk-21.0.10.7-hotspot\bin\VCRUNTIME140.dll
0x00007ff822120000 - 0x00007ff8222e5000 	C:\WINDOWS\System32\USER32.dll
0x00007ffffbd60000 - 0x00007ffffbff3000 	C:\WINDOWS\WinSxS\amd64_microsoft.windows.common-controls_6595b64144ccf1df_6.0.26100.8037_none_3e092faae333b53b\COMCTL32.dll
0x00007ff81ffc0000 - 0x00007ff81ffe7000 	C:\WINDOWS\System32\win32u.dll
0x00007ff821860000 - 0x00007ff821909000 	C:\WINDOWS\System32\msvcrt.dll
0x00007ff820660000 - 0x00007ff82068b000 	C:\WINDOWS\System32\GDI32.dll
0x00007ff81fff0000 - 0x00007ff82011b000 	C:\WINDOWS\System32\gdi32full.dll
0x00007ff820120000 - 0x00007ff8201c3000 	C:\WINDOWS\System32\msvcp_win.dll
0x00007ff821660000 - 0x00007ff821691000 	C:\WINDOWS\System32\IMM32.DLL
0x00007ff8192b0000 - 0x00007ff8192bc000 	C:\Program Files\Eclipse Adoptium\jdk-21.0.10.7-hotspot\bin\vcruntime140_1.dll
0x00007fffdf810000 - 0x00007fffdf89d000 	C:\Program Files\Eclipse Adoptium\jdk-21.0.10.7-hotspot\bin\msvcp140.dll
0x00007fff316a0000 - 0x00007fff32441000 	C:\Program Files\Eclipse Adoptium\jdk-21.0.10.7-hotspot\bin\server\jvm.dll
0x00007ff8217a0000 - 0x00007ff82185b000 	C:\WINDOWS\System32\ADVAPI32.dll
0x00007ff821d80000 - 0x00007ff821e27000 	C:\WINDOWS\System32\sechost.dll
0x00007ff820540000 - 0x00007ff820658000 	C:\WINDOWS\System32\RPCRT4.dll
0x00007ff822370000 - 0x00007ff8223e4000 	C:\WINDOWS\System32\WS2_32.dll
0x00007ff81e460000 - 0x00007ff81e4be000 	C:\WINDOWS\SYSTEM32\POWRPROF.dll
0x00007ff819660000 - 0x00007ff819695000 	C:\WINDOWS\SYSTEM32\WINMM.dll
0x00007ff814f90000 - 0x00007ff814f9b000 	C:\WINDOWS\SYSTEM32\VERSION.dll
0x00007ff81e440000 - 0x00007ff81e454000 	C:\WINDOWS\SYSTEM32\UMPDC.dll
0x00007ff81daa0000 - 0x00007ff81dabb000 	C:\WINDOWS\SYSTEM32\kernel.appcore.dll
0x00007ff819230000 - 0x00007ff81923a000 	C:\Program Files\Eclipse Adoptium\jdk-21.0.10.7-hotspot\bin\jimage.dll
0x00007ff81cbe0000 - 0x00007ff81ce22000 	C:\WINDOWS\SYSTEM32\DBGHELP.DLL
0x00007ff821920000 - 0x00007ff821ca2000 	C:\WINDOWS\System32\combase.dll
0x00007ff8216a0000 - 0x00007ff821777000 	C:\WINDOWS\System32\OLEAUT32.dll
0x00007ffff7350000 - 0x00007ffff738b000 	C:\WINDOWS\SYSTEM32\dbgcore.DLL
0x00007ff81eda0000 - 0x00007ff81ee45000 	C:\WINDOWS\System32\bcryptPrimitives.dll
0x00007ff813ad0000 - 0x00007ff813adf000 	C:\Program Files\Eclipse Adoptium\jdk-21.0.10.7-hotspot\bin\instrument.dll
0x00007ff8158f0000 - 0x00007ff815910000 	C:\Program Files\Eclipse Adoptium\jdk-21.0.10.7-hotspot\bin\java.dll
0x00007ff8209d0000 - 0x00007ff82112f000 	C:\WINDOWS\System32\SHELL32.dll
0x00007ff81f3d0000 - 0x00007ff81f53a000 	C:\WINDOWS\System32\wintypes.dll
0x00007ff81f540000 - 0x00007ff81fda4000 	C:\WINDOWS\System32\windows.storage.dll
0x00007ff820340000 - 0x00007ff820437000 	C:\WINDOWS\System32\SHCORE.dll
0x00007ff822080000 - 0x00007ff8220e7000 	C:\WINDOWS\System32\shlwapi.dll
0x00007ff81ec30000 - 0x00007ff81ec59000 	C:\WINDOWS\SYSTEM32\profapi.dll
0x00007fffdf730000 - 0x00007fffdf807000 	C:\Program Files\Eclipse Adoptium\jdk-21.0.10.7-hotspot\bin\jsvml.dll
0x00007ff8143b0000 - 0x00007ff8143c8000 	C:\Program Files\Eclipse Adoptium\jdk-21.0.10.7-hotspot\bin\zip.dll
0x00007ff819220000 - 0x00007ff819230000 	C:\Program Files\Eclipse Adoptium\jdk-21.0.10.7-hotspot\bin\net.dll
0x00007ff814ba0000 - 0x00007ff814cc7000 	C:\WINDOWS\SYSTEM32\WINHTTP.dll
0x00007ff81e080000 - 0x00007ff81e0eb000 	C:\WINDOWS\system32\mswsock.dll
0x00007ff8158d0000 - 0x00007ff8158e6000 	C:\Program Files\Eclipse Adoptium\jdk-21.0.10.7-hotspot\bin\nio.dll
0x00007ff814390000 - 0x00007ff8143a0000 	C:\Program Files\Eclipse Adoptium\jdk-21.0.10.7-hotspot\bin\verify.dll
0x00007ff813f80000 - 0x00007ff813fa7000 	C:\Users\deepa\.gradle\native\1def1411415f61bf3af743bc5b6707747c0891f09f0c88961ee8f79bc544acac\windows-amd64\native-platform.dll
0x00007fffc3ea0000 - 0x00007fffc3f17000 	C:\Users\deepa\.gradle\native\0.2.8\x86_64-windows-gnu\gradle-fileevents.dll
0x00007ff817140000 - 0x00007ff81714a000 	C:\Program Files\Eclipse Adoptium\jdk-21.0.10.7-hotspot\bin\management.dll
0x00007ff8143a0000 - 0x00007ff8143ac000 	C:\Program Files\Eclipse Adoptium\jdk-21.0.10.7-hotspot\bin\management_ext.dll
0x00007ff821780000 - 0x00007ff821788000 	C:\WINDOWS\System32\PSAPI.DLL
0x00007ff81d500000 - 0x00007ff81d533000 	C:\WINDOWS\SYSTEM32\IPHLPAPI.DLL
0x00007ff821790000 - 0x00007ff82179a000 	C:\WINDOWS\System32\NSI.dll
0x00007ff813ae0000 - 0x00007ff813ae9000 	C:\Program Files\Eclipse Adoptium\jdk-21.0.10.7-hotspot\bin\extnet.dll
0x00007ff81e380000 - 0x00007ff81e39b000 	C:\WINDOWS\SYSTEM32\CRYPTSP.dll
0x00007ff81da00000 - 0x00007ff81da39000 	C:\WINDOWS\system32\rsaenh.dll
0x00007ff81e130000 - 0x00007ff81e162000 	C:\WINDOWS\SYSTEM32\USERENV.dll
0x00007ff81ec00000 - 0x00007ff81ec2a000 	C:\WINDOWS\SYSTEM32\bcrypt.dll
0x00007ff81e3a0000 - 0x00007ff81e3ac000 	C:\WINDOWS\SYSTEM32\CRYPTBASE.dll
0x00007ff813ac0000 - 0x00007ff813ace000 	C:\Program Files\Eclipse Adoptium\jdk-21.0.10.7-hotspot\bin\sunmscapi.dll
0x00007ff81f250000 - 0x00007ff81f3c7000 	C:\WINDOWS\System32\CRYPT32.dll
0x00007ff81e630000 - 0x00007ff81e660000 	C:\WINDOWS\SYSTEM32\ncrypt.dll
0x00007ff81e5e0000 - 0x00007ff81e61f000 	C:\WINDOWS\SYSTEM32\NTASN1.dll
0x00007fffe9bb0000 - 0x00007fffe9bb8000 	C:\WINDOWS\system32\wshunix.dll
0x00007fffe9b20000 - 0x00007fffe9b38000 	C:\WINDOWS\system32\napinsp.dll
0x00007ff81d560000 - 0x00007ff81d68a000 	C:\WINDOWS\SYSTEM32\DNSAPI.dll
0x00007fffe9930000 - 0x00007fffe9942000 	C:\WINDOWS\System32\winrnr.dll
0x00007fffe38f0000 - 0x00007fffe3912000 	C:\WINDOWS\system32\nlansp_c.dll
0x00007ff8141c0000 - 0x00007ff8141d6000 	C:\WINDOWS\system32\wshbth.dll
0x00007ff814f60000 - 0x00007ff814f6b000 	C:\Windows\System32\rasadhlp.dll
0x00007ff815770000 - 0x00007ff8157f6000 	C:\WINDOWS\System32\fwpuclnt.dll
0x00007ff80a170000 - 0x00007ff80a177000 	C:\Program Files\Eclipse Adoptium\jdk-21.0.10.7-hotspot\bin\rmi.dll
0x00007ff81dbc0000 - 0x00007ff81dbf6000 	C:\WINDOWS\SYSTEM32\ntmarta.dll

JVMTI agents:
C:\Users\deepa\.gradle\wrapper\dists\gradle-9.0.0-bin\d6wjpkvcgsg3oed0qlfss3wgl\gradle-9.0.0\lib\agents\gradle-instrumentation-agent-9.0.0.jar path:C:\Program Files\Eclipse Adoptium\jdk-21.0.10.7-hotspot\bin\instrument.dll, loaded, initialized, instrumentlib options:none

dbghelp: loaded successfully - version: 4.0.5 - missing functions: none
symbol engine: initialized successfully - sym options: 0x614 - pdb path: .;C:\Program Files\Eclipse Adoptium\jdk-21.0.10.7-hotspot\bin;C:\WINDOWS\SYSTEM32;C:\WINDOWS\WinSxS\amd64_microsoft.windows.common-controls_6595b64144ccf1df_6.0.26100.8037_none_3e092faae333b53b;C:\Program Files\Eclipse Adoptium\jdk-21.0.10.7-hotspot\bin\server;C:\Users\deepa\.gradle\native\1def1411415f61bf3af743bc5b6707747c0891f09f0c88961ee8f79bc544acac\windows-amd64;C:\Users\deepa\.gradle\native\0.2.8\x86_64-windows-gnu

VM Arguments:
jvm_args: --add-opens=java.base/java.lang=ALL-UNNAMED --add-opens=java.base/java.lang.invoke=ALL-UNNAMED --add-opens=java.base/java.util=ALL-UNNAMED --add-opens=java.prefs/java.util.prefs=ALL-UNNAMED --add-exports=jdk.compiler/com.sun.tools.javac.api=ALL-UNNAMED --add-exports=jdk.compiler/com.sun.tools.javac.util=ALL-UNNAMED --add-opens=java.base/java.util=ALL-UNNAMED --add-opens=java.prefs/java.util.prefs=ALL-UNNAMED --add-opens=java.base/java.nio.charset=ALL-UNNAMED --add-opens=java.base/java.net=ALL-UNNAMED --add-opens=java.base/java.util.concurrent=ALL-UNNAMED --add-opens=java.base/java.util.concurrent.atomic=ALL-UNNAMED --add-opens=java.xml/javax.xml.namespace=ALL-UNNAMED -XX:MaxMetaspaceSize=384m -XX:+HeapDumpOnOutOfMemoryError -Xms256m -Xmx512m -Dfile.encoding=UTF-8 -Duser.country=US -Duser.language=en -Duser.variant -javaagent:C:\Users\deepa\.gradle\wrapper\dists\gradle-9.0.0-bin\d6wjpkvcgsg3oed0qlfss3wgl\gradle-9.0.0\lib\agents\gradle-instrumentation-agent-9.0.0.jar 
java_command: org.gradle.launcher.daemon.bootstrap.GradleDaemon 9.0.0
java_class_path (initial): C:\Users\deepa\.gradle\wrapper\dists\gradle-9.0.0-bin\d6wjpkvcgsg3oed0qlfss3wgl\gradle-9.0.0\lib\gradle-daemon-main-9.0.0.jar
Launcher Type: SUN_STANDARD

[Global flags]
     intx CICompilerCount                          = 12                                        {product} {ergonomic}
   size_t CompressedClassSpaceSize                 = 335544320                                 {product} {ergonomic}
     uint ConcGCThreads                            = 3                                         {product} {ergonomic}
     uint G1ConcRefinementThreads                  = 13                                        {product} {ergonomic}
   size_t G1HeapRegionSize                         = 1048576                                   {product} {ergonomic}
    uintx GCDrainStackTargetSize                   = 64                                        {product} {ergonomic}
     bool HeapDumpOnOutOfMemoryError               = true                                   {manageable} {command line}
   size_t InitialHeapSize                          = 268435456                                 {product} {command line}
   size_t MarkStackSize                            = 4194304                                   {product} {ergonomic}
   size_t MaxHeapSize                              = 536870912                                 {product} {command line}
   size_t MaxMetaspaceSize                         = 402653184                                 {product} {command line}
   size_t MaxNewSize                               = 321912832                                 {product} {ergonomic}
   size_t MinHeapDeltaBytes                        = 1048576                                   {product} {ergonomic}
   size_t MinHeapSize                              = 268435456                                 {product} {command line}
    uintx NonNMethodCodeHeapSize                   = 7602480                                {pd product} {ergonomic}
    uintx NonProfiledCodeHeapSize                  = 122027880                              {pd product} {ergonomic}
    uintx ProfiledCodeHeapSize                     = 122027880                              {pd product} {ergonomic}
    uintx ReservedCodeCacheSize                    = 251658240                              {pd product} {ergonomic}
     bool SegmentedCodeCache                       = true                                      {product} {ergonomic}
   size_t SoftMaxHeapSize                          = 536870912                              {manageable} {ergonomic}
     bool UseCompressedOops                        = true                           {product lp64_product} {ergonomic}
     bool UseG1GC                                  = true                                      {product} {ergonomic}
     bool UseLargePagesIndividualAllocation        = false                                  {pd product} {ergonomic}

Logging:
Log output configuration:
 #0: stdout all=warning uptime,level,tags foldmultilines=false
 #1: stderr all=off uptime,level,tags foldmultilines=false

Release file:
IMPLEMENTOR="Eclipse Adoptium" 
IMPLEMENTOR_VERSION="Temurin-21.0.10+7" 
JAVA_RUNTIME_VERSION="21.0.10+7-LTS" 
JAVA_VERSION="21.0.10" 
JAVA_VERSION_DATE="2026-01-20" 
LIBC="default" 
MODULES="java.base java.compiler java.datatransfer java.xml java.prefs java.desktop java.instrument java.logging java.management java.security.sasl java.naming java.rmi java.management.rmi java.net.http java.scripting java.security.jgss java.transaction.xa java.sql java.sql.rowset java.xml.crypto java.se java.smartcardio jdk.accessibility jdk.internal.jvmstat jdk.attach jdk.charsets jdk.internal.opt jdk.zipfs jdk.compiler jdk.crypto.ec jdk.crypto.cryptoki jdk.crypto.mscapi jdk.dynalink jdk.internal.ed jdk.editpad jdk.hotspot.agent jdk.httpserver jdk.incubator.vector jdk.internal.le jdk.internal.vm.ci jdk.internal.vm.compiler jdk.internal.vm.compiler.management jdk.jartool jdk.javadoc jdk.jcmd jdk.management jdk.management.agent jdk.jconsole jdk.jdeps jdk.jdwp.agent jdk.jdi jdk.jfr jdk.jlink jdk.jpackage jdk.jshell jdk.jsobject jdk.jstatd jdk.localedata jdk.management.jfr jdk.naming.dns jdk.naming.rmi jdk.net jdk.nio.mapmode jdk.random jdk.sctp jdk.security.auth jdk.security.jgss jdk.unsupported jdk.unsupported.desktop jdk.xml.dom" 
OS_ARCH="x86_64" 
OS_NAME="Windows" 
SOURCE=".:git:a633eafe0fcc" 
BUILD_SOURCE="git:458965074606f027bd5afce2cfd5c1055dea0438"
BUILD_SOURCE_REPO="https://github.com/adoptium/temurin-build.git"
SOURCE_REPO="https://github.com/adoptium/jdk21u.git"
FULL_VERSION="21.0.10+7-LTS"
SEMANTIC_VERSION="21.0.10+7"
BUILD_INFO="OS: Windows Server 2022 Version: 10.0"
JVM_VARIANT="Hotspot"
JVM_VERSION="21.0.10+7-LTS"
IMAGE_TYPE="JDK"

Environment Variables:
JAVA_HOME=C:\Program Files\Eclipse Adoptium\jdk-21.0.10.7-hotspot
CLASSPATH=C:\Users\deepa\OneDrive\Documents\project\Sanship\SanshipMBL\\gradle\wrapper\gradle-wrapper.jar
PATH=C:\Program Files\Eclipse Adoptium\jdk-21.0.10.7-hotspot\bin;C:\Program Files (x86)\Common Files\Oracle\Java\java8path;C:\Program Files (x86)\Common Files\Oracle\Java\javapath;C:\ProgramData\Oracle\Java\javapath;C:\Program Files\Eclipse Adoptium\jdk-17.0.16.8-hotspot\bin;C:\WINDOWS\system32;C:\WINDOWS;C:\WINDOWS\System32\Wbem;C:\WINDOWS\System32\WindowsPowerShell\v1.0\;C:\WINDOWS\System32\OpenSSH\;C:\Program Files\dotnet\;C:\Program Files (x86)\NVIDIA Corporation\PhysX\Common;C:\Program Files\NVIDIA Corporation\NVIDIA App\NvDLISR;C:\Program Files\nodejs\;C:\ProgramData\chocolatey\bin;C:\WINDOWS\system32\config\systemprofile\AppData\Local\Muse Hub\lib;C:\Program Files\Amazon\AWSCLIV2\;C:\Program Files\Docker\Docker\resources\bin;C:\Users\deepa\AppData\Local\Microsoft\WindowsApps\ngrok.exe;C:\Program Files\Microsoft SQL Server\170\Tools\Binn\;C:\Program Files\Microsoft SQL Server\Client SDK\ODBC\170\Tools\Binn\;C:\Program Files (x86)\Windows Kits\10\Windows Performance Toolkit\;C:\Program Files\Git\cmd;C:\Users\deepa\AppData\Local\Programs\Python\Python313\Scripts\;C:\Users\deepa\AppData\Local\Programs\Python\Python313\;c:\Users\deepa\AppData\Local\Programs\Trae\bin;C:\Users\deepa\AppData\Local\Microsoft\WindowsApps;C:\Users\deepa\AppData\Local\Programs\Microsoft VS Code\bin;C:\flutter\bin;C:\Users\deepa\AppData\Roaming\npm;C:\Users\deepa\AppData\Local\Muse Hub\lib;C:\Users\deepa\AppData\Roaming\Python\Python313\Scripts;C:\Program Files\Eclipse Adoptium\jdk-17.0.16.8-hotspot\bin;;C:\Users\deepa\AppData\Local\Microsoft\WindowsApps;C:\Program Files\JetBrains\IntelliJ IDEA 2025.3.1\bin;C:\Users\deepa\.dotnet\tools;C:\Users\deepa\AppData\Local\Programs\Antigravity\bin;C:\Users\deepa\AppData\Local\Programs\Ollama;c:\Users\deepa\.antigravity\extensions\ms-python.debugpy-2025.18.0-win32-x64\bundled\scripts\noConfigScripts
USERNAME=deepa
LANG=en_US.UTF-8
OS=Windows_NT
PROCESSOR_IDENTIFIER=Intel64 Family 6 Model 154 Stepping 3, GenuineIntel
TMP=C:\Users\deepa\AppData\Local\Temp
TEMP=C:\Users\deepa\AppData\Local\Temp




Periodic native trim disabled

---------------  S Y S T E M  ---------------

OS:
 Windows 11 , 64 bit Build 26100 (10.0.26100.7920)
OS uptime: 1 days 20:41 hours
Hyper-V role detected

CPU: total 16 (initial active 16) (8 cores per cpu, 2 threads per core) family 6 model 154 stepping 3 microcode 0x43b, cx8, cmov, fxsr, ht, mmx, 3dnowpref, sse, sse2, sse3, ssse3, sse4.1, sse4.2, popcnt, lzcnt, tsc, tscinvbit, avx, avx2, aes, erms, clmul, bmi1, bmi2, adx, sha, fma, vzeroupper, clflush, clflushopt, clwb, hv, serialize, rdtscp, rdpid, fsrm, f16c, cet_ibt, cet_ss
Processor Information for processor 0
  Max Mhz: 2500, Current Mhz: 2500, Mhz Limit: 2500
Processor Information for processor 1
  Max Mhz: 2500, Current Mhz: 2500, Mhz Limit: 2500
Processor Information for processor 2
  Max Mhz: 2500, Current Mhz: 2500, Mhz Limit: 2500
Processor Information for processor 3
  Max Mhz: 2500, Current Mhz: 2500, Mhz Limit: 2500
Processor Information for processor 4
  Max Mhz: 2500, Current Mhz: 2500, Mhz Limit: 2500
Processor Information for processor 5
  Max Mhz: 2500, Current Mhz: 2500, Mhz Limit: 2500
Processor Information for processor 6
  Max Mhz: 2500, Current Mhz: 2500, Mhz Limit: 2500
Processor Information for processor 7
  Max Mhz: 2500, Current Mhz: 2500, Mhz Limit: 2500
Processor Information for processor 8
  Max Mhz: 2500, Current Mhz: 2500, Mhz Limit: 2500
Processor Information for processor 9
  Max Mhz: 2500, Current Mhz: 2500, Mhz Limit: 2500
Processor Information for processor 10
  Max Mhz: 2500, Current Mhz: 2500, Mhz Limit: 2500
Processor Information for processor 11
  Max Mhz: 2500, Current Mhz: 1527, Mhz Limit: 2500
Processor Information for processor 12
  Max Mhz: 2500, Current Mhz: 1527, Mhz Limit: 2500
Processor Information for processor 13
  Max Mhz: 2500, Current Mhz: 2500, Mhz Limit: 2500
Processor Information for processor 14
  Max Mhz: 2500, Current Mhz: 2500, Mhz Limit: 2500
Processor Information for processor 15
  Max Mhz: 2500, Current Mhz: 2500, Mhz Limit: 2500

Memory: 4k page, system-wide physical 7876M (155M free)
TotalPageFile size 32452M (AvailPageFile size 3M)
current process WorkingSet (physical memory assigned to process): 274M, peak: 668M
current process commit charge ("private bytes"): 754M, peak: 768M

vm_info: OpenJDK 64-Bit Server VM (21.0.10+7-LTS) for windows-amd64 JRE (21.0.10+7-LTS), built on 2026-01-20T00:00:00Z by "admin" with MS VC++ 17.12 (VS2022)

END.
