#
# There is insufficient memory for the Java Runtime Environment to continue.
# Native memory allocation (malloc) failed to allocate 1244256 bytes. Error detail: Chunk::new
# Possible reasons:
#   The system is out of physical RAM or swap space
#   This process is running with CompressedOops enabled, and the Java Heap may be blocking the growth of the native heap
# Possible solutions:
#   Reduce memory load on the system
#   Increase physical memory or swap space
#   Check if swap backing store is full
#   Decrease Java heap size (-Xmx/-Xms)
#   Decrease number of Java threads
#   Decrease Java thread stack sizes (-Xss)
#   Set larger code cache with -XX:ReservedCodeCacheSize=
#   JVM is running with Unscaled Compressed Oops mode in which the Java heap is
#     placed in the first 4GB address space. The Java Heap base address is the
#     maximum limit for the native heap growth. Please use -XX:HeapBaseMinAddress
#     to set the Java Heap base and to place the Java Heap above 4GB virtual address.
# This output file may be truncated or incomplete.
#
#  Out of Memory Error (arena.cpp:168), pid=14380, tid=26508
#
# JRE version: OpenJDK Runtime Environment Temurin-21.0.10+7 (21.0.10+7) (build 21.0.10+7-LTS)
# Java VM: OpenJDK 64-Bit Server VM Temurin-21.0.10+7 (21.0.10+7-LTS, mixed mode, sharing, tiered, compressed oops, compressed class ptrs, g1 gc, windows-amd64)
# No core dump will be written. Minidumps are not enabled by default on client versions of Windows
#

---------------  S U M M A R Y ------------

Command Line: --add-opens=java.base/java.lang=ALL-UNNAMED --add-opens=java.base/java.lang.invoke=ALL-UNNAMED --add-opens=java.base/java.util=ALL-UNNAMED --add-opens=java.prefs/java.util.prefs=ALL-UNNAMED --add-exports=jdk.compiler/com.sun.tools.javac.api=ALL-UNNAMED --add-exports=jdk.compiler/com.sun.tools.javac.util=ALL-UNNAMED --add-opens=java.base/java.util=ALL-UNNAMED --add-opens=java.prefs/java.util.prefs=ALL-UNNAMED --add-opens=java.base/java.nio.charset=ALL-UNNAMED --add-opens=java.base/java.net=ALL-UNNAMED --add-opens=java.base/java.util.concurrent=ALL-UNNAMED --add-opens=java.base/java.util.concurrent.atomic=ALL-UNNAMED --add-opens=java.xml/javax.xml.namespace=ALL-UNNAMED -XX:MaxMetaspaceSize=384m -XX:+HeapDumpOnOutOfMemoryError -Xms256m -Xmx512m -Dfile.encoding=UTF-8 -Duser.country=US -Duser.language=en -Duser.variant -javaagent:C:\Users\deepa\.gradle\wrapper\dists\gradle-9.0.0-bin\d6wjpkvcgsg3oed0qlfss3wgl\gradle-9.0.0\lib\agents\gradle-instrumentation-agent-9.0.0.jar org.gradle.launcher.daemon.bootstrap.GradleDaemon 9.0.0

Host: 12th Gen Intel(R) Core(TM) i5-12500H, 16 cores, 7G,  Windows 11 , 64 bit Build 26100 (10.0.26100.7920)
Time: Tue Mar 24 12:32:45 2026 India Standard Time elapsed time: 8.033264 seconds (0d 0h 0m 8s)

---------------  T H R E A D  ---------------

Current thread (0x000001ea9a821060):  JavaThread "C2 CompilerThread1" daemon [_thread_in_native, id=26508, stack(0x00000021d6d00000,0x00000021d6e00000) (1024K)]


Current CompileTask:
C2:8033 7942       4       org.gradle.internal.instantiation.generator.AbstractClassGenerator::inspectType (602 bytes)

Stack: [0x00000021d6d00000,0x00000021d6e00000]
Native frames: (J=compiled Java code, j=interpreted, Vv=VM code, C=native code)
V  [jvm.dll+0x6d7a39]
V  [jvm.dll+0x8b4b26]
V  [jvm.dll+0x8b70de]
V  [jvm.dll+0x8b77c3]
V  [jvm.dll+0x284346]
V  [jvm.dll+0xc66ed]
V  [jvm.dll+0xc6c31]
V  [jvm.dll+0x2fb29e]
V  [jvm.dll+0x5fe884]
V  [jvm.dll+0x255b17]
V  [jvm.dll+0x255edd]
V  [jvm.dll+0x24e500]
V  [jvm.dll+0x24ba42]
V  [jvm.dll+0x1cb34e]
V  [jvm.dll+0x25b85d]
V  [jvm.dll+0x259dea]
V  [jvm.dll+0x3f857e]
V  [jvm.dll+0x85f59d]
V  [jvm.dll+0x6d626d]
C  [ucrtbase.dll+0x37b0]
C  [KERNEL32.DLL+0x2e8d7]
C  [ntdll.dll+0x8c48c]


---------------  P R O C E S S  ---------------

Threads class SMR info:
_java_thread_list=0x000001ea9a509b40, length=91, elements={
0x000001eae3627670, 0x000001eafef76730, 0x000001eafef77190, 0x000001eafef79c00,
0x000001eafef7a660, 0x000001eafef7d200, 0x000001eafef80070, 0x000001eafef80e00,
0x000001eafef819d0, 0x000001eaff0c7580, 0x000001eaff1d4f60, 0x000001eaff26ce70,
0x000001ea99fa4610, 0x000001ea992612f0, 0x000001ea9a14c640, 0x000001ea99ed3070,
0x000001ea99ed1050, 0x000001ea99edf6f0, 0x000001ea99ee8d70, 0x000001ea99ef4530,
0x000001ea99ef3ea0, 0x000001ea99ef4bc0, 0x000001ea99ef5f70, 0x000001ea99ef5250,
0x000001ea99ef58e0, 0x000001ea9a821060, 0x000001ea9d4cc2c0, 0x000001ea9a6549f0,
0x000001ea9a652fb0, 0x000001ea9a653640, 0x000001ea9a653cd0, 0x000001ea9a654360,
0x000001ea9a655080, 0x000001ea9a652920, 0x000001ea9a657e70, 0x000001ea9a6577e0,
0x000001ea9a657150, 0x000001ea9a655da0, 0x000001ea9a655710, 0x000001ea9a658500,
0x000001ea9a658b90, 0x000001ea9a659220, 0x000001ea9a6598b0, 0x000001ea9a659f40,
0x000001ea9df660c0, 0x000001ea9df65a30, 0x000001ea9df68190, 0x000001ea9df66de0,
0x000001ea9df66750, 0x000001ea9df67470, 0x000001ea9df67b00, 0x000001ea9df653a0,
0x000001ea9df64d10, 0x000001ea9df6bca0, 0x000001ea9df6a260, 0x000001ea9df68820,
0x000001ea9df6a8f0, 0x000001ea9df69540, 0x000001ea9df6af80, 0x000001ea9df6b610,
0x000001ea9df68eb0, 0x000001ea9df69bd0, 0x000001ea9df6c330, 0x000001ea9dcd4fd0,
0x000001ea9dcd4940, 0x000001ea9dcd3590, 0x000001ea9dcd42b0, 0x000001ea9dcd5660,
0x000001ea9dcd5cf0, 0x000001ea9dcd6380, 0x000001ea9dcd6a10, 0x000001ea9dcd70a0,
0x000001ea9dcd3c20, 0x000001ea9dcd9e90, 0x000001ea9dcda520, 0x000001ea9dcd9800,
0x000001ea9dcdabb0, 0x000001ea9dcd7730, 0x000001ea9dcd8450, 0x000001ea9dcd8ae0,
0x000001ea9dcd7dc0, 0x000001ea9dcd9170, 0x000001ea9dad4ac0, 0x000001ea9dad4430,
0x000001ea9dad3710, 0x000001ea9dad5e70, 0x000001ea9dad3080, 0x000001ea9dad5150,
0x000001ea9dad57e0, 0x000001ea9dad85d0, 0x000001ea9dad92f0
}

Java Threads: ( => current thread )
  0x000001eae3627670 JavaThread "main"                              [_thread_blocked, id=26040, stack(0x00000021d4500000,0x00000021d4600000) (1024K)]
  0x000001eafef76730 JavaThread "Reference Handler"          daemon [_thread_blocked, id=28032, stack(0x00000021d4d00000,0x00000021d4e00000) (1024K)]
  0x000001eafef77190 JavaThread "Finalizer"                  daemon [_thread_blocked, id=31244, stack(0x00000021d4e00000,0x00000021d4f00000) (1024K)]
  0x000001eafef79c00 JavaThread "Signal Dispatcher"          daemon [_thread_blocked, id=10844, stack(0x00000021d4f00000,0x00000021d5000000) (1024K)]
  0x000001eafef7a660 JavaThread "Attach Listener"            daemon [_thread_blocked, id=10104, stack(0x00000021d5000000,0x00000021d5100000) (1024K)]
  0x000001eafef7d200 JavaThread "Service Thread"             daemon [_thread_blocked, id=28200, stack(0x00000021d5100000,0x00000021d5200000) (1024K)]
  0x000001eafef80070 JavaThread "Monitor Deflation Thread"   daemon [_thread_blocked, id=32404, stack(0x00000021d5200000,0x00000021d5300000) (1024K)]
  0x000001eafef80e00 JavaThread "C2 CompilerThread0"         daemon [_thread_in_native, id=22132, stack(0x00000021d5300000,0x00000021d5400000) (1024K)]
  0x000001eafef819d0 JavaThread "C1 CompilerThread0"         daemon [_thread_blocked, id=31604, stack(0x00000021d5400000,0x00000021d5500000) (1024K)]
  0x000001eaff0c7580 JavaThread "C1 CompilerThread1"         daemon [_thread_blocked, id=3812, stack(0x00000021d5500000,0x00000021d5600000) (1024K)]
  0x000001eaff1d4f60 JavaThread "Common-Cleaner"             daemon [_thread_blocked, id=15324, stack(0x00000021d5600000,0x00000021d5700000) (1024K)]
  0x000001eaff26ce70 JavaThread "Notification Thread"        daemon [_thread_blocked, id=16360, stack(0x00000021d5700000,0x00000021d5800000) (1024K)]
  0x000001ea99fa4610 JavaThread "Daemon health stats"               [_thread_blocked, id=28744, stack(0x00000021d5d00000,0x00000021d5e00000) (1024K)]
  0x000001ea992612f0 JavaThread "Incoming local TCP Connector on port 55650"        [_thread_in_native, id=31540, stack(0x00000021d6100000,0x00000021d6200000) (1024K)]
  0x000001ea9a14c640 JavaThread "Daemon periodic checks"            [_thread_blocked, id=32260, stack(0x00000021d6200000,0x00000021d6300000) (1024K)]
  0x000001ea99ed3070 JavaThread "Daemon"                            [_thread_blocked, id=23864, stack(0x00000021d6300000,0x00000021d6400000) (1024K)]
  0x000001ea99ed1050 JavaThread "Handler for socket connection from /127.0.0.1:55650 to /127.0.0.1:55651"        [_thread_in_native, id=22588, stack(0x00000021d6400000,0x00000021d6500000) (1024K)]
  0x000001ea99edf6f0 JavaThread "Cancel handler"                    [_thread_blocked, id=29580, stack(0x00000021d6500000,0x00000021d6600000) (1024K)]
  0x000001ea99ee8d70 JavaThread "Daemon worker"                     [_thread_in_Java, id=10884, stack(0x00000021d6600000,0x00000021d6700000) (1024K)]
  0x000001ea99ef4530 JavaThread "Asynchronous log dispatcher for DefaultDaemonConnection: socket connection from /127.0.0.1:55650 to /127.0.0.1:55651"        [_thread_blocked, id=29564, stack(0x00000021d6700000,0x00000021d6800000) (1024K)]
  0x000001ea99ef3ea0 JavaThread "Stdin handler"                     [_thread_blocked, id=32236, stack(0x00000021d6800000,0x00000021d6900000) (1024K)]
  0x000001ea99ef4bc0 JavaThread "Daemon client event forwarder"        [_thread_blocked, id=27352, stack(0x00000021d6900000,0x00000021d6a00000) (1024K)]
  0x000001ea99ef5f70 JavaThread "Cache worker for journal cache (C:\Users\deepa\.gradle\caches\journal-1)"        [_thread_blocked, id=31344, stack(0x00000021d6a00000,0x00000021d6b00000) (1024K)]
  0x000001ea99ef5250 JavaThread "File lock request listener"        [_thread_in_native, id=29984, stack(0x00000021d6b00000,0x00000021d6c00000) (1024K)]
  0x000001ea99ef58e0 JavaThread "Cache worker for file hash cache (C:\Users\deepa\.gradle\caches\9.0.0\fileHashes)"        [_thread_blocked, id=29684, stack(0x00000021d6c00000,0x00000021d6d00000) (1024K)]
=>0x000001ea9a821060 JavaThread "C2 CompilerThread1"         daemon [_thread_in_native, id=26508, stack(0x00000021d6d00000,0x00000021d6e00000) (1024K)]
  0x000001ea9d4cc2c0 JavaThread "C1 CompilerThread2"         daemon [_thread_blocked, id=1820, stack(0x00000021d7400000,0x00000021d7500000) (1024K)]
  0x000001ea9a6549f0 JavaThread "Cache worker for file hash cache (C:\Users\deepa\OneDrive\Documents\project\Sanship\SanshipMBL\.gradle\9.0.0\fileHashes)"        [_thread_blocked, id=26888, stack(0x00000021d7600000,0x00000021d7700000) (1024K)]
  0x000001ea9a652fb0 JavaThread "Cache worker for Build Output Cleanup Cache (C:\Users\deepa\OneDrive\Documents\project\Sanship\SanshipMBL\.gradle\buildOutputCleanup)"        [_thread_blocked, id=29884, stack(0x00000021d7700000,0x00000021d7800000) (1024K)]
  0x000001ea9a653640 JavaThread "File watcher server"        daemon [_thread_in_native, id=11952, stack(0x00000021d7800000,0x00000021d7900000) (1024K)]
  0x000001ea9a653cd0 JavaThread "File watcher consumer"      daemon [_thread_blocked, id=17864, stack(0x00000021d7900000,0x00000021d7a00000) (1024K)]
  0x000001ea9a654360 JavaThread "Cache worker for checksums cache (C:\Users\deepa\OneDrive\Documents\project\Sanship\SanshipMBL\.gradle\9.0.0\checksums)"        [_thread_blocked, id=31728, stack(0x00000021d7a00000,0x00000021d7b00000) (1024K)]
  0x000001ea9a655080 JavaThread "Cache worker for file content cache (C:\Users\deepa\.gradle\caches\9.0.0\fileContent)"        [_thread_blocked, id=31720, stack(0x00000021d7b00000,0x00000021d7c00000) (1024K)]
  0x000001ea9a652920 JavaThread "Cache worker for cache directory md-supplier (C:\Users\deepa\.gradle\caches\9.0.0\md-supplier)"        [_thread_blocked, id=3092, stack(0x00000021d7c00000,0x00000021d7d00000) (1024K)]
  0x000001ea9a657e70 JavaThread "Cache worker for cache directory md-rule (C:\Users\deepa\.gradle\caches\9.0.0\md-rule)"        [_thread_blocked, id=9628, stack(0x00000021d7d00000,0x00000021d7e00000) (1024K)]
  0x000001ea9a6577e0 JavaThread "Unconstrained build operations"        [_thread_blocked, id=11204, stack(0x00000021d7e00000,0x00000021d7f00000) (1024K)]
  0x000001ea9a657150 JavaThread "Unconstrained build operations Thread 2"        [_thread_blocked, id=23556, stack(0x00000021d7f00000,0x00000021d8000000) (1024K)]
  0x000001ea9a655da0 JavaThread "Unconstrained build operations Thread 3"        [_thread_blocked, id=16408, stack(0x00000021d8000000,0x00000021d8100000) (1024K)]
  0x000001ea9a655710 JavaThread "Unconstrained build operations Thread 4"        [_thread_blocked, id=16612, stack(0x00000021d8100000,0x00000021d8200000) (1024K)]
  0x000001ea9a658500 JavaThread "Unconstrained build operations Thread 5"        [_thread_blocked, id=20616, stack(0x00000021d8200000,0x00000021d8300000) (1024K)]
  0x000001ea9a658b90 JavaThread "Unconstrained build operations Thread 6"        [_thread_blocked, id=28780, stack(0x00000021d8300000,0x00000021d8400000) (1024K)]
  0x000001ea9a659220 JavaThread "Unconstrained build operations Thread 7"        [_thread_blocked, id=6496, stack(0x00000021d8400000,0x00000021d8500000) (1024K)]
  0x000001ea9a6598b0 JavaThread "Unconstrained build operations Thread 8"        [_thread_blocked, id=23852, stack(0x00000021d8500000,0x00000021d8600000) (1024K)]
  0x000001ea9a659f40 JavaThread "Unconstrained build operations Thread 9"        [_thread_blocked, id=18780, stack(0x00000021d8600000,0x00000021d8700000) (1024K)]
  0x000001ea9df660c0 JavaThread "Unconstrained build operations Thread 10"        [_thread_blocked, id=26340, stack(0x00000021d8700000,0x00000021d8800000) (1024K)]
  0x000001ea9df65a30 JavaThread "Unconstrained build operations Thread 11"        [_thread_blocked, id=31096, stack(0x00000021d8800000,0x00000021d8900000) (1024K)]
  0x000001ea9df68190 JavaThread "Unconstrained build operations Thread 12"        [_thread_blocked, id=30708, stack(0x00000021d8900000,0x00000021d8a00000) (1024K)]
  0x000001ea9df66de0 JavaThread "Unconstrained build operations Thread 13"        [_thread_blocked, id=30916, stack(0x00000021d8a00000,0x00000021d8b00000) (1024K)]
  0x000001ea9df66750 JavaThread "Unconstrained build operations Thread 14"        [_thread_blocked, id=17996, stack(0x00000021d8b00000,0x00000021d8c00000) (1024K)]
  0x000001ea9df67470 JavaThread "Unconstrained build operations Thread 15"        [_thread_blocked, id=29400, stack(0x00000021d8c00000,0x00000021d8d00000) (1024K)]
  0x000001ea9df67b00 JavaThread "Unconstrained build operations Thread 16"        [_thread_blocked, id=22592, stack(0x00000021d8d00000,0x00000021d8e00000) (1024K)]
  0x000001ea9df653a0 JavaThread "Unconstrained build operations Thread 17"        [_thread_blocked, id=28464, stack(0x00000021d8e00000,0x00000021d8f00000) (1024K)]
  0x000001ea9df64d10 JavaThread "Unconstrained build operations Thread 18"        [_thread_blocked, id=30392, stack(0x00000021d8f00000,0x00000021d9000000) (1024K)]
  0x000001ea9df6bca0 JavaThread "Unconstrained build operations Thread 19"        [_thread_blocked, id=17364, stack(0x00000021d9000000,0x00000021d9100000) (1024K)]
  0x000001ea9df6a260 JavaThread "Unconstrained build operations Thread 20"        [_thread_blocked, id=4732, stack(0x00000021d9100000,0x00000021d9200000) (1024K)]
  0x000001ea9df68820 JavaThread "Unconstrained build operations Thread 21"        [_thread_blocked, id=30856, stack(0x00000021d9200000,0x00000021d9300000) (1024K)]
  0x000001ea9df6a8f0 JavaThread "Unconstrained build operations Thread 22"        [_thread_blocked, id=20856, stack(0x00000021d9300000,0x00000021d9400000) (1024K)]
  0x000001ea9df69540 JavaThread "Unconstrained build operations Thread 23"        [_thread_blocked, id=32040, stack(0x00000021d9400000,0x00000021d9500000) (1024K)]
  0x000001ea9df6af80 JavaThread "Unconstrained build operations Thread 24"        [_thread_blocked, id=20956, stack(0x00000021d9500000,0x00000021d9600000) (1024K)]
  0x000001ea9df6b610 JavaThread "Unconstrained build operations Thread 25"        [_thread_blocked, id=31856, stack(0x00000021d9600000,0x00000021d9700000) (1024K)]
  0x000001ea9df68eb0 JavaThread "Unconstrained build operations Thread 26"        [_thread_blocked, id=19420, stack(0x00000021d9700000,0x00000021d9800000) (1024K)]
  0x000001ea9df69bd0 JavaThread "Unconstrained build operations Thread 27"        [_thread_blocked, id=23320, stack(0x00000021d9800000,0x00000021d9900000) (1024K)]
  0x000001ea9df6c330 JavaThread "Unconstrained build operations Thread 28"        [_thread_blocked, id=6996, stack(0x00000021d9900000,0x00000021d9a00000) (1024K)]
  0x000001ea9dcd4fd0 JavaThread "Unconstrained build operations Thread 29"        [_thread_blocked, id=30548, stack(0x00000021d9a00000,0x00000021d9b00000) (1024K)]
  0x000001ea9dcd4940 JavaThread "Unconstrained build operations Thread 30"        [_thread_blocked, id=12056, stack(0x00000021d9b00000,0x00000021d9c00000) (1024K)]
  0x000001ea9dcd3590 JavaThread "Unconstrained build operations Thread 31"        [_thread_blocked, id=22432, stack(0x00000021d9c00000,0x00000021d9d00000) (1024K)]
  0x000001ea9dcd42b0 JavaThread "Unconstrained build operations Thread 32"        [_thread_blocked, id=24252, stack(0x00000021d9d00000,0x00000021d9e00000) (1024K)]
  0x000001ea9dcd5660 JavaThread "Unconstrained build operations Thread 33"        [_thread_blocked, id=12040, stack(0x00000021d9e00000,0x00000021d9f00000) (1024K)]
  0x000001ea9dcd5cf0 JavaThread "Unconstrained build operations Thread 34"        [_thread_blocked, id=16276, stack(0x00000021d9f00000,0x00000021da000000) (1024K)]
  0x000001ea9dcd6380 JavaThread "Unconstrained build operations Thread 35"        [_thread_blocked, id=31580, stack(0x00000021da000000,0x00000021da100000) (1024K)]
  0x000001ea9dcd6a10 JavaThread "Unconstrained build operations Thread 36"        [_thread_blocked, id=10716, stack(0x00000021da100000,0x00000021da200000) (1024K)]
  0x000001ea9dcd70a0 JavaThread "Unconstrained build operations Thread 37"        [_thread_blocked, id=2976, stack(0x00000021da200000,0x00000021da300000) (1024K)]
  0x000001ea9dcd3c20 JavaThread "Unconstrained build operations Thread 38"        [_thread_blocked, id=12716, stack(0x00000021da300000,0x00000021da400000) (1024K)]
  0x000001ea9dcd9e90 JavaThread "Unconstrained build operations Thread 39"        [_thread_blocked, id=25328, stack(0x00000021da400000,0x00000021da500000) (1024K)]
  0x000001ea9dcda520 JavaThread "Unconstrained build operations Thread 40"        [_thread_blocked, id=11852, stack(0x00000021da500000,0x00000021da600000) (1024K)]
  0x000001ea9dcd9800 JavaThread "Unconstrained build operations Thread 41"        [_thread_blocked, id=30564, stack(0x00000021da600000,0x00000021da700000) (1024K)]
  0x000001ea9dcdabb0 JavaThread "Unconstrained build operations Thread 42"        [_thread_blocked, id=448, stack(0x00000021da700000,0x00000021da800000) (1024K)]
  0x000001ea9dcd7730 JavaThread "Unconstrained build operations Thread 43"        [_thread_blocked, id=22404, stack(0x00000021da800000,0x00000021da900000) (1024K)]
  0x000001ea9dcd8450 JavaThread "Unconstrained build operations Thread 44"        [_thread_blocked, id=28040, stack(0x00000021da900000,0x00000021daa00000) (1024K)]
  0x000001ea9dcd8ae0 JavaThread "Unconstrained build operations Thread 45"        [_thread_blocked, id=16592, stack(0x00000021daa00000,0x00000021dab00000) (1024K)]
  0x000001ea9dcd7dc0 JavaThread "Unconstrained build operations Thread 46"        [_thread_blocked, id=25840, stack(0x00000021dab00000,0x00000021dac00000) (1024K)]
  0x000001ea9dcd9170 JavaThread "Unconstrained build operations Thread 47"        [_thread_blocked, id=31516, stack(0x00000021dac00000,0x00000021dad00000) (1024K)]
  0x000001ea9dad4ac0 JavaThread "Unconstrained build operations Thread 48"        [_thread_blocked, id=31600, stack(0x00000021dad00000,0x00000021dae00000) (1024K)]
  0x000001ea9dad4430 JavaThread "Unconstrained build operations Thread 49"        [_thread_blocked, id=32600, stack(0x00000021dae00000,0x00000021daf00000) (1024K)]
  0x000001ea9dad3710 JavaThread "Unconstrained build operations Thread 50"        [_thread_blocked, id=18232, stack(0x00000021daf00000,0x00000021db000000) (1024K)]
  0x000001ea9dad5e70 JavaThread "Unconstrained build operations Thread 51"        [_thread_blocked, id=30332, stack(0x00000021db000000,0x00000021db100000) (1024K)]
  0x000001ea9dad3080 JavaThread "build event listener"              [_thread_blocked, id=12912, stack(0x00000021db100000,0x00000021db200000) (1024K)]
  0x000001ea9dad5150 JavaThread "Problems report writer"            [_thread_blocked, id=14584, stack(0x00000021db200000,0x00000021db300000) (1024K)]
  0x000001ea9dad57e0 JavaThread "Memory manager"                    [_thread_blocked, id=9400, stack(0x00000021db300000,0x00000021db400000) (1024K)]
  0x000001ea9dad85d0 JavaThread "build event listener"              [_thread_blocked, id=24220, stack(0x00000021db400000,0x00000021db500000) (1024K)]
  0x000001ea9dad92f0 JavaThread "build event listener"              [_thread_blocked, id=23192, stack(0x00000021db500000,0x00000021db600000) (1024K)]
Total: 91

Other Threads:
  0x000001eafef582d0 VMThread "VM Thread"                           [id=12164, stack(0x00000021d4c00000,0x00000021d4d00000) (1024K)]
  0x000001eaff0219e0 WatcherThread "VM Periodic Task Thread"        [id=31424, stack(0x00000021d4b00000,0x00000021d4c00000) (1024K)]
  0x000001eae36537c0 WorkerThread "GC Thread#0"                     [id=20816, stack(0x00000021d4600000,0x00000021d4700000) (1024K)]
  0x000001eaff58e8f0 WorkerThread "GC Thread#1"                     [id=23284, stack(0x00000021d5800000,0x00000021d5900000) (1024K)]
  0x000001eaff58eca0 WorkerThread "GC Thread#2"                     [id=17356, stack(0x00000021d5900000,0x00000021d5a00000) (1024K)]
  0x000001eaff59b750 WorkerThread "GC Thread#3"                     [id=26100, stack(0x00000021d5a00000,0x00000021d5b00000) (1024K)]
  0x000001eaff424a90 WorkerThread "GC Thread#4"                     [id=5932, stack(0x00000021d5b00000,0x00000021d5c00000) (1024K)]
  0x000001eaff423bd0 WorkerThread "GC Thread#5"                     [id=14884, stack(0x00000021d5c00000,0x00000021d5d00000) (1024K)]
  0x000001eaff423470 WorkerThread "GC Thread#6"                     [id=32444, stack(0x00000021d5e00000,0x00000021d5f00000) (1024K)]
  0x000001ea99f598d0 WorkerThread "GC Thread#7"                     [id=32300, stack(0x00000021d5f00000,0x00000021d6000000) (1024K)]
  0x000001ea99f582b0 WorkerThread "GC Thread#8"                     [id=22908, stack(0x00000021d6000000,0x00000021d6100000) (1024K)]
  0x000001ea99f5a030 WorkerThread "GC Thread#9"                     [id=15944, stack(0x00000021d6e00000,0x00000021d6f00000) (1024K)]
  0x000001ea99f59520 WorkerThread "GC Thread#10"                    [id=9908, stack(0x00000021d6f00000,0x00000021d7000000) (1024K)]
  0x000001ea99f5a3e0 WorkerThread "GC Thread#11"                    [id=21176, stack(0x00000021d7000000,0x00000021d7100000) (1024K)]
  0x000001ea99f5a790 WorkerThread "GC Thread#12"                    [id=18324, stack(0x00000021d7100000,0x00000021d7200000) (1024K)]
  0x000001eae3666c40 ConcurrentGCThread "G1 Main Marker"            [id=29792, stack(0x00000021d4700000,0x00000021d4800000) (1024K)]
  0x000001eae3667560 WorkerThread "G1 Conc#0"                       [id=8768, stack(0x00000021d4800000,0x00000021d4900000) (1024K)]
  0x000001ea99f5aef0 WorkerThread "G1 Conc#1"                       [id=24204, stack(0x00000021d7200000,0x00000021d7300000) (1024K)]
  0x000001ea99f5b2a0 WorkerThread "G1 Conc#2"                       [id=26320, stack(0x00000021d7300000,0x00000021d7400000) (1024K)]
  0x000001eafee9af70 ConcurrentGCThread "G1 Refine#0"               [id=29164, stack(0x00000021d4900000,0x00000021d4a00000) (1024K)]
  0x000001eafee9c7b0 ConcurrentGCThread "G1 Service"                [id=30872, stack(0x00000021d4a00000,0x00000021d4b00000) (1024K)]
Total: 21

Threads with active compile tasks:
C2 CompilerThread0  8054 8111       4       org.objectweb.asm.MethodWriter::putMethodInfo (1274 bytes)
C1 CompilerThread0  8054 8120       3       org.gradle.internal.reflect.annotations.impl.DefaultTypeAnnotationMetadataStore$PropertyAnnotationMetadataBuilder::<init> (19 bytes)
C1 CompilerThread1  8054 8121       3       sun.reflect.annotation.AnnotationInvocationHandler::memberValueHashCode (137 bytes)
C2 CompilerThread1  8054 7942       4       org.gradle.internal.instantiation.generator.AbstractClassGenerator::inspectType (602 bytes)
C1 CompilerThread2  8054 8117       3       org.gradle.internal.reflect.annotations.impl.DefaultTypeAnnotationMetadataStore$HasAnnotationMetadataBuilder::allAnnotationCategories (43 bytes)
Total: 5

VM state: not at safepoint (normal execution)

VM Mutex/Monitor currently owned by a thread:  ([mutex/lock_event])
[0x00007ff8461dd060] MethodCompileQueue_lock - owner thread: 0x0000000000000000

Heap address: 0x00000000e0000000, size: 512 MB, Compressed Oops mode: 32-bit

CDS archive(s) mapped at: [0x000001ea80000000-0x000001ea80c80000-0x000001ea80c80000), size 13107200, SharedBaseAddress: 0x000001ea80000000, ArchiveRelocationMode: 1.
Compressed class space mapped at: 0x000001ea81000000-0x000001ea95000000, reserved size: 335544320
Narrow klass base: 0x000001ea80000000, Narrow klass shift: 0, Narrow klass range: 0x100000000

GC Precious Log:
 CardTable entry size: 512
 Card Set container configuration: InlinePtr #cards 5 size 8 Array Of Cards #cards 12 size 40 Howl #buckets 4 coarsen threshold 1843 Howl Bitmap #cards 512 size 80 coarsen threshold 460 Card regions per heap region 1 cards per card region 2048
 CPUs: 16 total, 16 available
 Memory: 7876M
 Large Page Support: Disabled
 NUMA Support: Disabled
 Compressed Oops: Enabled (32-bit)
 Heap Region Size: 1M
 Heap Min Capacity: 256M
 Heap Initial Capacity: 256M
 Heap Max Capacity: 512M
 Pre-touch: Disabled
 Parallel Workers: 13
 Concurrent Workers: 3
 Concurrent Refinement Workers: 13
 Periodic GC: Disabled

Heap:
 garbage-first heap   total 262144K, used 152030K [0x00000000e0000000, 0x0000000100000000)
  region size 1024K, 93 young (95232K), 3 survivors (3072K)
 Metaspace       used 65916K, committed 67904K, reserved 393216K
  class space    used 9604K, committed 10560K, reserved 327680K

Heap Regions: E=young(eden), S=young(survivor), O=old, HS=humongous(starts), HC=humongous(continues), CS=collection set, F=free, TAMS=top-at-mark-start, PB=parsable bottom
|   0|0x00000000e0000000, 0x00000000e0100000, 0x00000000e0100000|100%|HS|  |TAMS 0x00000000e0000000| PB 0x00000000e0000000| Complete 
|   1|0x00000000e0100000, 0x00000000e0200000, 0x00000000e0200000|100%|HC|  |TAMS 0x00000000e0100000| PB 0x00000000e0100000| Complete 
|   2|0x00000000e0200000, 0x00000000e0300000, 0x00000000e0300000|100%|HC|  |TAMS 0x00000000e0200000| PB 0x00000000e0200000| Complete 
|   3|0x00000000e0300000, 0x00000000e0400000, 0x00000000e0400000|100%| O|  |TAMS 0x00000000e0300000| PB 0x00000000e0300000| Untracked 
|   4|0x00000000e0400000, 0x00000000e0500000, 0x00000000e0500000|100%| O|  |TAMS 0x00000000e0400000| PB 0x00000000e0400000| Untracked 
|   5|0x00000000e0500000, 0x00000000e0600000, 0x00000000e0600000|100%| O|  |TAMS 0x00000000e0500000| PB 0x00000000e0500000| Untracked 
|   6|0x00000000e0600000, 0x00000000e0700000, 0x00000000e0700000|100%|HS|  |TAMS 0x00000000e0600000| PB 0x00000000e0600000| Complete 
|   7|0x00000000e0700000, 0x00000000e0800000, 0x00000000e0800000|100%| O|  |TAMS 0x00000000e0700000| PB 0x00000000e0700000| Untracked 
|   8|0x00000000e0800000, 0x00000000e0900000, 0x00000000e0900000|100%| O|  |TAMS 0x00000000e0800000| PB 0x00000000e0800000| Untracked 
|   9|0x00000000e0900000, 0x00000000e0a00000, 0x00000000e0a00000|100%| O|  |TAMS 0x00000000e0900000| PB 0x00000000e0900000| Untracked 
|  10|0x00000000e0a00000, 0x00000000e0b00000, 0x00000000e0b00000|100%| O|  |TAMS 0x00000000e0a00000| PB 0x00000000e0a00000| Untracked 
|  11|0x00000000e0b00000, 0x00000000e0c00000, 0x00000000e0c00000|100%| O|  |TAMS 0x00000000e0b00000| PB 0x00000000e0b00000| Untracked 
|  12|0x00000000e0c00000, 0x00000000e0d00000, 0x00000000e0d00000|100%| O|  |TAMS 0x00000000e0c00000| PB 0x00000000e0c00000| Untracked 
|  13|0x00000000e0d00000, 0x00000000e0e00000, 0x00000000e0e00000|100%| O|  |TAMS 0x00000000e0d00000| PB 0x00000000e0d00000| Untracked 
|  14|0x00000000e0e00000, 0x00000000e0f00000, 0x00000000e0f00000|100%| O|  |TAMS 0x00000000e0e00000| PB 0x00000000e0e00000| Untracked 
|  15|0x00000000e0f00000, 0x00000000e1000000, 0x00000000e1000000|100%| O|  |TAMS 0x00000000e0f00000| PB 0x00000000e0f00000| Untracked 
|  16|0x00000000e1000000, 0x00000000e1100000, 0x00000000e1100000|100%| O|  |TAMS 0x00000000e1000000| PB 0x00000000e1000000| Untracked 
|  17|0x00000000e1100000, 0x00000000e1200000, 0x00000000e1200000|100%| O|  |TAMS 0x00000000e1100000| PB 0x00000000e1100000| Untracked 
|  18|0x00000000e1200000, 0x00000000e1300000, 0x00000000e1300000|100%| O|  |TAMS 0x00000000e1200000| PB 0x00000000e1200000| Untracked 
|  19|0x00000000e1300000, 0x00000000e1400000, 0x00000000e1400000|100%| O|  |TAMS 0x00000000e1300000| PB 0x00000000e1300000| Untracked 
|  20|0x00000000e1400000, 0x00000000e1500000, 0x00000000e1500000|100%| O|  |TAMS 0x00000000e1400000| PB 0x00000000e1400000| Untracked 
|  21|0x00000000e1500000, 0x00000000e1600000, 0x00000000e1600000|100%| O|  |TAMS 0x00000000e1500000| PB 0x00000000e1500000| Untracked 
|  22|0x00000000e1600000, 0x00000000e1700000, 0x00000000e1700000|100%| O|  |TAMS 0x00000000e1600000| PB 0x00000000e1600000| Untracked 
|  23|0x00000000e1700000, 0x00000000e1800000, 0x00000000e1800000|100%| O|Cm|TAMS 0x00000000e1700000| PB 0x00000000e1700000| Complete 
|  24|0x00000000e1800000, 0x00000000e1900000, 0x00000000e1900000|100%|HS|  |TAMS 0x00000000e1800000| PB 0x00000000e1800000| Complete 
|  25|0x00000000e1900000, 0x00000000e1a00000, 0x00000000e1a00000|100%|HC|  |TAMS 0x00000000e1900000| PB 0x00000000e1900000| Complete 
|  26|0x00000000e1a00000, 0x00000000e1b00000, 0x00000000e1b00000|100%|HS|  |TAMS 0x00000000e1a00000| PB 0x00000000e1a00000| Complete 
|  27|0x00000000e1b00000, 0x00000000e1c00000, 0x00000000e1c00000|100%|HC|  |TAMS 0x00000000e1b00000| PB 0x00000000e1b00000| Complete 
|  28|0x00000000e1c00000, 0x00000000e1d00000, 0x00000000e1d00000|100%|HS|  |TAMS 0x00000000e1c00000| PB 0x00000000e1c00000| Complete 
|  29|0x00000000e1d00000, 0x00000000e1e00000, 0x00000000e1e00000|100%|HC|  |TAMS 0x00000000e1d00000| PB 0x00000000e1d00000| Complete 
|  30|0x00000000e1e00000, 0x00000000e1f00000, 0x00000000e1f00000|100%|HC|  |TAMS 0x00000000e1e00000| PB 0x00000000e1e00000| Complete 
|  31|0x00000000e1f00000, 0x00000000e2000000, 0x00000000e2000000|100%|HC|  |TAMS 0x00000000e1f00000| PB 0x00000000e1f00000| Complete 
|  32|0x00000000e2000000, 0x00000000e2100000, 0x00000000e2100000|100%|HS|  |TAMS 0x00000000e2000000| PB 0x00000000e2000000| Complete 
|  33|0x00000000e2100000, 0x00000000e2200000, 0x00000000e2200000|100%|HC|  |TAMS 0x00000000e2100000| PB 0x00000000e2100000| Complete 
|  34|0x00000000e2200000, 0x00000000e2300000, 0x00000000e2300000|100%|HC|  |TAMS 0x00000000e2200000| PB 0x00000000e2200000| Complete 
|  35|0x00000000e2300000, 0x00000000e2400000, 0x00000000e2400000|100%|HC|  |TAMS 0x00000000e2300000| PB 0x00000000e2300000| Complete 
|  36|0x00000000e2400000, 0x00000000e2500000, 0x00000000e2500000|100%| O|  |TAMS 0x00000000e2400000| PB 0x00000000e2400000| Untracked 
|  37|0x00000000e2500000, 0x00000000e2600000, 0x00000000e2600000|100%| O|  |TAMS 0x00000000e2500000| PB 0x00000000e2500000| Untracked 
|  38|0x00000000e2600000, 0x00000000e2700000, 0x00000000e2700000|100%| O|  |TAMS 0x00000000e2600000| PB 0x00000000e2600000| Untracked 
|  39|0x00000000e2700000, 0x00000000e2800000, 0x00000000e2800000|100%| O|  |TAMS 0x00000000e2700000| PB 0x00000000e2700000| Untracked 
|  40|0x00000000e2800000, 0x00000000e2900000, 0x00000000e2900000|100%| O|  |TAMS 0x00000000e2800000| PB 0x00000000e2800000| Untracked 
|  41|0x00000000e2900000, 0x00000000e2a00000, 0x00000000e2a00000|100%| O|  |TAMS 0x00000000e2900000| PB 0x00000000e2900000| Untracked 
|  42|0x00000000e2a00000, 0x00000000e2b00000, 0x00000000e2b00000|100%| O|  |TAMS 0x00000000e2a00000| PB 0x00000000e2a00000| Untracked 
|  43|0x00000000e2b00000, 0x00000000e2c00000, 0x00000000e2c00000|100%| O|  |TAMS 0x00000000e2b00000| PB 0x00000000e2b00000| Untracked 
|  44|0x00000000e2c00000, 0x00000000e2d00000, 0x00000000e2d00000|100%| O|  |TAMS 0x00000000e2c00000| PB 0x00000000e2c00000| Untracked 
|  45|0x00000000e2d00000, 0x00000000e2e00000, 0x00000000e2e00000|100%| O|  |TAMS 0x00000000e2d00000| PB 0x00000000e2d00000| Untracked 
|  46|0x00000000e2e00000, 0x00000000e2f00000, 0x00000000e2f00000|100%| O|  |TAMS 0x00000000e2e00000| PB 0x00000000e2e00000| Untracked 
|  47|0x00000000e2f00000, 0x00000000e3000000, 0x00000000e3000000|100%| O|  |TAMS 0x00000000e2f00000| PB 0x00000000e2f00000| Untracked 
|  48|0x00000000e3000000, 0x00000000e3100000, 0x00000000e3100000|100%| O|  |TAMS 0x00000000e3000000| PB 0x00000000e3000000| Untracked 
|  49|0x00000000e3100000, 0x00000000e3200000, 0x00000000e3200000|100%| O|  |TAMS 0x00000000e3100000| PB 0x00000000e3100000| Untracked 
|  50|0x00000000e3200000, 0x00000000e3300000, 0x00000000e3300000|100%| O|  |TAMS 0x00000000e3200000| PB 0x00000000e3200000| Untracked 
|  51|0x00000000e3300000, 0x00000000e3400000, 0x00000000e3400000|100%| O|  |TAMS 0x00000000e3300000| PB 0x00000000e3300000| Untracked 
|  52|0x00000000e3400000, 0x00000000e3500000, 0x00000000e3500000|100%| O|  |TAMS 0x00000000e3400000| PB 0x00000000e3400000| Untracked 
|  53|0x00000000e3500000, 0x00000000e3600000, 0x00000000e3600000|100%| O|  |TAMS 0x00000000e3500000| PB 0x00000000e3500000| Untracked 
|  54|0x00000000e3600000, 0x00000000e3700000, 0x00000000e3700000|100%| O|  |TAMS 0x00000000e3600000| PB 0x00000000e3600000| Untracked 
|  55|0x00000000e3700000, 0x00000000e3800000, 0x00000000e3800000|100%| O|  |TAMS 0x00000000e3700000| PB 0x00000000e3700000| Untracked 
|  56|0x00000000e3800000, 0x00000000e3900000, 0x00000000e3900000|100%| O|  |TAMS 0x00000000e3800000| PB 0x00000000e3800000| Untracked 
|  57|0x00000000e3900000, 0x00000000e3a00000, 0x00000000e3a00000|100%| O|  |TAMS 0x00000000e3900000| PB 0x00000000e3900000| Untracked 
|  58|0x00000000e3a00000, 0x00000000e3a41150, 0x00000000e3b00000| 25%| O|  |TAMS 0x00000000e3a00000| PB 0x00000000e3a00000| Untracked 
|  59|0x00000000e3b00000, 0x00000000e3b00000, 0x00000000e3c00000|  0%| F|  |TAMS 0x00000000e3b00000| PB 0x00000000e3b00000| Untracked 
|  60|0x00000000e3c00000, 0x00000000e3c00000, 0x00000000e3d00000|  0%| F|  |TAMS 0x00000000e3c00000| PB 0x00000000e3c00000| Untracked 
|  61|0x00000000e3d00000, 0x00000000e3d00000, 0x00000000e3e00000|  0%| F|  |TAMS 0x00000000e3d00000| PB 0x00000000e3d00000| Untracked 
|  62|0x00000000e3e00000, 0x00000000e3e00000, 0x00000000e3f00000|  0%| F|  |TAMS 0x00000000e3e00000| PB 0x00000000e3e00000| Untracked 
|  63|0x00000000e3f00000, 0x00000000e3f00000, 0x00000000e4000000|  0%| F|  |TAMS 0x00000000e3f00000| PB 0x00000000e3f00000| Untracked 
|  64|0x00000000e4000000, 0x00000000e4000000, 0x00000000e4100000|  0%| F|  |TAMS 0x00000000e4000000| PB 0x00000000e4000000| Untracked 
|  65|0x00000000e4100000, 0x00000000e4100000, 0x00000000e4200000|  0%| F|  |TAMS 0x00000000e4100000| PB 0x00000000e4100000| Untracked 
|  66|0x00000000e4200000, 0x00000000e4200000, 0x00000000e4300000|  0%| F|  |TAMS 0x00000000e4200000| PB 0x00000000e4200000| Untracked 
|  67|0x00000000e4300000, 0x00000000e4300000, 0x00000000e4400000|  0%| F|  |TAMS 0x00000000e4300000| PB 0x00000000e4300000| Untracked 
|  68|0x00000000e4400000, 0x00000000e4400000, 0x00000000e4500000|  0%| F|  |TAMS 0x00000000e4400000| PB 0x00000000e4400000| Untracked 
|  69|0x00000000e4500000, 0x00000000e4500000, 0x00000000e4600000|  0%| F|  |TAMS 0x00000000e4500000| PB 0x00000000e4500000| Untracked 
|  70|0x00000000e4600000, 0x00000000e4600000, 0x00000000e4700000|  0%| F|  |TAMS 0x00000000e4600000| PB 0x00000000e4600000| Untracked 
|  71|0x00000000e4700000, 0x00000000e4700000, 0x00000000e4800000|  0%| F|  |TAMS 0x00000000e4700000| PB 0x00000000e4700000| Untracked 
|  72|0x00000000e4800000, 0x00000000e4800000, 0x00000000e4900000|  0%| F|  |TAMS 0x00000000e4800000| PB 0x00000000e4800000| Untracked 
|  73|0x00000000e4900000, 0x00000000e4900000, 0x00000000e4a00000|  0%| F|  |TAMS 0x00000000e4900000| PB 0x00000000e4900000| Untracked 
|  74|0x00000000e4a00000, 0x00000000e4a00000, 0x00000000e4b00000|  0%| F|  |TAMS 0x00000000e4a00000| PB 0x00000000e4a00000| Untracked 
|  75|0x00000000e4b00000, 0x00000000e4b00000, 0x00000000e4c00000|  0%| F|  |TAMS 0x00000000e4b00000| PB 0x00000000e4b00000| Untracked 
|  76|0x00000000e4c00000, 0x00000000e4c00000, 0x00000000e4d00000|  0%| F|  |TAMS 0x00000000e4c00000| PB 0x00000000e4c00000| Untracked 
|  77|0x00000000e4d00000, 0x00000000e4d00000, 0x00000000e4e00000|  0%| F|  |TAMS 0x00000000e4d00000| PB 0x00000000e4d00000| Untracked 
|  78|0x00000000e4e00000, 0x00000000e4e00000, 0x00000000e4f00000|  0%| F|  |TAMS 0x00000000e4e00000| PB 0x00000000e4e00000| Untracked 
|  79|0x00000000e4f00000, 0x00000000e4f00000, 0x00000000e5000000|  0%| F|  |TAMS 0x00000000e4f00000| PB 0x00000000e4f00000| Untracked 
|  80|0x00000000e5000000, 0x00000000e5000000, 0x00000000e5100000|  0%| F|  |TAMS 0x00000000e5000000| PB 0x00000000e5000000| Untracked 
|  81|0x00000000e5100000, 0x00000000e5100000, 0x00000000e5200000|  0%| F|  |TAMS 0x00000000e5100000| PB 0x00000000e5100000| Untracked 
|  82|0x00000000e5200000, 0x00000000e5200000, 0x00000000e5300000|  0%| F|  |TAMS 0x00000000e5200000| PB 0x00000000e5200000| Untracked 
|  83|0x00000000e5300000, 0x00000000e5300000, 0x00000000e5400000|  0%| F|  |TAMS 0x00000000e5300000| PB 0x00000000e5300000| Untracked 
|  84|0x00000000e5400000, 0x00000000e5400000, 0x00000000e5500000|  0%| F|  |TAMS 0x00000000e5400000| PB 0x00000000e5400000| Untracked 
|  85|0x00000000e5500000, 0x00000000e5500000, 0x00000000e5600000|  0%| F|  |TAMS 0x00000000e5500000| PB 0x00000000e5500000| Untracked 
|  86|0x00000000e5600000, 0x00000000e5600000, 0x00000000e5700000|  0%| F|  |TAMS 0x00000000e5600000| PB 0x00000000e5600000| Untracked 
|  87|0x00000000e5700000, 0x00000000e5700000, 0x00000000e5800000|  0%| F|  |TAMS 0x00000000e5700000| PB 0x00000000e5700000| Untracked 
|  88|0x00000000e5800000, 0x00000000e5800000, 0x00000000e5900000|  0%| F|  |TAMS 0x00000000e5800000| PB 0x00000000e5800000| Untracked 
|  89|0x00000000e5900000, 0x00000000e5900000, 0x00000000e5a00000|  0%| F|  |TAMS 0x00000000e5900000| PB 0x00000000e5900000| Untracked 
|  90|0x00000000e5a00000, 0x00000000e5a00000, 0x00000000e5b00000|  0%| F|  |TAMS 0x00000000e5a00000| PB 0x00000000e5a00000| Untracked 
|  91|0x00000000e5b00000, 0x00000000e5b00000, 0x00000000e5c00000|  0%| F|  |TAMS 0x00000000e5b00000| PB 0x00000000e5b00000| Untracked 
|  92|0x00000000e5c00000, 0x00000000e5c00000, 0x00000000e5d00000|  0%| F|  |TAMS 0x00000000e5c00000| PB 0x00000000e5c00000| Untracked 
|  93|0x00000000e5d00000, 0x00000000e5d00000, 0x00000000e5e00000|  0%| F|  |TAMS 0x00000000e5d00000| PB 0x00000000e5d00000| Untracked 
|  94|0x00000000e5e00000, 0x00000000e5e00000, 0x00000000e5f00000|  0%| F|  |TAMS 0x00000000e5e00000| PB 0x00000000e5e00000| Untracked 
|  95|0x00000000e5f00000, 0x00000000e5f00000, 0x00000000e6000000|  0%| F|  |TAMS 0x00000000e5f00000| PB 0x00000000e5f00000| Untracked 
|  96|0x00000000e6000000, 0x00000000e6000000, 0x00000000e6100000|  0%| F|  |TAMS 0x00000000e6000000| PB 0x00000000e6000000| Untracked 
|  97|0x00000000e6100000, 0x00000000e6100000, 0x00000000e6200000|  0%| F|  |TAMS 0x00000000e6100000| PB 0x00000000e6100000| Untracked 
|  98|0x00000000e6200000, 0x00000000e6200000, 0x00000000e6300000|  0%| F|  |TAMS 0x00000000e6200000| PB 0x00000000e6200000| Untracked 
|  99|0x00000000e6300000, 0x00000000e6300000, 0x00000000e6400000|  0%| F|  |TAMS 0x00000000e6300000| PB 0x00000000e6300000| Untracked 
| 100|0x00000000e6400000, 0x00000000e6400000, 0x00000000e6500000|  0%| F|  |TAMS 0x00000000e6400000| PB 0x00000000e6400000| Untracked 
| 101|0x00000000e6500000, 0x00000000e6500000, 0x00000000e6600000|  0%| F|  |TAMS 0x00000000e6500000| PB 0x00000000e6500000| Untracked 
| 102|0x00000000e6600000, 0x00000000e6600000, 0x00000000e6700000|  0%| F|  |TAMS 0x00000000e6600000| PB 0x00000000e6600000| Untracked 
| 103|0x00000000e6700000, 0x00000000e6700000, 0x00000000e6800000|  0%| F|  |TAMS 0x00000000e6700000| PB 0x00000000e6700000| Untracked 
| 104|0x00000000e6800000, 0x00000000e6800000, 0x00000000e6900000|  0%| F|  |TAMS 0x00000000e6800000| PB 0x00000000e6800000| Untracked 
| 105|0x00000000e6900000, 0x00000000e6900000, 0x00000000e6a00000|  0%| F|  |TAMS 0x00000000e6900000| PB 0x00000000e6900000| Untracked 
| 106|0x00000000e6a00000, 0x00000000e6a00000, 0x00000000e6b00000|  0%| F|  |TAMS 0x00000000e6a00000| PB 0x00000000e6a00000| Untracked 
| 107|0x00000000e6b00000, 0x00000000e6b00000, 0x00000000e6c00000|  0%| F|  |TAMS 0x00000000e6b00000| PB 0x00000000e6b00000| Untracked 
| 108|0x00000000e6c00000, 0x00000000e6c00000, 0x00000000e6d00000|  0%| F|  |TAMS 0x00000000e6c00000| PB 0x00000000e6c00000| Untracked 
| 109|0x00000000e6d00000, 0x00000000e6d00000, 0x00000000e6e00000|  0%| F|  |TAMS 0x00000000e6d00000| PB 0x00000000e6d00000| Untracked 
| 110|0x00000000e6e00000, 0x00000000e6e00000, 0x00000000e6f00000|  0%| F|  |TAMS 0x00000000e6e00000| PB 0x00000000e6e00000| Untracked 
| 111|0x00000000e6f00000, 0x00000000e6f00000, 0x00000000e7000000|  0%| F|  |TAMS 0x00000000e6f00000| PB 0x00000000e6f00000| Untracked 
| 112|0x00000000e7000000, 0x00000000e7000000, 0x00000000e7100000|  0%| F|  |TAMS 0x00000000e7000000| PB 0x00000000e7000000| Untracked 
| 113|0x00000000e7100000, 0x00000000e7100000, 0x00000000e7200000|  0%| F|  |TAMS 0x00000000e7100000| PB 0x00000000e7100000| Untracked 
| 114|0x00000000e7200000, 0x00000000e7200000, 0x00000000e7300000|  0%| F|  |TAMS 0x00000000e7200000| PB 0x00000000e7200000| Untracked 
| 115|0x00000000e7300000, 0x00000000e7300000, 0x00000000e7400000|  0%| F|  |TAMS 0x00000000e7300000| PB 0x00000000e7300000| Untracked 
| 116|0x00000000e7400000, 0x00000000e7400000, 0x00000000e7500000|  0%| F|  |TAMS 0x00000000e7400000| PB 0x00000000e7400000| Untracked 
| 117|0x00000000e7500000, 0x00000000e7500000, 0x00000000e7600000|  0%| F|  |TAMS 0x00000000e7500000| PB 0x00000000e7500000| Untracked 
| 118|0x00000000e7600000, 0x00000000e7600000, 0x00000000e7700000|  0%| F|  |TAMS 0x00000000e7600000| PB 0x00000000e7600000| Untracked 
| 119|0x00000000e7700000, 0x00000000e7700000, 0x00000000e7800000|  0%| F|  |TAMS 0x00000000e7700000| PB 0x00000000e7700000| Untracked 
| 120|0x00000000e7800000, 0x00000000e7800000, 0x00000000e7900000|  0%| F|  |TAMS 0x00000000e7800000| PB 0x00000000e7800000| Untracked 
| 121|0x00000000e7900000, 0x00000000e7900000, 0x00000000e7a00000|  0%| F|  |TAMS 0x00000000e7900000| PB 0x00000000e7900000| Untracked 
| 122|0x00000000e7a00000, 0x00000000e7a00000, 0x00000000e7b00000|  0%| F|  |TAMS 0x00000000e7a00000| PB 0x00000000e7a00000| Untracked 
| 123|0x00000000e7b00000, 0x00000000e7b00000, 0x00000000e7c00000|  0%| F|  |TAMS 0x00000000e7b00000| PB 0x00000000e7b00000| Untracked 
| 124|0x00000000e7c00000, 0x00000000e7c00000, 0x00000000e7d00000|  0%| F|  |TAMS 0x00000000e7c00000| PB 0x00000000e7c00000| Untracked 
| 125|0x00000000e7d00000, 0x00000000e7d00000, 0x00000000e7e00000|  0%| F|  |TAMS 0x00000000e7d00000| PB 0x00000000e7d00000| Untracked 
| 126|0x00000000e7e00000, 0x00000000e7e00000, 0x00000000e7f00000|  0%| F|  |TAMS 0x00000000e7e00000| PB 0x00000000e7e00000| Untracked 
| 127|0x00000000e7f00000, 0x00000000e7f00000, 0x00000000e8000000|  0%| F|  |TAMS 0x00000000e7f00000| PB 0x00000000e7f00000| Untracked 
| 128|0x00000000e8000000, 0x00000000e8000000, 0x00000000e8100000|  0%| F|  |TAMS 0x00000000e8000000| PB 0x00000000e8000000| Untracked 
| 129|0x00000000e8100000, 0x00000000e8100000, 0x00000000e8200000|  0%| F|  |TAMS 0x00000000e8100000| PB 0x00000000e8100000| Untracked 
| 130|0x00000000e8200000, 0x00000000e8200000, 0x00000000e8300000|  0%| F|  |TAMS 0x00000000e8200000| PB 0x00000000e8200000| Untracked 
| 131|0x00000000e8300000, 0x00000000e8300000, 0x00000000e8400000|  0%| F|  |TAMS 0x00000000e8300000| PB 0x00000000e8300000| Untracked 
| 132|0x00000000e8400000, 0x00000000e8400000, 0x00000000e8500000|  0%| F|  |TAMS 0x00000000e8400000| PB 0x00000000e8400000| Untracked 
| 133|0x00000000e8500000, 0x00000000e8500000, 0x00000000e8600000|  0%| F|  |TAMS 0x00000000e8500000| PB 0x00000000e8500000| Untracked 
| 134|0x00000000e8600000, 0x00000000e8600000, 0x00000000e8700000|  0%| F|  |TAMS 0x00000000e8600000| PB 0x00000000e8600000| Untracked 
| 135|0x00000000e8700000, 0x00000000e8700000, 0x00000000e8800000|  0%| F|  |TAMS 0x00000000e8700000| PB 0x00000000e8700000| Untracked 
| 136|0x00000000e8800000, 0x00000000e8800000, 0x00000000e8900000|  0%| F|  |TAMS 0x00000000e8800000| PB 0x00000000e8800000| Untracked 
| 137|0x00000000e8900000, 0x00000000e8900000, 0x00000000e8a00000|  0%| F|  |TAMS 0x00000000e8900000| PB 0x00000000e8900000| Untracked 
| 138|0x00000000e8a00000, 0x00000000e8a00000, 0x00000000e8b00000|  0%| F|  |TAMS 0x00000000e8a00000| PB 0x00000000e8a00000| Untracked 
| 139|0x00000000e8b00000, 0x00000000e8b00000, 0x00000000e8c00000|  0%| F|  |TAMS 0x00000000e8b00000| PB 0x00000000e8b00000| Untracked 
| 140|0x00000000e8c00000, 0x00000000e8c00000, 0x00000000e8d00000|  0%| F|  |TAMS 0x00000000e8c00000| PB 0x00000000e8c00000| Untracked 
| 141|0x00000000e8d00000, 0x00000000e8d00000, 0x00000000e8e00000|  0%| F|  |TAMS 0x00000000e8d00000| PB 0x00000000e8d00000| Untracked 
| 142|0x00000000e8e00000, 0x00000000e8e00000, 0x00000000e8f00000|  0%| F|  |TAMS 0x00000000e8e00000| PB 0x00000000e8e00000| Untracked 
| 143|0x00000000e8f00000, 0x00000000e8f00000, 0x00000000e9000000|  0%| F|  |TAMS 0x00000000e8f00000| PB 0x00000000e8f00000| Untracked 
| 144|0x00000000e9000000, 0x00000000e9000000, 0x00000000e9100000|  0%| F|  |TAMS 0x00000000e9000000| PB 0x00000000e9000000| Untracked 
| 145|0x00000000e9100000, 0x00000000e9100000, 0x00000000e9200000|  0%| F|  |TAMS 0x00000000e9100000| PB 0x00000000e9100000| Untracked 
| 146|0x00000000e9200000, 0x00000000e9200000, 0x00000000e9300000|  0%| F|  |TAMS 0x00000000e9200000| PB 0x00000000e9200000| Untracked 
| 147|0x00000000e9300000, 0x00000000e9300000, 0x00000000e9400000|  0%| F|  |TAMS 0x00000000e9300000| PB 0x00000000e9300000| Untracked 
| 148|0x00000000e9400000, 0x00000000e9400000, 0x00000000e9500000|  0%| F|  |TAMS 0x00000000e9400000| PB 0x00000000e9400000| Untracked 
| 149|0x00000000e9500000, 0x00000000e9500000, 0x00000000e9600000|  0%| F|  |TAMS 0x00000000e9500000| PB 0x00000000e9500000| Untracked 
| 150|0x00000000e9600000, 0x00000000e9600000, 0x00000000e9700000|  0%| F|  |TAMS 0x00000000e9600000| PB 0x00000000e9600000| Untracked 
| 151|0x00000000e9700000, 0x00000000e9700000, 0x00000000e9800000|  0%| F|  |TAMS 0x00000000e9700000| PB 0x00000000e9700000| Untracked 
| 152|0x00000000e9800000, 0x00000000e9800000, 0x00000000e9900000|  0%| F|  |TAMS 0x00000000e9800000| PB 0x00000000e9800000| Untracked 
| 153|0x00000000e9900000, 0x00000000e9900000, 0x00000000e9a00000|  0%| F|  |TAMS 0x00000000e9900000| PB 0x00000000e9900000| Untracked 
| 154|0x00000000e9a00000, 0x00000000e9a00000, 0x00000000e9b00000|  0%| F|  |TAMS 0x00000000e9a00000| PB 0x00000000e9a00000| Untracked 
| 155|0x00000000e9b00000, 0x00000000e9b00000, 0x00000000e9c00000|  0%| F|  |TAMS 0x00000000e9b00000| PB 0x00000000e9b00000| Untracked 
| 156|0x00000000e9c00000, 0x00000000e9c00000, 0x00000000e9d00000|  0%| F|  |TAMS 0x00000000e9c00000| PB 0x00000000e9c00000| Untracked 
| 157|0x00000000e9d00000, 0x00000000e9d00000, 0x00000000e9e00000|  0%| F|  |TAMS 0x00000000e9d00000| PB 0x00000000e9d00000| Untracked 
| 158|0x00000000e9e00000, 0x00000000e9e00000, 0x00000000e9f00000|  0%| F|  |TAMS 0x00000000e9e00000| PB 0x00000000e9e00000| Untracked 
| 159|0x00000000e9f00000, 0x00000000e9f00000, 0x00000000ea000000|  0%| F|  |TAMS 0x00000000e9f00000| PB 0x00000000e9f00000| Untracked 
| 160|0x00000000ea000000, 0x00000000ea000000, 0x00000000ea100000|  0%| F|  |TAMS 0x00000000ea000000| PB 0x00000000ea000000| Untracked 
| 161|0x00000000ea100000, 0x00000000ea100000, 0x00000000ea200000|  0%| F|  |TAMS 0x00000000ea100000| PB 0x00000000ea100000| Untracked 
| 162|0x00000000ea200000, 0x00000000ea200000, 0x00000000ea300000|  0%| F|  |TAMS 0x00000000ea200000| PB 0x00000000ea200000| Untracked 
| 163|0x00000000ea300000, 0x00000000ea400000, 0x00000000ea400000|100%| E|  |TAMS 0x00000000ea300000| PB 0x00000000ea300000| Complete 
| 164|0x00000000ea400000, 0x00000000ea500000, 0x00000000ea500000|100%| E|CS|TAMS 0x00000000ea400000| PB 0x00000000ea400000| Complete 
| 165|0x00000000ea500000, 0x00000000ea600000, 0x00000000ea600000|100%| E|CS|TAMS 0x00000000ea500000| PB 0x00000000ea500000| Complete 
| 166|0x00000000ea600000, 0x00000000ea700000, 0x00000000ea700000|100%| E|CS|TAMS 0x00000000ea600000| PB 0x00000000ea600000| Complete 
| 167|0x00000000ea700000, 0x00000000ea800000, 0x00000000ea800000|100%| E|CS|TAMS 0x00000000ea700000| PB 0x00000000ea700000| Complete 
| 168|0x00000000ea800000, 0x00000000ea900000, 0x00000000ea900000|100%| E|CS|TAMS 0x00000000ea800000| PB 0x00000000ea800000| Complete 
| 169|0x00000000ea900000, 0x00000000eaa00000, 0x00000000eaa00000|100%| E|CS|TAMS 0x00000000ea900000| PB 0x00000000ea900000| Complete 
| 170|0x00000000eaa00000, 0x00000000eab00000, 0x00000000eab00000|100%| E|CS|TAMS 0x00000000eaa00000| PB 0x00000000eaa00000| Complete 
| 171|0x00000000eab00000, 0x00000000eac00000, 0x00000000eac00000|100%| E|CS|TAMS 0x00000000eab00000| PB 0x00000000eab00000| Complete 
| 172|0x00000000eac00000, 0x00000000ead00000, 0x00000000ead00000|100%| E|CS|TAMS 0x00000000eac00000| PB 0x00000000eac00000| Complete 
| 173|0x00000000ead00000, 0x00000000eae00000, 0x00000000eae00000|100%| E|CS|TAMS 0x00000000ead00000| PB 0x00000000ead00000| Complete 
| 174|0x00000000eae00000, 0x00000000eaf00000, 0x00000000eaf00000|100%| E|CS|TAMS 0x00000000eae00000| PB 0x00000000eae00000| Complete 
| 175|0x00000000eaf00000, 0x00000000eb000000, 0x00000000eb000000|100%| E|CS|TAMS 0x00000000eaf00000| PB 0x00000000eaf00000| Complete 
| 176|0x00000000eb000000, 0x00000000eb100000, 0x00000000eb100000|100%| E|CS|TAMS 0x00000000eb000000| PB 0x00000000eb000000| Complete 
| 177|0x00000000eb100000, 0x00000000eb200000, 0x00000000eb200000|100%| E|CS|TAMS 0x00000000eb100000| PB 0x00000000eb100000| Complete 
| 178|0x00000000eb200000, 0x00000000eb300000, 0x00000000eb300000|100%| E|CS|TAMS 0x00000000eb200000| PB 0x00000000eb200000| Complete 
| 179|0x00000000eb300000, 0x00000000eb400000, 0x00000000eb400000|100%| E|CS|TAMS 0x00000000eb300000| PB 0x00000000eb300000| Complete 
| 180|0x00000000eb400000, 0x00000000eb500000, 0x00000000eb500000|100%| E|CS|TAMS 0x00000000eb400000| PB 0x00000000eb400000| Complete 
| 181|0x00000000eb500000, 0x00000000eb600000, 0x00000000eb600000|100%| E|CS|TAMS 0x00000000eb500000| PB 0x00000000eb500000| Complete 
| 182|0x00000000eb600000, 0x00000000eb700000, 0x00000000eb700000|100%| E|CS|TAMS 0x00000000eb600000| PB 0x00000000eb600000| Complete 
| 183|0x00000000eb700000, 0x00000000eb800000, 0x00000000eb800000|100%| E|CS|TAMS 0x00000000eb700000| PB 0x00000000eb700000| Complete 
| 184|0x00000000eb800000, 0x00000000eb900000, 0x00000000eb900000|100%| E|CS|TAMS 0x00000000eb800000| PB 0x00000000eb800000| Complete 
| 185|0x00000000eb900000, 0x00000000eba00000, 0x00000000eba00000|100%| E|CS|TAMS 0x00000000eb900000| PB 0x00000000eb900000| Complete 
| 186|0x00000000eba00000, 0x00000000ebb00000, 0x00000000ebb00000|100%| E|CS|TAMS 0x00000000eba00000| PB 0x00000000eba00000| Complete 
| 187|0x00000000ebb00000, 0x00000000ebc00000, 0x00000000ebc00000|100%| E|CS|TAMS 0x00000000ebb00000| PB 0x00000000ebb00000| Complete 
| 188|0x00000000ebc00000, 0x00000000ebd00000, 0x00000000ebd00000|100%| E|CS|TAMS 0x00000000ebc00000| PB 0x00000000ebc00000| Complete 
| 189|0x00000000ebd00000, 0x00000000ebe00000, 0x00000000ebe00000|100%| E|CS|TAMS 0x00000000ebd00000| PB 0x00000000ebd00000| Complete 
| 190|0x00000000ebe00000, 0x00000000ebf00000, 0x00000000ebf00000|100%| E|CS|TAMS 0x00000000ebe00000| PB 0x00000000ebe00000| Complete 
| 191|0x00000000ebf00000, 0x00000000ec000000, 0x00000000ec000000|100%| E|CS|TAMS 0x00000000ebf00000| PB 0x00000000ebf00000| Complete 
| 192|0x00000000ec000000, 0x00000000ec100000, 0x00000000ec100000|100%| E|CS|TAMS 0x00000000ec000000| PB 0x00000000ec000000| Complete 
| 193|0x00000000ec100000, 0x00000000ec200000, 0x00000000ec200000|100%| E|CS|TAMS 0x00000000ec100000| PB 0x00000000ec100000| Complete 
| 194|0x00000000ec200000, 0x00000000ec300000, 0x00000000ec300000|100%| E|CS|TAMS 0x00000000ec200000| PB 0x00000000ec200000| Complete 
| 195|0x00000000ec300000, 0x00000000ec400000, 0x00000000ec400000|100%| E|CS|TAMS 0x00000000ec300000| PB 0x00000000ec300000| Complete 
| 196|0x00000000ec400000, 0x00000000ec500000, 0x00000000ec500000|100%| E|CS|TAMS 0x00000000ec400000| PB 0x00000000ec400000| Complete 
| 197|0x00000000ec500000, 0x00000000ec600000, 0x00000000ec600000|100%| E|CS|TAMS 0x00000000ec500000| PB 0x00000000ec500000| Complete 
| 198|0x00000000ec600000, 0x00000000ec700000, 0x00000000ec700000|100%| E|CS|TAMS 0x00000000ec600000| PB 0x00000000ec600000| Complete 
| 199|0x00000000ec700000, 0x00000000ec800000, 0x00000000ec800000|100%| E|CS|TAMS 0x00000000ec700000| PB 0x00000000ec700000| Complete 
| 200|0x00000000ec800000, 0x00000000ec900000, 0x00000000ec900000|100%| E|CS|TAMS 0x00000000ec800000| PB 0x00000000ec800000| Complete 
| 201|0x00000000ec900000, 0x00000000eca00000, 0x00000000eca00000|100%| E|CS|TAMS 0x00000000ec900000| PB 0x00000000ec900000| Complete 
| 202|0x00000000eca00000, 0x00000000ecb00000, 0x00000000ecb00000|100%| E|CS|TAMS 0x00000000eca00000| PB 0x00000000eca00000| Complete 
| 203|0x00000000ecb00000, 0x00000000ecc00000, 0x00000000ecc00000|100%| E|CS|TAMS 0x00000000ecb00000| PB 0x00000000ecb00000| Complete 
| 204|0x00000000ecc00000, 0x00000000ecd00000, 0x00000000ecd00000|100%| E|CS|TAMS 0x00000000ecc00000| PB 0x00000000ecc00000| Complete 
| 205|0x00000000ecd00000, 0x00000000ece00000, 0x00000000ece00000|100%| E|CS|TAMS 0x00000000ecd00000| PB 0x00000000ecd00000| Complete 
| 206|0x00000000ece00000, 0x00000000ecf00000, 0x00000000ecf00000|100%| E|CS|TAMS 0x00000000ece00000| PB 0x00000000ece00000| Complete 
| 207|0x00000000ecf00000, 0x00000000ed000000, 0x00000000ed000000|100%| E|CS|TAMS 0x00000000ecf00000| PB 0x00000000ecf00000| Complete 
| 208|0x00000000ed000000, 0x00000000ed100000, 0x00000000ed100000|100%| E|CS|TAMS 0x00000000ed000000| PB 0x00000000ed000000| Complete 
| 209|0x00000000ed100000, 0x00000000ed200000, 0x00000000ed200000|100%| E|CS|TAMS 0x00000000ed100000| PB 0x00000000ed100000| Complete 
| 210|0x00000000ed200000, 0x00000000ed300000, 0x00000000ed300000|100%| E|CS|TAMS 0x00000000ed200000| PB 0x00000000ed200000| Complete 
| 211|0x00000000ed300000, 0x00000000ed400000, 0x00000000ed400000|100%| E|CS|TAMS 0x00000000ed300000| PB 0x00000000ed300000| Complete 
| 212|0x00000000ed400000, 0x00000000ed500000, 0x00000000ed500000|100%| E|CS|TAMS 0x00000000ed400000| PB 0x00000000ed400000| Complete 
| 213|0x00000000ed500000, 0x00000000ed600000, 0x00000000ed600000|100%| E|CS|TAMS 0x00000000ed500000| PB 0x00000000ed500000| Complete 
| 214|0x00000000ed600000, 0x00000000ed700000, 0x00000000ed700000|100%| E|CS|TAMS 0x00000000ed600000| PB 0x00000000ed600000| Complete 
| 215|0x00000000ed700000, 0x00000000ed800000, 0x00000000ed800000|100%| E|CS|TAMS 0x00000000ed700000| PB 0x00000000ed700000| Complete 
| 216|0x00000000ed800000, 0x00000000ed900000, 0x00000000ed900000|100%| E|CS|TAMS 0x00000000ed800000| PB 0x00000000ed800000| Complete 
| 217|0x00000000ed900000, 0x00000000eda00000, 0x00000000eda00000|100%| E|CS|TAMS 0x00000000ed900000| PB 0x00000000ed900000| Complete 
| 218|0x00000000eda00000, 0x00000000edb00000, 0x00000000edb00000|100%| E|CS|TAMS 0x00000000eda00000| PB 0x00000000eda00000| Complete 
| 219|0x00000000edb00000, 0x00000000edc00000, 0x00000000edc00000|100%| E|CS|TAMS 0x00000000edb00000| PB 0x00000000edb00000| Complete 
| 220|0x00000000edc00000, 0x00000000edd00000, 0x00000000edd00000|100%| E|CS|TAMS 0x00000000edc00000| PB 0x00000000edc00000| Complete 
| 221|0x00000000edd00000, 0x00000000ede00000, 0x00000000ede00000|100%| E|CS|TAMS 0x00000000edd00000| PB 0x00000000edd00000| Complete 
| 222|0x00000000ede00000, 0x00000000edf00000, 0x00000000edf00000|100%| E|  |TAMS 0x00000000ede00000| PB 0x00000000ede00000| Complete 
| 223|0x00000000edf00000, 0x00000000ee000000, 0x00000000ee000000|100%| E|CS|TAMS 0x00000000edf00000| PB 0x00000000edf00000| Complete 
| 224|0x00000000ee000000, 0x00000000ee100000, 0x00000000ee100000|100%| E|CS|TAMS 0x00000000ee000000| PB 0x00000000ee000000| Complete 
| 225|0x00000000ee100000, 0x00000000ee200000, 0x00000000ee200000|100%| E|CS|TAMS 0x00000000ee100000| PB 0x00000000ee100000| Complete 
| 226|0x00000000ee200000, 0x00000000ee300000, 0x00000000ee300000|100%| E|CS|TAMS 0x00000000ee200000| PB 0x00000000ee200000| Complete 
| 227|0x00000000ee300000, 0x00000000ee400000, 0x00000000ee400000|100%| E|CS|TAMS 0x00000000ee300000| PB 0x00000000ee300000| Complete 
| 228|0x00000000ee400000, 0x00000000ee500000, 0x00000000ee500000|100%| E|CS|TAMS 0x00000000ee400000| PB 0x00000000ee400000| Complete 
| 229|0x00000000ee500000, 0x00000000ee600000, 0x00000000ee600000|100%| E|CS|TAMS 0x00000000ee500000| PB 0x00000000ee500000| Complete 
| 230|0x00000000ee600000, 0x00000000ee700000, 0x00000000ee700000|100%| E|CS|TAMS 0x00000000ee600000| PB 0x00000000ee600000| Complete 
| 231|0x00000000ee700000, 0x00000000ee800000, 0x00000000ee800000|100%| E|CS|TAMS 0x00000000ee700000| PB 0x00000000ee700000| Complete 
| 232|0x00000000ee800000, 0x00000000ee900000, 0x00000000ee900000|100%| E|CS|TAMS 0x00000000ee800000| PB 0x00000000ee800000| Complete 
| 233|0x00000000ee900000, 0x00000000eea00000, 0x00000000eea00000|100%| E|CS|TAMS 0x00000000ee900000| PB 0x00000000ee900000| Complete 
| 234|0x00000000eea00000, 0x00000000eeb00000, 0x00000000eeb00000|100%| E|CS|TAMS 0x00000000eea00000| PB 0x00000000eea00000| Complete 
| 235|0x00000000eeb00000, 0x00000000eec00000, 0x00000000eec00000|100%| E|CS|TAMS 0x00000000eeb00000| PB 0x00000000eeb00000| Complete 
| 236|0x00000000eec00000, 0x00000000eed00000, 0x00000000eed00000|100%| E|CS|TAMS 0x00000000eec00000| PB 0x00000000eec00000| Complete 
| 237|0x00000000eed00000, 0x00000000eee00000, 0x00000000eee00000|100%| E|CS|TAMS 0x00000000eed00000| PB 0x00000000eed00000| Complete 
| 238|0x00000000eee00000, 0x00000000eef00000, 0x00000000eef00000|100%| E|CS|TAMS 0x00000000eee00000| PB 0x00000000eee00000| Complete 
| 239|0x00000000eef00000, 0x00000000ef000000, 0x00000000ef000000|100%| E|CS|TAMS 0x00000000eef00000| PB 0x00000000eef00000| Complete 
| 240|0x00000000ef000000, 0x00000000ef100000, 0x00000000ef100000|100%| E|CS|TAMS 0x00000000ef000000| PB 0x00000000ef000000| Complete 
| 241|0x00000000ef100000, 0x00000000ef200000, 0x00000000ef200000|100%| E|CS|TAMS 0x00000000ef100000| PB 0x00000000ef100000| Complete 
| 242|0x00000000ef200000, 0x00000000ef300000, 0x00000000ef300000|100%| E|CS|TAMS 0x00000000ef200000| PB 0x00000000ef200000| Complete 
| 243|0x00000000ef300000, 0x00000000ef400000, 0x00000000ef400000|100%| E|CS|TAMS 0x00000000ef300000| PB 0x00000000ef300000| Complete 
| 244|0x00000000ef400000, 0x00000000ef500000, 0x00000000ef500000|100%| E|CS|TAMS 0x00000000ef400000| PB 0x00000000ef400000| Complete 
| 245|0x00000000ef500000, 0x00000000ef600000, 0x00000000ef600000|100%| E|CS|TAMS 0x00000000ef500000| PB 0x00000000ef500000| Complete 
| 246|0x00000000ef600000, 0x00000000ef700000, 0x00000000ef700000|100%| E|CS|TAMS 0x00000000ef600000| PB 0x00000000ef600000| Complete 
| 247|0x00000000ef700000, 0x00000000ef800000, 0x00000000ef800000|100%| E|CS|TAMS 0x00000000ef700000| PB 0x00000000ef700000| Complete 
| 248|0x00000000ef800000, 0x00000000ef900000, 0x00000000ef900000|100%| E|CS|TAMS 0x00000000ef800000| PB 0x00000000ef800000| Complete 
| 249|0x00000000ef900000, 0x00000000ef936918, 0x00000000efa00000| 21%| S|CS|TAMS 0x00000000ef900000| PB 0x00000000ef900000| Complete 
| 250|0x00000000efa00000, 0x00000000efb00000, 0x00000000efb00000|100%| S|CS|TAMS 0x00000000efa00000| PB 0x00000000efa00000| Complete 
| 251|0x00000000efb00000, 0x00000000efc00000, 0x00000000efc00000|100%| S|CS|TAMS 0x00000000efb00000| PB 0x00000000efb00000| Complete 
| 252|0x00000000efc00000, 0x00000000efd00000, 0x00000000efd00000|100%| E|CS|TAMS 0x00000000efc00000| PB 0x00000000efc00000| Complete 
| 253|0x00000000efd00000, 0x00000000efe00000, 0x00000000efe00000|100%| E|CS|TAMS 0x00000000efd00000| PB 0x00000000efd00000| Complete 
| 254|0x00000000efe00000, 0x00000000eff00000, 0x00000000eff00000|100%| E|CS|TAMS 0x00000000efe00000| PB 0x00000000efe00000| Complete 
| 255|0x00000000eff00000, 0x00000000f0000000, 0x00000000f0000000|100%| E|CS|TAMS 0x00000000eff00000| PB 0x00000000eff00000| Complete 

Card table byte_map: [0x000001eafb6b0000,0x000001eafb7b0000] _byte_map_base: 0x000001eafafb0000

Marking Bits: (CMBitMap*) 0x000001eae3655500
 Bits: [0x000001eafb7b0000, 0x000001eafbfb0000)

Polling page: 0x000001eae1420000

Metaspace:

Usage:
  Non-class:     55.00 MB used.
      Class:      9.38 MB used.
       Both:     64.39 MB used.

Virtual space:
  Non-class space:       64.00 MB reserved,      56.00 MB ( 88%) committed,  1 nodes.
      Class space:      320.00 MB reserved,      10.31 MB (  3%) committed,  1 nodes.
             Both:      384.00 MB reserved,      66.31 MB ( 17%) committed. 

Chunk freelists:
   Non-Class:  7.22 MB
       Class:  5.56 MB
        Both:  12.78 MB

MaxMetaspaceSize: 384.00 MB
CompressedClassSpaceSize: 320.00 MB
Initial GC threshold: 21.00 MB
Current GC threshold: 100.31 MB
CDS: on
 - commit_granule_bytes: 65536.
 - commit_granule_words: 8192.
 - virtual_space_node_default_size: 8388608.
 - enlarge_chunks_in_place: 1.
 - use_allocation_guard: 0.


Internal statistics:

num_allocs_failed_limit: 18.
num_arena_births: 3608.
num_arena_deaths: 0.
num_vsnodes_births: 2.
num_vsnodes_deaths: 0.
num_space_committed: 1061.
num_space_uncommitted: 0.
num_chunks_returned_to_freelist: 18.
num_chunks_taken_from_freelist: 6755.
num_chunk_merges: 18.
num_chunk_splits: 4409.
num_chunks_enlarged: 2743.
num_inconsistent_stats: 0.

CodeHeap 'non-profiled nmethods': size=119168Kb used=4320Kb max_used=4320Kb free=114848Kb
 bounds [0x000001eaf38d0000, 0x000001eaf3d10000, 0x000001eafad30000]
CodeHeap 'profiled nmethods': size=119104Kb used=14538Kb max_used=14538Kb free=104565Kb
 bounds [0x000001eaebd30000, 0x000001eaecb70000, 0x000001eaf3180000]
CodeHeap 'non-nmethods': size=7488Kb used=3048Kb max_used=3651Kb free=4439Kb
 bounds [0x000001eaf3180000, 0x000001eaf3520000, 0x000001eaf38d0000]
CodeCache: size=245760Kb, used=21906Kb, max_used=22509Kb, free=223852Kb
 total_blobs=8231, nmethods=7444, adapters=689, full_count=0
Compilation: enabled, stopped_count=0, restarted_count=0

Compilation events (20 events):
Event: 7.004 Thread 0x000001eafef80e00 8091       4       java.util.Arrays::fill (28 bytes)
Event: 7.006 Thread 0x000001eafef80e00 nmethod 8091 0x000001eaf3d04710 code [0x000001eaf3d048a0, 0x000001eaf3d04b68]
Event: 7.006 Thread 0x000001eafef80e00 8060       4       com.google.common.collect.CollectPreconditions::checkNonnegative (37 bytes)
Event: 7.006 Thread 0x000001eafef80e00 nmethod 8060 0x000001eaf3d04d10 code [0x000001eaf3d04ea0, 0x000001eaf3d04f28]
Event: 7.007 Thread 0x000001eafef80e00 8093       4       java.lang.ThreadLocal::setInitialValue (64 bytes)
Event: 7.009 Thread 0x000001eaff0c7580 8094       3       java.util.ArrayList$SubList::iterator (5 bytes)
Event: 7.009 Thread 0x000001eafef819d0 8095       3       java.util.ArrayList$SubList::listIterator (19 bytes)
Event: 7.009 Thread 0x000001ea9d4cc2c0 8096       3       java.util.ArrayList$SubList::rangeCheckForAdd (26 bytes)
Event: 7.009 Thread 0x000001eaff0c7580 nmethod 8094 0x000001eaecb40010 code [0x000001eaecb40220, 0x000001eaecb40878]
Event: 7.009 Thread 0x000001ea9d4cc2c0 nmethod 8096 0x000001eaecb40b10 code [0x000001eaecb40d80, 0x000001eaecb41590]
Event: 7.009 Thread 0x000001eafef819d0 nmethod 8095 0x000001eaecb41910 code [0x000001eaecb41b20, 0x000001eaecb42048]
Event: 7.010 Thread 0x000001eaff0c7580 8097       3       java.util.ArrayList$SubList$1::<init> (39 bytes)
Event: 7.010 Thread 0x000001eaff0c7580 nmethod 8097 0x000001eaecb42290 code [0x000001eaecb42440, 0x000001eaecb42620]
Event: 7.013 Thread 0x000001eafef80e00 nmethod 8093 0x000001eaf3d05010 code [0x000001eaf3d05220, 0x000001eaf3d05ae0]
Event: 7.015 Thread 0x000001eafef80e00 8098       4       java.lang.Class::getPackageName (81 bytes)
Event: 7.016 Thread 0x000001ea9d4cc2c0 8099   !   3       kotlin.reflect.jvm.internal.impl.storage.LockBasedStorageManager$MapBasedMemoizedFunction::invoke (410 bytes)
Event: 7.018 Thread 0x000001ea9d4cc2c0 nmethod 8099 0x000001eaecb42710 code [0x000001eaecb42cc0, 0x000001eaecb45010]
Event: 7.023 Thread 0x000001ea9d4cc2c0 8100       1       org.jetbrains.kotlin.gradle.plugin.KotlinPluginLifecycleImpl::getStage (5 bytes)
Event: 7.023 Thread 0x000001ea9d4cc2c0 nmethod 8100 0x000001eaf3d05f90 code [0x000001eaf3d06120, 0x000001eaf3d061e8]
Event: 7.023 Thread 0x000001eafef80e00 nmethod 8098 0x000001eaf3d06290 code [0x000001eaf3d064a0, 0x000001eaf3d06eb0]

GC Heap History (20 events):
Event: 0.223 GC heap before
{Heap before GC invocations=0 (full 0):
 garbage-first heap   total 262144K, used 22528K [0x00000000e0000000, 0x0000000100000000)
  region size 1024K, 23 young (23552K), 0 survivors (0K)
 Metaspace       used 1069K, committed 1216K, reserved 393216K
  class space    used 81K, committed 128K, reserved 327680K
}
Event: 0.224 GC heap after
{Heap after GC invocations=1 (full 0):
 garbage-first heap   total 262144K, used 1863K [0x00000000e0000000, 0x0000000100000000)
  region size 1024K, 2 young (2048K), 2 survivors (2048K)
 Metaspace       used 1069K, committed 1216K, reserved 393216K
  class space    used 81K, committed 128K, reserved 327680K
}
Event: 0.585 GC heap before
{Heap before GC invocations=1 (full 0):
 garbage-first heap   total 262144K, used 40775K [0x00000000e0000000, 0x0000000100000000)
  region size 1024K, 38 young (38912K), 2 survivors (2048K)
 Metaspace       used 4653K, committed 4864K, reserved 393216K
  class space    used 582K, committed 704K, reserved 327680K
}
Event: 0.588 GC heap after
{Heap after GC invocations=2 (full 0):
 garbage-first heap   total 262144K, used 10773K [0x00000000e0000000, 0x0000000100000000)
  region size 1024K, 5 young (5120K), 5 survivors (5120K)
 Metaspace       used 4653K, committed 4864K, reserved 393216K
  class space    used 582K, committed 704K, reserved 327680K
}
Event: 1.081 GC heap before
{Heap before GC invocations=2 (full 0):
 garbage-first heap   total 262144K, used 68117K [0x00000000e0000000, 0x0000000100000000)
  region size 1024K, 59 young (60416K), 5 survivors (5120K)
 Metaspace       used 7103K, committed 7296K, reserved 393216K
  class space    used 946K, committed 1024K, reserved 327680K
}
Event: 1.086 GC heap after
{Heap after GC invocations=3 (full 0):
 garbage-first heap   total 262144K, used 17835K [0x00000000e0000000, 0x0000000100000000)
  region size 1024K, 8 young (8192K), 8 survivors (8192K)
 Metaspace       used 7103K, committed 7296K, reserved 393216K
  class space    used 946K, committed 1024K, reserved 327680K
}
Event: 2.036 GC heap before
{Heap before GC invocations=3 (full 0):
 garbage-first heap   total 262144K, used 97707K [0x00000000e0000000, 0x0000000100000000)
  region size 1024K, 86 young (88064K), 8 survivors (8192K)
 Metaspace       used 20935K, committed 21504K, reserved 393216K
  class space    used 2874K, committed 3136K, reserved 327680K
}
Event: 2.043 GC heap after
{Heap after GC invocations=4 (full 0):
 garbage-first heap   total 262144K, used 23547K [0x00000000e0000000, 0x0000000100000000)
  region size 1024K, 14 young (14336K), 14 survivors (14336K)
 Metaspace       used 20935K, committed 21504K, reserved 393216K
  class space    used 2874K, committed 3136K, reserved 327680K
}
Event: 2.936 GC heap before
{Heap before GC invocations=5 (full 0):
 garbage-first heap   total 262144K, used 126971K [0x00000000e0000000, 0x0000000100000000)
  region size 1024K, 117 young (119808K), 14 survivors (14336K)
 Metaspace       used 34703K, committed 35968K, reserved 393216K
  class space    used 4933K, committed 5568K, reserved 327680K
}
Event: 2.946 GC heap after
{Heap after GC invocations=6 (full 0):
 garbage-first heap   total 262144K, used 30783K [0x00000000e0000000, 0x0000000100000000)
  region size 1024K, 17 young (17408K), 17 survivors (17408K)
 Metaspace       used 34703K, committed 35968K, reserved 393216K
  class space    used 4933K, committed 5568K, reserved 327680K
}
Event: 2.963 GC heap before
{Heap before GC invocations=6 (full 0):
 garbage-first heap   total 262144K, used 31807K [0x00000000e0000000, 0x0000000100000000)
  region size 1024K, 19 young (19456K), 17 survivors (17408K)
 Metaspace       used 34964K, committed 36288K, reserved 393216K
  class space    used 4967K, committed 5632K, reserved 327680K
}
Event: 2.970 GC heap after
{Heap after GC invocations=7 (full 0):
 garbage-first heap   total 262144K, used 30850K [0x00000000e0000000, 0x0000000100000000)
  region size 1024K, 8 young (8192K), 8 survivors (8192K)
 Metaspace       used 34964K, committed 36288K, reserved 393216K
  class space    used 4967K, committed 5632K, reserved 327680K
}
Event: 2.983 GC heap before
{Heap before GC invocations=7 (full 0):
 garbage-first heap   total 262144K, used 32898K [0x00000000e0000000, 0x0000000100000000)
  region size 1024K, 11 young (11264K), 8 survivors (8192K)
 Metaspace       used 35240K, committed 36608K, reserved 393216K
  class space    used 5017K, committed 5696K, reserved 327680K
}
Event: 2.986 GC heap after
{Heap after GC invocations=8 (full 0):
 garbage-first heap   total 262144K, used 30520K [0x00000000e0000000, 0x0000000100000000)
  region size 1024K, 8 young (8192K), 8 survivors (8192K)
 Metaspace       used 35240K, committed 36608K, reserved 393216K
  class space    used 5017K, committed 5696K, reserved 327680K
}
Event: 4.248 GC heap before
{Heap before GC invocations=9 (full 0):
 garbage-first heap   total 262144K, used 179000K [0x00000000e0000000, 0x0000000100000000)
  region size 1024K, 153 young (156672K), 8 survivors (8192K)
 Metaspace       used 49459K, committed 51200K, reserved 393216K
  class space    used 7265K, committed 8128K, reserved 327680K
}
Event: 4.255 GC heap after
{Heap after GC invocations=10 (full 0):
 garbage-first heap   total 262144K, used 38404K [0x00000000e0000000, 0x0000000100000000)
  region size 1024K, 15 young (15360K), 15 survivors (15360K)
 Metaspace       used 49459K, committed 51200K, reserved 393216K
  class space    used 7265K, committed 8128K, reserved 327680K
}
Event: 5.257 GC heap before
{Heap before GC invocations=10 (full 0):
 garbage-first heap   total 262144K, used 171524K [0x00000000e0000000, 0x0000000100000000)
  region size 1024K, 134 young (137216K), 15 survivors (15360K)
 Metaspace       used 59219K, committed 61120K, reserved 393216K
  class space    used 8567K, committed 9472K, reserved 327680K
}
Event: 5.266 GC heap after
{Heap after GC invocations=11 (full 0):
 garbage-first heap   total 262144K, used 59926K [0x00000000e0000000, 0x0000000100000000)
  region size 1024K, 18 young (18432K), 18 survivors (18432K)
 Metaspace       used 59219K, committed 61120K, reserved 393216K
  class space    used 8567K, committed 9472K, reserved 327680K
}
Event: 5.294 GC heap before
{Heap before GC invocations=11 (full 0):
 garbage-first heap   total 262144K, used 62998K [0x00000000e0000000, 0x0000000100000000)
  region size 1024K, 22 young (22528K), 18 survivors (18432K)
 Metaspace       used 59585K, committed 61440K, reserved 393216K
  class space    used 8635K, committed 9536K, reserved 327680K
}
Event: 5.302 GC heap after
{Heap after GC invocations=12 (full 0):
 garbage-first heap   total 262144K, used 61918K [0x00000000e0000000, 0x0000000100000000)
  region size 1024K, 3 young (3072K), 3 survivors (3072K)
 Metaspace       used 59585K, committed 61440K, reserved 393216K
  class space    used 8635K, committed 9536K, reserved 327680K
}

Dll operation events (15 events):
Event: 0.009 Loaded shared library C:\Program Files\Eclipse Adoptium\jdk-21.0.10.7-hotspot\bin\java.dll
Event: 0.035 Loaded shared library C:\Program Files\Eclipse Adoptium\jdk-21.0.10.7-hotspot\bin\jsvml.dll
Event: 0.058 Loaded shared library C:\Program Files\Eclipse Adoptium\jdk-21.0.10.7-hotspot\bin\zip.dll
Event: 0.061 Loaded shared library C:\Program Files\Eclipse Adoptium\jdk-21.0.10.7-hotspot\bin\instrument.dll
Event: 0.064 Loaded shared library C:\Program Files\Eclipse Adoptium\jdk-21.0.10.7-hotspot\bin\net.dll
Event: 0.065 Loaded shared library C:\Program Files\Eclipse Adoptium\jdk-21.0.10.7-hotspot\bin\nio.dll
Event: 0.067 Loaded shared library C:\Program Files\Eclipse Adoptium\jdk-21.0.10.7-hotspot\bin\zip.dll
Event: 0.204 Loaded shared library C:\Program Files\Eclipse Adoptium\jdk-21.0.10.7-hotspot\bin\jimage.dll
Event: 0.311 Loaded shared library C:\Program Files\Eclipse Adoptium\jdk-21.0.10.7-hotspot\bin\verify.dll
Event: 0.328 Loaded shared library C:\Users\deepa\.gradle\native\1def1411415f61bf3af743bc5b6707747c0891f09f0c88961ee8f79bc544acac\windows-amd64\native-platform.dll
Event: 0.337 Loaded shared library C:\Users\deepa\.gradle\native\0.2.8\x86_64-windows-gnu\gradle-fileevents.dll
Event: 1.042 Loaded shared library C:\Program Files\Eclipse Adoptium\jdk-21.0.10.7-hotspot\bin\management.dll
Event: 1.043 Loaded shared library C:\Program Files\Eclipse Adoptium\jdk-21.0.10.7-hotspot\bin\management_ext.dll
Event: 1.138 Loaded shared library C:\Program Files\Eclipse Adoptium\jdk-21.0.10.7-hotspot\bin\extnet.dll
Event: 1.315 Loaded shared library C:\Program Files\Eclipse Adoptium\jdk-21.0.10.7-hotspot\bin\sunmscapi.dll

Deoptimization events (20 events):
Event: 5.931 Thread 0x000001ea99ee8d70 DEOPT PACKING pc=0x000001eaec61e1d6 sp=0x00000021d66f7d10
Event: 5.931 Thread 0x000001ea99ee8d70 DEOPT UNPACKING pc=0x000001eaf31d4bc2 sp=0x00000021d66f72d0 mode 0
Event: 6.966 Thread 0x000001ea99ee8d70 Uncommon trap: trap_request=0xffffffd6 fr.pc=0x000001eaf3d0007c relative=0x000000000000051c
Event: 6.966 Thread 0x000001ea99ee8d70 Uncommon trap: reason=array_check action=maybe_recompile pc=0x000001eaf3d0007c method=com.google.common.collect.ImmutableMap$Builder.put(Ljava/lang/Object;Ljava/lang/Object;)Lcom/google/common/collect/ImmutableMap$Builder; @ 32 c2
Event: 6.966 Thread 0x000001ea99ee8d70 DEOPT PACKING pc=0x000001eaf3d0007c sp=0x00000021d66f7cb0
Event: 6.966 Thread 0x000001ea99ee8d70 DEOPT UNPACKING pc=0x000001eaf31d4422 sp=0x00000021d66f7c98 mode 2
Event: 6.966 Thread 0x000001ea99ee8d70 Uncommon trap: trap_request=0xffffffd6 fr.pc=0x000001eaf3d0007c relative=0x000000000000051c
Event: 6.966 Thread 0x000001ea99ee8d70 Uncommon trap: reason=array_check action=maybe_recompile pc=0x000001eaf3d0007c method=com.google.common.collect.ImmutableMap$Builder.put(Ljava/lang/Object;Ljava/lang/Object;)Lcom/google/common/collect/ImmutableMap$Builder; @ 32 c2
Event: 6.966 Thread 0x000001ea99ee8d70 DEOPT PACKING pc=0x000001eaf3d0007c sp=0x00000021d66f7bf0
Event: 6.966 Thread 0x000001ea99ee8d70 DEOPT UNPACKING pc=0x000001eaf31d4422 sp=0x00000021d66f7bd8 mode 2
Event: 6.983 Thread 0x000001ea99ee8d70 DEOPT PACKING pc=0x000001eaec61e1d6 sp=0x00000021d66f7760
Event: 6.983 Thread 0x000001ea99ee8d70 DEOPT UNPACKING pc=0x000001eaf31d4bc2 sp=0x00000021d66f6d20 mode 0
Event: 6.996 Thread 0x000001ea99ee8d70 Uncommon trap: trap_request=0xffffffd6 fr.pc=0x000001eaf3d0007c relative=0x000000000000051c
Event: 6.996 Thread 0x000001ea99ee8d70 Uncommon trap: reason=array_check action=maybe_recompile pc=0x000001eaf3d0007c method=com.google.common.collect.ImmutableMap$Builder.put(Ljava/lang/Object;Ljava/lang/Object;)Lcom/google/common/collect/ImmutableMap$Builder; @ 32 c2
Event: 6.996 Thread 0x000001ea99ee8d70 DEOPT PACKING pc=0x000001eaf3d0007c sp=0x00000021d66f72b0
Event: 6.996 Thread 0x000001ea99ee8d70 DEOPT UNPACKING pc=0x000001eaf31d4422 sp=0x00000021d66f7280 mode 2
Event: 6.996 Thread 0x000001ea99ee8d70 Uncommon trap: trap_request=0xffffffd6 fr.pc=0x000001eaf3d0007c relative=0x000000000000051c
Event: 6.996 Thread 0x000001ea99ee8d70 Uncommon trap: reason=array_check action=maybe_recompile pc=0x000001eaf3d0007c method=com.google.common.collect.ImmutableMap$Builder.put(Ljava/lang/Object;Ljava/lang/Object;)Lcom/google/common/collect/ImmutableMap$Builder; @ 32 c2
Event: 6.996 Thread 0x000001ea99ee8d70 DEOPT PACKING pc=0x000001eaf3d0007c sp=0x00000021d66f7450
Event: 6.996 Thread 0x000001ea99ee8d70 DEOPT UNPACKING pc=0x000001eaf31d4422 sp=0x00000021d66f7438 mode 2

Classes loaded (20 events):
Event: 5.581 Loading class com/sun/beans/finder/FinderUtils
Event: 5.581 Loading class com/sun/beans/finder/FinderUtils done
Event: 5.670 Loading class java/lang/ProcessBuilder
Event: 5.670 Loading class java/lang/ProcessBuilder done
Event: 5.707 Loading class org/xml/sax/Locator
Event: 5.707 Loading class org/xml/sax/Locator done
Event: 5.707 Loading class org/xml/sax/SAXParseException
Event: 5.708 Loading class org/xml/sax/SAXParseException done
Event: 5.708 Loading class org/xml/sax/Attributes
Event: 5.708 Loading class org/xml/sax/Attributes done
Event: 5.930 Loading class java/lang/foreign/MemorySegment
Event: 5.931 Loading class java/lang/foreign/MemorySegment done
Event: 6.970 Loading class java/util/stream/ReduceOps$5
Event: 6.970 Loading class java/util/stream/ReduceOps$5 done
Event: 6.970 Loading class java/util/stream/ReduceOps$CountingSink$OfRef
Event: 6.971 Loading class java/util/stream/ReduceOps$CountingSink
Event: 6.971 Loading class java/util/stream/ReduceOps$CountingSink done
Event: 6.971 Loading class java/util/stream/ReduceOps$CountingSink$OfRef done
Event: 7.026 Loading class java/util/ArrayList$SubList$2
Event: 7.026 Loading class java/util/ArrayList$SubList$2 done

Classes unloaded (0 events):
No events

Classes redefined (0 events):
No events

Internal exceptions (20 events):
Event: 5.597 Thread 0x000001ea99ee8d70 Exception <a 'java/lang/ClassNotFoundException'{0x00000000ed802c90}: org/jetbrains/kotlin/gradle/targets/js/npm/DefaultDevNpmDependencyExtensionBeanInfo> (0x00000000ed802c90) 
thrown [s\src\hotspot\share\classfile\systemDictionary.cpp, line 312]
Event: 5.597 Thread 0x000001ea99ee8d70 Exception <a 'java/lang/ClassNotFoundException'{0x00000000ed80e638}: org/jetbrains/kotlin/gradle/targets/js/npm/DefaultDevNpmDependencyExtensionCustomizer> (0x00000000ed80e638) 
thrown [s\src\hotspot\share\classfile\systemDictionary.cpp, line 312]
Event: 5.599 Thread 0x000001ea99ee8d70 Exception <a 'java/lang/ClassNotFoundException'{0x00000000ed84d968}: org/jetbrains/kotlin/gradle/targets/js/npm/DefaultPeerNpmDependencyExtensionBeanInfo> (0x00000000ed84d968) 
thrown [s\src\hotspot\share\classfile\systemDictionary.cpp, line 312]
Event: 5.599 Thread 0x000001ea99ee8d70 Exception <a 'java/lang/ClassNotFoundException'{0x00000000ed859318}: org/jetbrains/kotlin/gradle/targets/js/npm/DefaultPeerNpmDependencyExtensionCustomizer> (0x00000000ed859318) 
thrown [s\src\hotspot\share\classfile\systemDictionary.cpp, line 312]
Event: 5.601 Thread 0x000001ea99ee8d70 Exception <a 'java/lang/ClassNotFoundException'{0x00000000ed89d2b8}: org/jetbrains/kotlin/gradle/targets/js/npm/DefaultPeerNpmDependencyExtension$delegate$1BeanInfo> (0x00000000ed89d2b8) 
thrown [s\src\hotspot\share\classfile\systemDictionary.cpp, line 312]
Event: 5.601 Thread 0x000001ea99ee8d70 Exception <a 'java/lang/ClassNotFoundException'{0x00000000ed8a9d88}: org/jetbrains/kotlin/gradle/targets/js/npm/DefaultPeerNpmDependencyExtension$delegate$1Customizer> (0x00000000ed8a9d88) 
thrown [s\src\hotspot\share\classfile\systemDictionary.cpp, line 312]
Event: 5.610 Thread 0x000001ea99ee8d70 Exception <a 'java/lang/NoSuchMethodError'{0x00000000ed7d90a8}: static Lorg/jetbrains/kotlin/gradle/plugin/internal/DefaultIdeaSyncDetector$createIdeaPropertiesEvaluator$1;.<clinit>()V> (0x00000000ed7d90a8) 
thrown [s\src\hotspot\share\prims\jni.cpp, line 1111]
Event: 5.661 Thread 0x000001ea99ee8d70 Implicit null exception at 0x000001eaf398b928 to 0x000001eaf398d544
Event: 5.666 Thread 0x000001ea99ee8d70 Exception <a 'java/lang/NoSuchMethodError'{0x00000000ece24910}: 'void java.lang.invoke.Invokers$Holder.invoke_MT(java.lang.Object, java.lang.Object, java.lang.Object, java.lang.Object)'> (0x00000000ece24910) 
thrown [s\src\hotspot\share\interpreter\linkResolver.cpp, line 773]
Event: 5.670 Thread 0x000001ea99ee8d70 Exception <a 'java/lang/NoSuchMethodError'{0x00000000ece93bc8}: 'java.lang.Object java.lang.invoke.DirectMethodHandle$Holder.invokeStaticInit(java.lang.Object, java.lang.Object, java.lang.Object, java.lang.Object, java.lang.Object, java.lang.Object, java.lang.Object)'> (0x00000000ece93bc8) 
thrown [s\src\hotspot\share\interpreter\linkResolver.cpp, line 773]
Event: 5.672 Thread 0x000001ea99ee8d70 Exception <a 'java/lang/NoSuchMethodError'{0x00000000ecebc200}: 'java.lang.Object java.lang.invoke.DirectMethodHandle$Holder.invokeSpecial(java.lang.Object, java.lang.Object, java.lang.Object, int, java.lang.Object, java.lang.Object)'> (0x00000000ecebc200) 
thrown [s\src\hotspot\share\interpreter\linkResolver.cpp, line 773]
Event: 5.697 Thread 0x000001ea99ee8d70 Exception <a 'java/lang/ClassNotFoundException'{0x00000000eca4d460}: org/gradle/api/internal/project/DefaultProject_DecoratedBeanInfo> (0x00000000eca4d460) 
thrown [s\src\hotspot\share\classfile\systemDictionary.cpp, line 312]
Event: 5.697 Thread 0x000001ea99ee8d70 Exception <a 'java/lang/ClassNotFoundException'{0x00000000eca61d80}: org/gradle/api/internal/project/DefaultProjectBeanInfo> (0x00000000eca61d80) 
thrown [s\src\hotspot\share\classfile\systemDictionary.cpp, line 312]
Event: 5.697 Thread 0x000001ea99ee8d70 Exception <a 'java/lang/ClassNotFoundException'{0x00000000eca76910}: org/gradle/api/internal/project/AbstractPluginAwareBeanInfo> (0x00000000eca76910) 
thrown [s\src\hotspot\share\classfile\systemDictionary.cpp, line 312]
Event: 5.698 Thread 0x000001ea99ee8d70 Exception <a 'java/lang/ClassNotFoundException'{0x00000000eca8b780}: org/gradle/api/internal/project/AbstractPluginAwareCustomizer> (0x00000000eca8b780) 
thrown [s\src\hotspot\share\classfile\systemDictionary.cpp, line 312]
Event: 5.699 Thread 0x000001ea99ee8d70 Exception <a 'java/lang/ClassNotFoundException'{0x00000000ecaa6408}: org/gradle/api/internal/project/DefaultProjectCustomizer> (0x00000000ecaa6408) 
thrown [s\src\hotspot\share\classfile\systemDictionary.cpp, line 312]
Event: 5.705 Thread 0x000001ea99ee8d70 Exception <a 'java/lang/ClassNotFoundException'{0x00000000ec9632c8}: org/gradle/api/internal/project/DefaultProject_DecoratedCustomizer> (0x00000000ec9632c8) 
thrown [s\src\hotspot\share\classfile\systemDictionary.cpp, line 312]
Event: 5.723 Thread 0x000001ea99ee8d70 Exception <a 'java/lang/ClassNotFoundException'{0x00000000ec797378}: org/jetbrains/compose/ComposePluginKt$setUpGroovyDslExtensions$2$1BeanInfo> (0x00000000ec797378) 
thrown [s\src\hotspot\share\classfile\systemDictionary.cpp, line 312]
Event: 5.723 Thread 0x000001ea99ee8d70 Exception <a 'java/lang/ClassNotFoundException'{0x00000000ec7a2c80}: org/jetbrains/compose/ComposePluginKt$setUpGroovyDslExtensions$2$1Customizer> (0x00000000ec7a2c80) 
thrown [s\src\hotspot\share\classfile\systemDictionary.cpp, line 312]
Event: 5.874 Thread 0x000001ea99ee8d70 Exception <a 'java/lang/NoSuchMethodError'{0x00000000eb6ab2b8}: 'void java.lang.invoke.DirectMethodHandle$Holder.invokeInterface(java.lang.Object, java.lang.Object, java.lang.Object, java.lang.Object)'> (0x00000000eb6ab2b8) 
thrown [s\src\hotspot\share\interpreter\linkResolver.cpp, line 773]

ZGC Phase Switch (0 events):
No events

VM Operations (20 events):
Event: 5.244 Executing non-safepoint VM operation: HandshakeAllThreads (Deoptimize)
Event: 5.244 Executing non-safepoint VM operation: HandshakeAllThreads (Deoptimize) done
Event: 5.257 Executing safepoint VM operation: CollectForMetadataAllocation (Metadata GC Threshold)
Event: 5.266 Executing safepoint VM operation: CollectForMetadataAllocation (Metadata GC Threshold) done
Event: 5.294 Executing safepoint VM operation: CollectForMetadataAllocation (Metadata GC Threshold)
Event: 5.302 Executing safepoint VM operation: CollectForMetadataAllocation (Metadata GC Threshold) done
Event: 5.311 Executing safepoint VM operation: G1PauseRemark
Event: 5.313 Executing safepoint VM operation: G1PauseRemark done
Event: 5.319 Executing safepoint VM operation: G1PauseCleanup
Event: 5.319 Executing safepoint VM operation: G1PauseCleanup done
Event: 5.431 Executing non-safepoint VM operation: HandshakeAllThreads (Deoptimize)
Event: 5.431 Executing non-safepoint VM operation: HandshakeAllThreads (Deoptimize) done
Event: 5.635 Executing safepoint VM operation: ICBufferFull
Event: 5.635 Executing safepoint VM operation: ICBufferFull done
Event: 5.824 Executing safepoint VM operation: ICBufferFull
Event: 5.824 Executing safepoint VM operation: ICBufferFull done
Event: 6.824 Executing safepoint VM operation: Cleanup
Event: 6.824 Executing safepoint VM operation: Cleanup done
Event: 7.828 Executing safepoint VM operation: Cleanup
Event: 7.828 Executing safepoint VM operation: Cleanup done

Memory protections (0 events):
No events

Nmethod flushes (20 events):
Event: 5.313 Thread 0x000001eafef582d0 flushing  nmethod 0x000001eaec218310
Event: 5.313 Thread 0x000001eafef582d0 flushing  nmethod 0x000001eaec26cd90
Event: 5.313 Thread 0x000001eafef582d0 flushing  nmethod 0x000001eaec26d290
Event: 5.313 Thread 0x000001eafef582d0 flushing  nmethod 0x000001eaec26e410
Event: 5.313 Thread 0x000001eafef582d0 flushing  nmethod 0x000001eaec26e910
Event: 5.313 Thread 0x000001eafef582d0 flushing  nmethod 0x000001eaec271010
Event: 5.313 Thread 0x000001eafef582d0 flushing  nmethod 0x000001eaec27a510
Event: 5.313 Thread 0x000001eafef582d0 flushing  nmethod 0x000001eaec27bf10
Event: 5.313 Thread 0x000001eafef582d0 flushing  nmethod 0x000001eaebdb9610
Event: 5.313 Thread 0x000001eafef582d0 flushing  nmethod 0x000001eaebe2db90
Event: 5.313 Thread 0x000001eafef582d0 flushing  nmethod 0x000001eaebe30790
Event: 5.313 Thread 0x000001eafef582d0 flushing  nmethod 0x000001eaebe38710
Event: 5.313 Thread 0x000001eafef582d0 flushing  nmethod 0x000001eaec08a890
Event: 5.313 Thread 0x000001eafef582d0 flushing  nmethod 0x000001eaec35f790
Event: 5.313 Thread 0x000001eafef582d0 flushing  nmethod 0x000001eaec386990
Event: 5.313 Thread 0x000001eafef582d0 flushing  nmethod 0x000001eaec387390
Event: 5.313 Thread 0x000001eafef582d0 flushing  nmethod 0x000001eaec391610
Event: 5.313 Thread 0x000001eafef582d0 flushing  nmethod 0x000001eaec392010
Event: 5.313 Thread 0x000001eafef582d0 flushing  nmethod 0x000001eaec4dfe10
Event: 5.313 Thread 0x000001eafef582d0 flushing  nmethod 0x000001eaec4e0490

Events (20 events):
Event: 4.484 Thread 0x000001ea99ee8d70 Thread added: 0x000001ea9dcd3c20
Event: 4.484 Thread 0x000001ea99ee8d70 Thread added: 0x000001ea9dcd9e90
Event: 4.485 Thread 0x000001ea99ee8d70 Thread added: 0x000001ea9dcda520
Event: 4.485 Thread 0x000001ea99ee8d70 Thread added: 0x000001ea9dcd9800
Event: 4.485 Thread 0x000001ea99ee8d70 Thread added: 0x000001ea9dcdabb0
Event: 4.485 Thread 0x000001ea99ee8d70 Thread added: 0x000001ea9dcd7730
Event: 4.486 Thread 0x000001ea99ee8d70 Thread added: 0x000001ea9dcd8450
Event: 4.486 Thread 0x000001ea99ee8d70 Thread added: 0x000001ea9dcd8ae0
Event: 4.486 Thread 0x000001ea99ee8d70 Thread added: 0x000001ea9dcd7dc0
Event: 4.487 Thread 0x000001ea99ee8d70 Thread added: 0x000001ea9dcd9170
Event: 4.488 Thread 0x000001ea99ee8d70 Thread added: 0x000001ea9dad4ac0
Event: 4.489 Thread 0x000001ea99ee8d70 Thread added: 0x000001ea9dad4430
Event: 4.490 Thread 0x000001ea99ee8d70 Thread added: 0x000001ea9dad3710
Event: 4.491 Thread 0x000001ea99ee8d70 Thread added: 0x000001ea9dad5e70
Event: 4.763 Thread 0x000001ea99ee8d70 Thread added: 0x000001ea9dad3080
Event: 4.842 Thread 0x000001ea99ee8d70 Thread added: 0x000001ea9dad5150
Event: 5.221 Thread 0x000001ea99ee8d70 Thread added: 0x000001ea9dad57e0
Event: 5.648 Thread 0x000001ea99ee8d70 Thread added: 0x000001ea9dad85d0
Event: 5.712 Thread 0x000001ea99ee8d70 Thread added: 0x000001ea9dad92f0
Event: 6.967 Thread 0x000001ea9a6143d0 Thread exited: 0x000001ea9a6143d0


Dynamic libraries:
0x00007ff7ebe40000 - 0x00007ff7ebe4e000 	C:\Program Files\Eclipse Adoptium\jdk-21.0.10.7-hotspot\bin\java.exe
0x00007ff9395c0000 - 0x00007ff939827000 	C:\WINDOWS\SYSTEM32\ntdll.dll
0x00007ff938580000 - 0x00007ff938649000 	C:\WINDOWS\System32\KERNEL32.DLL
0x00007ff936290000 - 0x00007ff936681000 	C:\WINDOWS\System32\KERNELBASE.dll
0x00007ff937100000 - 0x00007ff93724b000 	C:\WINDOWS\System32\ucrtbase.dll
0x00007ff9304c0000 - 0x00007ff9304de000 	C:\Program Files\Eclipse Adoptium\jdk-21.0.10.7-hotspot\bin\VCRUNTIME140.dll
0x00007ff92e750000 - 0x00007ff92e768000 	C:\Program Files\Eclipse Adoptium\jdk-21.0.10.7-hotspot\bin\jli.dll
0x00007ff938700000 - 0x00007ff9388c5000 	C:\WINDOWS\System32\USER32.dll
0x00007ff937250000 - 0x00007ff937277000 	C:\WINDOWS\System32\win32u.dll
0x00007ff9107a0000 - 0x00007ff910a33000 	C:\WINDOWS\WinSxS\amd64_microsoft.windows.common-controls_6595b64144ccf1df_6.0.26100.8037_none_3e092faae333b53b\COMCTL32.dll
0x00007ff938d00000 - 0x00007ff938da9000 	C:\WINDOWS\System32\msvcrt.dll
0x00007ff939520000 - 0x00007ff93954b000 	C:\WINDOWS\System32\GDI32.dll
0x00007ff936160000 - 0x00007ff93628b000 	C:\WINDOWS\System32\gdi32full.dll
0x00007ff937280000 - 0x00007ff937323000 	C:\WINDOWS\System32\msvcp_win.dll
0x00007ff938b60000 - 0x00007ff938b91000 	C:\WINDOWS\System32\IMM32.DLL
0x00007ff9304b0000 - 0x00007ff9304bc000 	C:\Program Files\Eclipse Adoptium\jdk-21.0.10.7-hotspot\bin\vcruntime140_1.dll
0x00007ff8d2210000 - 0x00007ff8d229d000 	C:\Program Files\Eclipse Adoptium\jdk-21.0.10.7-hotspot\bin\msvcp140.dll
0x00007ff845520000 - 0x00007ff8462c1000 	C:\Program Files\Eclipse Adoptium\jdk-21.0.10.7-hotspot\bin\server\jvm.dll
0x00007ff938150000 - 0x00007ff93820b000 	C:\WINDOWS\System32\ADVAPI32.dll
0x00007ff938650000 - 0x00007ff9386f7000 	C:\WINDOWS\System32\sechost.dll
0x00007ff938e00000 - 0x00007ff938f18000 	C:\WINDOWS\System32\RPCRT4.dll
0x00007ff938a70000 - 0x00007ff938ae4000 	C:\WINDOWS\System32\WS2_32.dll
0x00007ff935cd0000 - 0x00007ff935d2e000 	C:\WINDOWS\SYSTEM32\POWRPROF.dll
0x00007ff92bad0000 - 0x00007ff92badb000 	C:\WINDOWS\SYSTEM32\VERSION.dll
0x00007ff92c2e0000 - 0x00007ff92c315000 	C:\WINDOWS\SYSTEM32\WINMM.dll
0x00007ff935cb0000 - 0x00007ff935cc4000 	C:\WINDOWS\SYSTEM32\UMPDC.dll
0x00007ff934c00000 - 0x00007ff934c1b000 	C:\WINDOWS\SYSTEM32\kernel.appcore.dll
0x00007ff92e740000 - 0x00007ff92e74a000 	C:\Program Files\Eclipse Adoptium\jdk-21.0.10.7-hotspot\bin\jimage.dll
0x00007ff933ec0000 - 0x00007ff934102000 	C:\WINDOWS\SYSTEM32\DBGHELP.DLL
0x00007ff938f20000 - 0x00007ff9392a2000 	C:\WINDOWS\System32\combase.dll
0x00007ff938210000 - 0x00007ff9382e7000 	C:\WINDOWS\System32\OLEAUT32.dll
0x00007ff9159f0000 - 0x00007ff915a2b000 	C:\WINDOWS\SYSTEM32\dbgcore.DLL
0x00007ff935e70000 - 0x00007ff935f15000 	C:\WINDOWS\System32\bcryptPrimitives.dll
0x00007ff920f90000 - 0x00007ff920f9f000 	C:\Program Files\Eclipse Adoptium\jdk-21.0.10.7-hotspot\bin\instrument.dll
0x00007ff923d50000 - 0x00007ff923d70000 	C:\Program Files\Eclipse Adoptium\jdk-21.0.10.7-hotspot\bin\java.dll
0x00007ff937330000 - 0x00007ff937a8f000 	C:\WINDOWS\System32\SHELL32.dll
0x00007ff936690000 - 0x00007ff9367fa000 	C:\WINDOWS\System32\wintypes.dll
0x00007ff936890000 - 0x00007ff9370f4000 	C:\WINDOWS\System32\windows.storage.dll
0x00007ff9388d0000 - 0x00007ff9389c7000 	C:\WINDOWS\System32\SHCORE.dll
0x00007ff938af0000 - 0x00007ff938b57000 	C:\WINDOWS\System32\shlwapi.dll
0x00007ff935d90000 - 0x00007ff935db9000 	C:\WINDOWS\SYSTEM32\profapi.dll
0x00007ff8cc120000 - 0x00007ff8cc1f7000 	C:\Program Files\Eclipse Adoptium\jdk-21.0.10.7-hotspot\bin\jsvml.dll
0x00007ff9210a0000 - 0x00007ff9210b8000 	C:\Program Files\Eclipse Adoptium\jdk-21.0.10.7-hotspot\bin\zip.dll
0x00007ff92c810000 - 0x00007ff92c820000 	C:\Program Files\Eclipse Adoptium\jdk-21.0.10.7-hotspot\bin\net.dll
0x00007ff929420000 - 0x00007ff929547000 	C:\WINDOWS\SYSTEM32\WINHTTP.dll
0x00007ff935170000 - 0x00007ff9351db000 	C:\WINDOWS\system32\mswsock.dll
0x00007ff923920000 - 0x00007ff923936000 	C:\Program Files\Eclipse Adoptium\jdk-21.0.10.7-hotspot\bin\nio.dll
0x00007ff921090000 - 0x00007ff9210a0000 	C:\Program Files\Eclipse Adoptium\jdk-21.0.10.7-hotspot\bin\verify.dll
0x00007ff91f070000 - 0x00007ff91f097000 	C:\Users\deepa\.gradle\native\1def1411415f61bf3af743bc5b6707747c0891f09f0c88961ee8f79bc544acac\windows-amd64\native-platform.dll
0x00007ff91cb50000 - 0x00007ff91cbc7000 	C:\Users\deepa\.gradle\native\0.2.8\x86_64-windows-gnu\gradle-fileevents.dll
0x00007ff923910000 - 0x00007ff92391a000 	C:\Program Files\Eclipse Adoptium\jdk-21.0.10.7-hotspot\bin\management.dll
0x00007ff923610000 - 0x00007ff92361c000 	C:\Program Files\Eclipse Adoptium\jdk-21.0.10.7-hotspot\bin\management_ext.dll
0x00007ff9389d0000 - 0x00007ff9389d8000 	C:\WINDOWS\System32\PSAPI.DLL
0x00007ff934660000 - 0x00007ff934693000 	C:\WINDOWS\SYSTEM32\IPHLPAPI.DLL
0x00007ff938a60000 - 0x00007ff938a6a000 	C:\WINDOWS\System32\NSI.dll
0x00007ff91f060000 - 0x00007ff91f069000 	C:\Program Files\Eclipse Adoptium\jdk-21.0.10.7-hotspot\bin\extnet.dll
0x00007ff935450000 - 0x00007ff93546b000 	C:\WINDOWS\SYSTEM32\CRYPTSP.dll
0x00007ff934b60000 - 0x00007ff934b99000 	C:\WINDOWS\system32\rsaenh.dll
0x00007ff935220000 - 0x00007ff935252000 	C:\WINDOWS\SYSTEM32\USERENV.dll
0x00007ff935d60000 - 0x00007ff935d8a000 	C:\WINDOWS\SYSTEM32\bcrypt.dll
0x00007ff935470000 - 0x00007ff93547c000 	C:\WINDOWS\SYSTEM32\CRYPTBASE.dll
0x00007ff920f80000 - 0x00007ff920f8e000 	C:\Program Files\Eclipse Adoptium\jdk-21.0.10.7-hotspot\bin\sunmscapi.dll
0x00007ff935f20000 - 0x00007ff936097000 	C:\WINDOWS\System32\CRYPT32.dll
0x00007ff935670000 - 0x00007ff9356a0000 	C:\WINDOWS\SYSTEM32\ncrypt.dll
0x00007ff935620000 - 0x00007ff93565f000 	C:\WINDOWS\SYSTEM32\NTASN1.dll
0x00007ff8f3350000 - 0x00007ff8f3358000 	C:\WINDOWS\system32\wshunix.dll

JVMTI agents:
C:\Users\deepa\.gradle\wrapper\dists\gradle-9.0.0-bin\d6wjpkvcgsg3oed0qlfss3wgl\gradle-9.0.0\lib\agents\gradle-instrumentation-agent-9.0.0.jar path:C:\Program Files\Eclipse Adoptium\jdk-21.0.10.7-hotspot\bin\instrument.dll, loaded, initialized, instrumentlib options:none

dbghelp: loaded successfully - version: 4.0.5 - missing functions: none
symbol engine: initialized successfully - sym options: 0x614 - pdb path: .;C:\Program Files\Eclipse Adoptium\jdk-21.0.10.7-hotspot\bin;C:\WINDOWS\SYSTEM32;C:\WINDOWS\WinSxS\amd64_microsoft.windows.common-controls_6595b64144ccf1df_6.0.26100.8037_none_3e092faae333b53b;C:\Program Files\Eclipse Adoptium\jdk-21.0.10.7-hotspot\bin\server;C:\Users\deepa\.gradle\native\1def1411415f61bf3af743bc5b6707747c0891f09f0c88961ee8f79bc544acac\windows-amd64;C:\Users\deepa\.gradle\native\0.2.8\x86_64-windows-gnu

VM Arguments:
jvm_args: --add-opens=java.base/java.lang=ALL-UNNAMED --add-opens=java.base/java.lang.invoke=ALL-UNNAMED --add-opens=java.base/java.util=ALL-UNNAMED --add-opens=java.prefs/java.util.prefs=ALL-UNNAMED --add-exports=jdk.compiler/com.sun.tools.javac.api=ALL-UNNAMED --add-exports=jdk.compiler/com.sun.tools.javac.util=ALL-UNNAMED --add-opens=java.base/java.util=ALL-UNNAMED --add-opens=java.prefs/java.util.prefs=ALL-UNNAMED --add-opens=java.base/java.nio.charset=ALL-UNNAMED --add-opens=java.base/java.net=ALL-UNNAMED --add-opens=java.base/java.util.concurrent=ALL-UNNAMED --add-opens=java.base/java.util.concurrent.atomic=ALL-UNNAMED --add-opens=java.xml/javax.xml.namespace=ALL-UNNAMED -XX:MaxMetaspaceSize=384m -XX:+HeapDumpOnOutOfMemoryError -Xms256m -Xmx512m -Dfile.encoding=UTF-8 -Duser.country=US -Duser.language=en -Duser.variant -javaagent:C:\Users\deepa\.gradle\wrapper\dists\gradle-9.0.0-bin\d6wjpkvcgsg3oed0qlfss3wgl\gradle-9.0.0\lib\agents\gradle-instrumentation-agent-9.0.0.jar 
java_command: org.gradle.launcher.daemon.bootstrap.GradleDaemon 9.0.0
java_class_path (initial): C:\Users\deepa\.gradle\wrapper\dists\gradle-9.0.0-bin\d6wjpkvcgsg3oed0qlfss3wgl\gradle-9.0.0\lib\gradle-daemon-main-9.0.0.jar
Launcher Type: SUN_STANDARD

[Global flags]
     intx CICompilerCount                          = 12                                        {product} {ergonomic}
   size_t CompressedClassSpaceSize                 = 335544320                                 {product} {ergonomic}
     uint ConcGCThreads                            = 3                                         {product} {ergonomic}
     uint G1ConcRefinementThreads                  = 13                                        {product} {ergonomic}
   size_t G1HeapRegionSize                         = 1048576                                   {product} {ergonomic}
    uintx GCDrainStackTargetSize                   = 64                                        {product} {ergonomic}
     bool HeapDumpOnOutOfMemoryError               = true                                   {manageable} {command line}
   size_t InitialHeapSize                          = 268435456                                 {product} {command line}
   size_t MarkStackSize                            = 4194304                                   {product} {ergonomic}
   size_t MaxHeapSize                              = 536870912                                 {product} {command line}
   size_t MaxMetaspaceSize                         = 402653184                                 {product} {command line}
   size_t MaxNewSize                               = 321912832                                 {product} {ergonomic}
   size_t MinHeapDeltaBytes                        = 1048576                                   {product} {ergonomic}
   size_t MinHeapSize                              = 268435456                                 {product} {command line}
    uintx NonNMethodCodeHeapSize                   = 7602480                                {pd product} {ergonomic}
    uintx NonProfiledCodeHeapSize                  = 122027880                              {pd product} {ergonomic}
    uintx ProfiledCodeHeapSize                     = 122027880                              {pd product} {ergonomic}
    uintx ReservedCodeCacheSize                    = 251658240                              {pd product} {ergonomic}
     bool SegmentedCodeCache                       = true                                      {product} {ergonomic}
   size_t SoftMaxHeapSize                          = 536870912                              {manageable} {ergonomic}
     bool UseCompressedOops                        = true                           {product lp64_product} {ergonomic}
     bool UseG1GC                                  = true                                      {product} {ergonomic}
     bool UseLargePagesIndividualAllocation        = false                                  {pd product} {ergonomic}

Logging:
Log output configuration:
 #0: stdout all=warning uptime,level,tags foldmultilines=false
 #1: stderr all=off uptime,level,tags foldmultilines=false

Release file:
IMPLEMENTOR="Eclipse Adoptium" 
IMPLEMENTOR_VERSION="Temurin-21.0.10+7" 
JAVA_RUNTIME_VERSION="21.0.10+7-LTS" 
JAVA_VERSION="21.0.10" 
JAVA_VERSION_DATE="2026-01-20" 
LIBC="default" 
MODULES="java.base java.compiler java.datatransfer java.xml java.prefs java.desktop java.instrument java.logging java.management java.security.sasl java.naming java.rmi java.management.rmi java.net.http java.scripting java.security.jgss java.transaction.xa java.sql java.sql.rowset java.xml.crypto java.se java.smartcardio jdk.accessibility jdk.internal.jvmstat jdk.attach jdk.charsets jdk.internal.opt jdk.zipfs jdk.compiler jdk.crypto.ec jdk.crypto.cryptoki jdk.crypto.mscapi jdk.dynalink jdk.internal.ed jdk.editpad jdk.hotspot.agent jdk.httpserver jdk.incubator.vector jdk.internal.le jdk.internal.vm.ci jdk.internal.vm.compiler jdk.internal.vm.compiler.management jdk.jartool jdk.javadoc jdk.jcmd jdk.management jdk.management.agent jdk.jconsole jdk.jdeps jdk.jdwp.agent jdk.jdi jdk.jfr jdk.jlink jdk.jpackage jdk.jshell jdk.jsobject jdk.jstatd jdk.localedata jdk.management.jfr jdk.naming.dns jdk.naming.rmi jdk.net jdk.nio.mapmode jdk.random jdk.sctp jdk.security.auth jdk.security.jgss jdk.unsupported jdk.unsupported.desktop jdk.xml.dom" 
OS_ARCH="x86_64" 
OS_NAME="Windows" 
SOURCE=".:git:a633eafe0fcc" 
BUILD_SOURCE="git:458965074606f027bd5afce2cfd5c1055dea0438"
BUILD_SOURCE_REPO="https://github.com/adoptium/temurin-build.git"
SOURCE_REPO="https://github.com/adoptium/jdk21u.git"
FULL_VERSION="21.0.10+7-LTS"
SEMANTIC_VERSION="21.0.10+7"
BUILD_INFO="OS: Windows Server 2022 Version: 10.0"
JVM_VARIANT="Hotspot"
JVM_VERSION="21.0.10+7-LTS"
IMAGE_TYPE="JDK"

Environment Variables:
JAVA_HOME=C:\Program Files\Eclipse Adoptium\jdk-21.0.10.7-hotspot
CLASSPATH=C:\Users\deepa\OneDrive\Documents\project\Sanship\SanshipMBL\\gradle\wrapper\gradle-wrapper.jar
PATH=C:\Program Files\Eclipse Adoptium\jdk-21.0.10.7-hotspot\bin;C:\Program Files (x86)\Common Files\Oracle\Java\java8path;C:\Program Files (x86)\Common Files\Oracle\Java\javapath;C:\ProgramData\Oracle\Java\javapath;C:\Program Files\Eclipse Adoptium\jdk-17.0.16.8-hotspot\bin;C:\WINDOWS\system32;C:\WINDOWS;C:\WINDOWS\System32\Wbem;C:\WINDOWS\System32\WindowsPowerShell\v1.0\;C:\WINDOWS\System32\OpenSSH\;C:\Program Files\dotnet\;C:\Program Files (x86)\NVIDIA Corporation\PhysX\Common;C:\Program Files\NVIDIA Corporation\NVIDIA App\NvDLISR;C:\Program Files\nodejs\;C:\ProgramData\chocolatey\bin;C:\WINDOWS\system32\config\systemprofile\AppData\Local\Muse Hub\lib;C:\Program Files\Amazon\AWSCLIV2\;C:\Program Files\Docker\Docker\resources\bin;C:\Users\deepa\AppData\Local\Microsoft\WindowsApps\ngrok.exe;C:\Program Files\Microsoft SQL Server\170\Tools\Binn\;C:\Program Files\Microsoft SQL Server\Client SDK\ODBC\170\Tools\Binn\;C:\Program Files (x86)\Windows Kits\10\Windows Performance Toolkit\;C:\Program Files\Git\cmd;C:\Users\deepa\AppData\Local\Programs\Python\Python313\Scripts\;C:\Users\deepa\AppData\Local\Programs\Python\Python313\;c:\Users\deepa\AppData\Local\Programs\Trae\bin;C:\Users\deepa\AppData\Local\Microsoft\WindowsApps;C:\Users\deepa\AppData\Local\Programs\Microsoft VS Code\bin;C:\flutter\bin;C:\Users\deepa\AppData\Roaming\npm;C:\Users\deepa\AppData\Local\Muse Hub\lib;C:\Users\deepa\AppData\Roaming\Python\Python313\Scripts;C:\Program Files\Eclipse Adoptium\jdk-17.0.16.8-hotspot\bin;;C:\Users\deepa\AppData\Local\Microsoft\WindowsApps;C:\Program Files\JetBrains\IntelliJ IDEA 2025.3.1\bin;C:\Users\deepa\.dotnet\tools;C:\Users\deepa\AppData\Local\Programs\Antigravity\bin;C:\Users\deepa\AppData\Local\Programs\Ollama;c:\Users\deepa\.antigravity\extensions\ms-python.debugpy-2025.18.0-win32-x64\bundled\scripts\noConfigScripts
USERNAME=deepa
LANG=en_US.UTF-8
OS=Windows_NT
PROCESSOR_IDENTIFIER=Intel64 Family 6 Model 154 Stepping 3, GenuineIntel
TMP=C:\Users\deepa\AppData\Local\Temp
TEMP=C:\Users\deepa\AppData\Local\Temp




Periodic native trim disabled

---------------  S Y S T E M  ---------------

OS:
 Windows 11 , 64 bit Build 26100 (10.0.26100.7920)
OS uptime: 1 days 0:21 hours
Hyper-V role detected

CPU: total 16 (initial active 16) (8 cores per cpu, 2 threads per core) family 6 model 154 stepping 3 microcode 0x43b, cx8, cmov, fxsr, ht, mmx, 3dnowpref, sse, sse2, sse3, ssse3, sse4.1, sse4.2, popcnt, lzcnt, tsc, tscinvbit, avx, avx2, aes, erms, clmul, bmi1, bmi2, adx, sha, fma, vzeroupper, clflush, clflushopt, clwb, hv, serialize, rdtscp, rdpid, fsrm, f16c, cet_ibt, cet_ss
Processor Information for processor 0
  Max Mhz: 2500, Current Mhz: 2500, Mhz Limit: 2500
Processor Information for processor 1
  Max Mhz: 2500, Current Mhz: 2500, Mhz Limit: 2500
Processor Information for processor 2
  Max Mhz: 2500, Current Mhz: 2500, Mhz Limit: 2500
Processor Information for processor 3
  Max Mhz: 2500, Current Mhz: 2500, Mhz Limit: 2500
Processor Information for processor 4
  Max Mhz: 2500, Current Mhz: 2500, Mhz Limit: 2500
Processor Information for processor 5
  Max Mhz: 2500, Current Mhz: 2500, Mhz Limit: 2500
Processor Information for processor 6
  Max Mhz: 2500, Current Mhz: 2500, Mhz Limit: 2500
Processor Information for processor 7
  Max Mhz: 2500, Current Mhz: 2500, Mhz Limit: 2500
Processor Information for processor 8
  Max Mhz: 2500, Current Mhz: 2500, Mhz Limit: 2500
Processor Information for processor 9
  Max Mhz: 2500, Current Mhz: 2500, Mhz Limit: 2500
Processor Information for processor 10
  Max Mhz: 2500, Current Mhz: 2500, Mhz Limit: 2500
Processor Information for processor 11
  Max Mhz: 2500, Current Mhz: 2500, Mhz Limit: 2500
Processor Information for processor 12
  Max Mhz: 2500, Current Mhz: 2500, Mhz Limit: 2500
Processor Information for processor 13
  Max Mhz: 2500, Current Mhz: 1527, Mhz Limit: 2500
Processor Information for processor 14
  Max Mhz: 2500, Current Mhz: 1527, Mhz Limit: 2500
Processor Information for processor 15
  Max Mhz: 2500, Current Mhz: 2500, Mhz Limit: 2500

Memory: 4k page, system-wide physical 7876M (106M free)
TotalPageFile size 32452M (AvailPageFile size 33M)
current process WorkingSet (physical memory assigned to process): 420M, peak: 435M
current process commit charge ("private bytes"): 521M, peak: 525M

vm_info: OpenJDK 64-Bit Server VM (21.0.10+7-LTS) for windows-amd64 JRE (21.0.10+7-LTS), built on 2026-01-20T00:00:00Z by "admin" with MS VC++ 17.12 (VS2022)

END.
