#
# There is insufficient memory for the Java Runtime Environment to continue.
# Native memory allocation (malloc) failed to allocate 2202256 bytes. Error detail: Chunk::new
# Possible reasons:
#   The system is out of physical RAM or swap space
#   This process is running with CompressedOops enabled, and the Java Heap may be blocking the growth of the native heap
# Possible solutions:
#   Reduce memory load on the system
#   Increase physical memory or swap space
#   Check if swap backing store is full
#   Decrease Java heap size (-Xmx/-Xms)
#   Decrease number of Java threads
#   Decrease Java thread stack sizes (-Xss)
#   Set larger code cache with -XX:ReservedCodeCacheSize=
#   JVM is running with Unscaled Compressed Oops mode in which the Java heap is
#     placed in the first 4GB address space. The Java Heap base address is the
#     maximum limit for the native heap growth. Please use -XX:HeapBaseMinAddress
#     to set the Java Heap base and to place the Java Heap above 4GB virtual address.
# This output file may be truncated or incomplete.
#
#  Out of Memory Error (arena.cpp:168), pid=29748, tid=14812
#
# JRE version: OpenJDK Runtime Environment Temurin-21.0.10+7 (21.0.10+7) (build 21.0.10+7-LTS)
# Java VM: OpenJDK 64-Bit Server VM Temurin-21.0.10+7 (21.0.10+7-LTS, mixed mode, sharing, tiered, compressed oops, compressed class ptrs, g1 gc, windows-amd64)
# No core dump will be written. Minidumps are not enabled by default on client versions of Windows
#

---------------  S U M M A R Y ------------

Command Line: --add-opens=java.base/java.lang=ALL-UNNAMED --add-opens=java.base/java.lang.invoke=ALL-UNNAMED --add-opens=java.base/java.util=ALL-UNNAMED --add-opens=java.prefs/java.util.prefs=ALL-UNNAMED --add-exports=jdk.compiler/com.sun.tools.javac.api=ALL-UNNAMED --add-exports=jdk.compiler/com.sun.tools.javac.util=ALL-UNNAMED --add-opens=java.base/java.util=ALL-UNNAMED --add-opens=java.prefs/java.util.prefs=ALL-UNNAMED --add-opens=java.base/java.nio.charset=ALL-UNNAMED --add-opens=java.base/java.net=ALL-UNNAMED --add-opens=java.base/java.util.concurrent=ALL-UNNAMED --add-opens=java.base/java.util.concurrent.atomic=ALL-UNNAMED --add-opens=java.xml/javax.xml.namespace=ALL-UNNAMED -XX:MaxMetaspaceSize=384m -XX:+HeapDumpOnOutOfMemoryError -Xms256m -Xmx512m -Dfile.encoding=UTF-8 -Duser.country=US -Duser.language=en -Duser.variant -javaagent:C:\Users\deepa\.gradle\wrapper\dists\gradle-9.0.0-bin\d6wjpkvcgsg3oed0qlfss3wgl\gradle-9.0.0\lib\agents\gradle-instrumentation-agent-9.0.0.jar org.gradle.launcher.daemon.bootstrap.GradleDaemon 9.0.0

Host: 12th Gen Intel(R) Core(TM) i5-12500H, 16 cores, 7G,  Windows 11 , 64 bit Build 26100 (10.0.26100.7920)
Time: Tue Mar 24 12:48:31 2026 India Standard Time elapsed time: 8.154102 seconds (0d 0h 0m 8s)

---------------  T H R E A D  ---------------

Current thread (0x000002ba04b76250):  JavaThread "C2 CompilerThread1" daemon [_thread_in_native, id=14812, stack(0x000000d297e00000,0x000000d297f00000) (1024K)]


Current CompileTask:
C2:8154 7195   !   4       com.google.common.reflect.TypeVisitor::visit (225 bytes)

Stack: [0x000000d297e00000,0x000000d297f00000]
Native frames: (J=compiled Java code, j=interpreted, Vv=VM code, C=native code)
V  [jvm.dll+0x6d7a39]
V  [jvm.dll+0x8b4b26]
V  [jvm.dll+0x8b70de]
V  [jvm.dll+0x8b77c3]
V  [jvm.dll+0x284346]
V  [jvm.dll+0xc66ed]
V  [jvm.dll+0xc6c31]
V  [jvm.dll+0x3bec01]
V  [jvm.dll+0x38b162]
V  [jvm.dll+0x38a5aa]
V  [jvm.dll+0x24c560]
V  [jvm.dll+0x24bb40]
V  [jvm.dll+0x1cb34e]
V  [jvm.dll+0x25b85d]
V  [jvm.dll+0x259dea]
V  [jvm.dll+0x3f857e]
V  [jvm.dll+0x85f59d]
V  [jvm.dll+0x6d626d]
C  [ucrtbase.dll+0x37b0]
C  [KERNEL32.DLL+0x2e8d7]
C  [ntdll.dll+0x8c48c]


---------------  P R O C E S S  ---------------

Threads class SMR info:
_java_thread_list=0x000002ba04385ec0, length=88, elements={
0x000002ba4d7c0830, 0x000002ba690f2820, 0x000002ba690f3280, 0x000002ba690f3f40,
0x000002ba690f4ad0, 0x000002ba690f7670, 0x000002ba690fa740, 0x000002ba690fef90,
0x000002ba69107ca0, 0x000002ba69317900, 0x000002ba69413810, 0x000002ba7fd90850,
0x000002ba7f1ed0b0, 0x000002ba0405ffc0, 0x000002ba0403ac60, 0x000002ba04039c20,
0x000002ba0404c960, 0x000002ba7ff21fd0, 0x000002ba7ff212b0, 0x000002ba7ff21940,
0x000002ba7ff1ff00, 0x000002ba7ff22660, 0x000002ba7ff22cf0, 0x000002ba7ff1f870,
0x000002ba04ae1520, 0x000002ba04ae1bb0, 0x000002ba04ae3c80, 0x000002ba04ae28d0,
0x000002ba04ae2240, 0x000002ba04ae0800, 0x000002ba04ae2f60, 0x000002ba04ae4310,
0x000002ba04ae6a70, 0x000002ba04ae7100, 0x000002ba04ae5030, 0x000002ba04ae7790,
0x000002ba04ae7e20, 0x000002ba04ae49a0, 0x000002ba04ae5d50, 0x000002ba04ae63e0,
0x000002ba048b20e0, 0x000002ba048b0010, 0x000002ba048b0d30, 0x000002ba048b13c0,
0x000002ba048b1a50, 0x000002ba048b3b20, 0x000002ba048b06a0, 0x000002ba048b5bf0,
0x000002ba048b4840, 0x000002ba048b41b0, 0x000002ba048b5560, 0x000002ba048b4ed0,
0x000002ba048b2770, 0x000002ba048b6280, 0x000002ba048b3490, 0x000002ba048b2e00,
0x000002ba048b6910, 0x000002ba048b6fa0, 0x000002ba048b7630, 0x000002ba0437c500,
0x000002ba0437be70, 0x000002ba0437cb90, 0x000002ba0437d220, 0x000002ba0437d8b0,
0x000002ba0437df40, 0x000002ba0437aac0, 0x000002ba0437e5d0, 0x000002ba0437b150,
0x000002ba0437ec60, 0x000002ba0437b7e0, 0x000002ba04381a50, 0x000002ba0437f980,
0x000002ba0437f2f0, 0x000002ba04380010, 0x000002ba043820e0, 0x000002ba043806a0,
0x000002ba04380d30, 0x000002ba043813c0, 0x000002ba05a30780, 0x000002ba05a2e6b0,
0x000002ba05a2e020, 0x000002ba05a2d990, 0x000002ba05a300f0, 0x000002ba6920d7e0,
0x000002ba05a30e10, 0x000002ba05a2ed40, 0x000002ba04b76250, 0x000002ba05a2fa60
}

Java Threads: ( => current thread )
  0x000002ba4d7c0830 JavaThread "main"                              [_thread_blocked, id=5712, stack(0x000000d291400000,0x000000d291500000) (1024K)]
  0x000002ba690f2820 JavaThread "Reference Handler"          daemon [_thread_blocked, id=13952, stack(0x000000d291c00000,0x000000d291d00000) (1024K)]
  0x000002ba690f3280 JavaThread "Finalizer"                  daemon [_thread_blocked, id=17432, stack(0x000000d291d00000,0x000000d291e00000) (1024K)]
  0x000002ba690f3f40 JavaThread "Signal Dispatcher"          daemon [_thread_blocked, id=5392, stack(0x000000d291e00000,0x000000d291f00000) (1024K)]
  0x000002ba690f4ad0 JavaThread "Attach Listener"            daemon [_thread_blocked, id=21640, stack(0x000000d291f00000,0x000000d292000000) (1024K)]
  0x000002ba690f7670 JavaThread "Service Thread"             daemon [_thread_blocked, id=13880, stack(0x000000d292000000,0x000000d292100000) (1024K)]
  0x000002ba690fa740 JavaThread "Monitor Deflation Thread"   daemon [_thread_blocked, id=5456, stack(0x000000d292100000,0x000000d292200000) (1024K)]
  0x000002ba690fef90 JavaThread "C2 CompilerThread0"         daemon [_thread_blocked, id=24240, stack(0x000000d292200000,0x000000d292300000) (1024K)]
  0x000002ba69107ca0 JavaThread "C1 CompilerThread0"         daemon [_thread_blocked, id=32072, stack(0x000000d292300000,0x000000d292400000) (1024K)]
  0x000002ba69317900 JavaThread "Common-Cleaner"             daemon [_thread_blocked, id=28884, stack(0x000000d292400000,0x000000d292500000) (1024K)]
  0x000002ba69413810 JavaThread "Notification Thread"        daemon [_thread_blocked, id=31592, stack(0x000000d292500000,0x000000d292600000) (1024K)]
  0x000002ba7fd90850 JavaThread "Daemon health stats"               [_thread_blocked, id=1316, stack(0x000000d292e00000,0x000000d292f00000) (1024K)]
  0x000002ba7f1ed0b0 JavaThread "Incoming local TCP Connector on port 60824"        [_thread_in_native, id=10656, stack(0x000000d292f00000,0x000000d293000000) (1024K)]
  0x000002ba0405ffc0 JavaThread "Daemon periodic checks"            [_thread_blocked, id=32368, stack(0x000000d293000000,0x000000d293100000) (1024K)]
  0x000002ba0403ac60 JavaThread "Daemon"                            [_thread_blocked, id=32404, stack(0x000000d293100000,0x000000d293200000) (1024K)]
  0x000002ba04039c20 JavaThread "Handler for socket connection from /127.0.0.1:60824 to /127.0.0.1:60825"        [_thread_in_native, id=30948, stack(0x000000d293200000,0x000000d293300000) (1024K)]
  0x000002ba0404c960 JavaThread "Cancel handler"                    [_thread_blocked, id=28184, stack(0x000000d293300000,0x000000d293400000) (1024K)]
  0x000002ba7ff21fd0 JavaThread "Daemon worker"                     [_thread_in_native, id=19856, stack(0x000000d293400000,0x000000d293500000) (1024K)]
  0x000002ba7ff212b0 JavaThread "Asynchronous log dispatcher for DefaultDaemonConnection: socket connection from /127.0.0.1:60824 to /127.0.0.1:60825"        [_thread_blocked, id=9988, stack(0x000000d293500000,0x000000d293600000) (1024K)]
  0x000002ba7ff21940 JavaThread "Stdin handler"                     [_thread_blocked, id=12500, stack(0x000000d293600000,0x000000d293700000) (1024K)]
  0x000002ba7ff1ff00 JavaThread "Daemon client event forwarder"        [_thread_blocked, id=8828, stack(0x000000d293700000,0x000000d293800000) (1024K)]
  0x000002ba7ff22660 JavaThread "Cache worker for journal cache (C:\Users\deepa\.gradle\caches\journal-1)"        [_thread_blocked, id=31504, stack(0x000000d293800000,0x000000d293900000) (1024K)]
  0x000002ba7ff22cf0 JavaThread "File lock request listener"        [_thread_in_native, id=31720, stack(0x000000d293900000,0x000000d293a00000) (1024K)]
  0x000002ba7ff1f870 JavaThread "Cache worker for file hash cache (C:\Users\deepa\.gradle\caches\9.0.0\fileHashes)"        [_thread_blocked, id=17332, stack(0x000000d293a00000,0x000000d293b00000) (1024K)]
  0x000002ba04ae1520 JavaThread "Cache worker for file hash cache (C:\Users\deepa\OneDrive\Documents\project\Sanship\SanshipMBL\.gradle\9.0.0\fileHashes)"        [_thread_blocked, id=23196, stack(0x000000d294100000,0x000000d294200000) (1024K)]
  0x000002ba04ae1bb0 JavaThread "Cache worker for Build Output Cleanup Cache (C:\Users\deepa\OneDrive\Documents\project\Sanship\SanshipMBL\.gradle\buildOutputCleanup)"        [_thread_blocked, id=20448, stack(0x000000d294200000,0x000000d294300000) (1024K)]
  0x000002ba04ae3c80 JavaThread "File watcher server"        daemon [_thread_in_native, id=28964, stack(0x000000d294300000,0x000000d294400000) (1024K)]
  0x000002ba04ae28d0 JavaThread "File watcher consumer"      daemon [_thread_blocked, id=2448, stack(0x000000d294400000,0x000000d294500000) (1024K)]
  0x000002ba04ae2240 JavaThread "Cache worker for checksums cache (C:\Users\deepa\OneDrive\Documents\project\Sanship\SanshipMBL\.gradle\9.0.0\checksums)"        [_thread_blocked, id=23632, stack(0x000000d294500000,0x000000d294600000) (1024K)]
  0x000002ba04ae0800 JavaThread "Cache worker for file content cache (C:\Users\deepa\.gradle\caches\9.0.0\fileContent)"        [_thread_blocked, id=26808, stack(0x000000d294600000,0x000000d294700000) (1024K)]
  0x000002ba04ae2f60 JavaThread "Cache worker for cache directory md-supplier (C:\Users\deepa\.gradle\caches\9.0.0\md-supplier)"        [_thread_blocked, id=30944, stack(0x000000d294700000,0x000000d294800000) (1024K)]
  0x000002ba04ae4310 JavaThread "Cache worker for cache directory md-rule (C:\Users\deepa\.gradle\caches\9.0.0\md-rule)"        [_thread_blocked, id=16308, stack(0x000000d294800000,0x000000d294900000) (1024K)]
  0x000002ba04ae6a70 JavaThread "Unconstrained build operations"        [_thread_blocked, id=22732, stack(0x000000d294900000,0x000000d294a00000) (1024K)]
  0x000002ba04ae7100 JavaThread "Unconstrained build operations Thread 2"        [_thread_blocked, id=29424, stack(0x000000d294a00000,0x000000d294b00000) (1024K)]
  0x000002ba04ae5030 JavaThread "Unconstrained build operations Thread 3"        [_thread_blocked, id=10336, stack(0x000000d294b00000,0x000000d294c00000) (1024K)]
  0x000002ba04ae7790 JavaThread "Unconstrained build operations Thread 4"        [_thread_blocked, id=17352, stack(0x000000d294c00000,0x000000d294d00000) (1024K)]
  0x000002ba04ae7e20 JavaThread "Unconstrained build operations Thread 5"        [_thread_blocked, id=16808, stack(0x000000d294d00000,0x000000d294e00000) (1024K)]
  0x000002ba04ae49a0 JavaThread "Unconstrained build operations Thread 6"        [_thread_blocked, id=32620, stack(0x000000d294e00000,0x000000d294f00000) (1024K)]
  0x000002ba04ae5d50 JavaThread "Unconstrained build operations Thread 7"        [_thread_blocked, id=4876, stack(0x000000d294f00000,0x000000d295000000) (1024K)]
  0x000002ba04ae63e0 JavaThread "Unconstrained build operations Thread 8"        [_thread_blocked, id=20928, stack(0x000000d295000000,0x000000d295100000) (1024K)]
  0x000002ba048b20e0 JavaThread "Unconstrained build operations Thread 9"        [_thread_blocked, id=32100, stack(0x000000d295100000,0x000000d295200000) (1024K)]
  0x000002ba048b0010 JavaThread "Unconstrained build operations Thread 10"        [_thread_blocked, id=4080, stack(0x000000d295200000,0x000000d295300000) (1024K)]
  0x000002ba048b0d30 JavaThread "Unconstrained build operations Thread 11"        [_thread_blocked, id=24568, stack(0x000000d295300000,0x000000d295400000) (1024K)]
  0x000002ba048b13c0 JavaThread "Unconstrained build operations Thread 12"        [_thread_blocked, id=27096, stack(0x000000d295400000,0x000000d295500000) (1024K)]
  0x000002ba048b1a50 JavaThread "Unconstrained build operations Thread 13"        [_thread_blocked, id=31192, stack(0x000000d295500000,0x000000d295600000) (1024K)]
  0x000002ba048b3b20 JavaThread "Unconstrained build operations Thread 14"        [_thread_blocked, id=12904, stack(0x000000d295600000,0x000000d295700000) (1024K)]
  0x000002ba048b06a0 JavaThread "Unconstrained build operations Thread 15"        [_thread_blocked, id=30252, stack(0x000000d295700000,0x000000d295800000) (1024K)]
  0x000002ba048b5bf0 JavaThread "Unconstrained build operations Thread 16"        [_thread_blocked, id=25692, stack(0x000000d295800000,0x000000d295900000) (1024K)]
  0x000002ba048b4840 JavaThread "Unconstrained build operations Thread 17"        [_thread_blocked, id=19100, stack(0x000000d295900000,0x000000d295a00000) (1024K)]
  0x000002ba048b41b0 JavaThread "Unconstrained build operations Thread 18"        [_thread_blocked, id=32512, stack(0x000000d295a00000,0x000000d295b00000) (1024K)]
  0x000002ba048b5560 JavaThread "Unconstrained build operations Thread 19"        [_thread_blocked, id=31628, stack(0x000000d295b00000,0x000000d295c00000) (1024K)]
  0x000002ba048b4ed0 JavaThread "Unconstrained build operations Thread 20"        [_thread_blocked, id=28936, stack(0x000000d295c00000,0x000000d295d00000) (1024K)]
  0x000002ba048b2770 JavaThread "Unconstrained build operations Thread 21"        [_thread_blocked, id=31936, stack(0x000000d295d00000,0x000000d295e00000) (1024K)]
  0x000002ba048b6280 JavaThread "Unconstrained build operations Thread 22"        [_thread_blocked, id=6508, stack(0x000000d295e00000,0x000000d295f00000) (1024K)]
  0x000002ba048b3490 JavaThread "Unconstrained build operations Thread 23"        [_thread_blocked, id=13844, stack(0x000000d295f00000,0x000000d296000000) (1024K)]
  0x000002ba048b2e00 JavaThread "Unconstrained build operations Thread 24"        [_thread_blocked, id=6488, stack(0x000000d296000000,0x000000d296100000) (1024K)]
  0x000002ba048b6910 JavaThread "Unconstrained build operations Thread 25"        [_thread_blocked, id=28164, stack(0x000000d296100000,0x000000d296200000) (1024K)]
  0x000002ba048b6fa0 JavaThread "Unconstrained build operations Thread 26"        [_thread_blocked, id=29440, stack(0x000000d296200000,0x000000d296300000) (1024K)]
  0x000002ba048b7630 JavaThread "Unconstrained build operations Thread 27"        [_thread_blocked, id=14348, stack(0x000000d296300000,0x000000d296400000) (1024K)]
  0x000002ba0437c500 JavaThread "Unconstrained build operations Thread 28"        [_thread_blocked, id=16276, stack(0x000000d296400000,0x000000d296500000) (1024K)]
  0x000002ba0437be70 JavaThread "Unconstrained build operations Thread 29"        [_thread_blocked, id=27852, stack(0x000000d296500000,0x000000d296600000) (1024K)]
  0x000002ba0437cb90 JavaThread "Unconstrained build operations Thread 30"        [_thread_blocked, id=1872, stack(0x000000d296600000,0x000000d296700000) (1024K)]
  0x000002ba0437d220 JavaThread "Unconstrained build operations Thread 31"        [_thread_blocked, id=14772, stack(0x000000d296700000,0x000000d296800000) (1024K)]
  0x000002ba0437d8b0 JavaThread "Unconstrained build operations Thread 32"        [_thread_blocked, id=23192, stack(0x000000d296800000,0x000000d296900000) (1024K)]
  0x000002ba0437df40 JavaThread "Unconstrained build operations Thread 33"        [_thread_blocked, id=32716, stack(0x000000d296900000,0x000000d296a00000) (1024K)]
  0x000002ba0437aac0 JavaThread "Unconstrained build operations Thread 34"        [_thread_blocked, id=14676, stack(0x000000d296a00000,0x000000d296b00000) (1024K)]
  0x000002ba0437e5d0 JavaThread "Unconstrained build operations Thread 35"        [_thread_blocked, id=13772, stack(0x000000d296b00000,0x000000d296c00000) (1024K)]
  0x000002ba0437b150 JavaThread "Unconstrained build operations Thread 36"        [_thread_blocked, id=17564, stack(0x000000d296c00000,0x000000d296d00000) (1024K)]
  0x000002ba0437ec60 JavaThread "Unconstrained build operations Thread 37"        [_thread_blocked, id=29112, stack(0x000000d296d00000,0x000000d296e00000) (1024K)]
  0x000002ba0437b7e0 JavaThread "Unconstrained build operations Thread 38"        [_thread_blocked, id=28720, stack(0x000000d296e00000,0x000000d296f00000) (1024K)]
  0x000002ba04381a50 JavaThread "Unconstrained build operations Thread 39"        [_thread_blocked, id=30876, stack(0x000000d296f00000,0x000000d297000000) (1024K)]
  0x000002ba0437f980 JavaThread "Unconstrained build operations Thread 40"        [_thread_blocked, id=30004, stack(0x000000d297000000,0x000000d297100000) (1024K)]
  0x000002ba0437f2f0 JavaThread "Unconstrained build operations Thread 41"        [_thread_blocked, id=31948, stack(0x000000d297100000,0x000000d297200000) (1024K)]
  0x000002ba04380010 JavaThread "Unconstrained build operations Thread 42"        [_thread_blocked, id=30996, stack(0x000000d297200000,0x000000d297300000) (1024K)]
  0x000002ba043820e0 JavaThread "Unconstrained build operations Thread 43"        [_thread_blocked, id=17344, stack(0x000000d297300000,0x000000d297400000) (1024K)]
  0x000002ba043806a0 JavaThread "Unconstrained build operations Thread 44"        [_thread_blocked, id=32308, stack(0x000000d297400000,0x000000d297500000) (1024K)]
  0x000002ba04380d30 JavaThread "Unconstrained build operations Thread 45"        [_thread_blocked, id=10376, stack(0x000000d297500000,0x000000d297600000) (1024K)]
  0x000002ba043813c0 JavaThread "Unconstrained build operations Thread 46"        [_thread_blocked, id=23772, stack(0x000000d297600000,0x000000d297700000) (1024K)]
  0x000002ba05a30780 JavaThread "Unconstrained build operations Thread 47"        [_thread_blocked, id=32540, stack(0x000000d297700000,0x000000d297800000) (1024K)]
  0x000002ba05a2e6b0 JavaThread "Unconstrained build operations Thread 48"        [_thread_blocked, id=31188, stack(0x000000d297800000,0x000000d297900000) (1024K)]
  0x000002ba05a2e020 JavaThread "Unconstrained build operations Thread 49"        [_thread_blocked, id=29864, stack(0x000000d297900000,0x000000d297a00000) (1024K)]
  0x000002ba05a2d990 JavaThread "Unconstrained build operations Thread 50"        [_thread_blocked, id=32660, stack(0x000000d297a00000,0x000000d297b00000) (1024K)]
  0x000002ba05a300f0 JavaThread "Unconstrained build operations Thread 51"        [_thread_blocked, id=7056, stack(0x000000d297b00000,0x000000d297c00000) (1024K)]
  0x000002ba6920d7e0 JavaThread "C1 CompilerThread1"         daemon [_thread_blocked, id=29564, stack(0x000000d297c00000,0x000000d297d00000) (1024K)]
  0x000002ba05a30e10 JavaThread "build event listener"              [_thread_blocked, id=23824, stack(0x000000d297f00000,0x000000d298000000) (1024K)]
  0x000002ba05a2ed40 JavaThread "Problems report writer"            [_thread_blocked, id=17512, stack(0x000000d298000000,0x000000d298100000) (1024K)]
=>0x000002ba04b76250 JavaThread "C2 CompilerThread1"         daemon [_thread_in_native, id=14812, stack(0x000000d297e00000,0x000000d297f00000) (1024K)]
  0x000002ba05a2fa60 JavaThread "Memory manager"                    [_thread_blocked, id=30924, stack(0x000000d298400000,0x000000d298500000) (1024K)]
Total: 88

Other Threads:
  0x000002ba690ce3e0 VMThread "VM Thread"                           [id=16420, stack(0x000000d291b00000,0x000000d291c00000) (1024K)]
  0x000002ba691c0090 WatcherThread "VM Periodic Task Thread"        [id=14596, stack(0x000000d291a00000,0x000000d291b00000) (1024K)]
  0x000002ba4d7ebba0 WorkerThread "GC Thread#0"                     [id=13408, stack(0x000000d291500000,0x000000d291600000) (1024K)]
  0x000002ba696f3890 WorkerThread "GC Thread#1"                     [id=32728, stack(0x000000d292600000,0x000000d292700000) (1024K)]
  0x000002ba69508360 WorkerThread "GC Thread#2"                     [id=24368, stack(0x000000d292700000,0x000000d292800000) (1024K)]
  0x000002ba69508710 WorkerThread "GC Thread#3"                     [id=32252, stack(0x000000d292800000,0x000000d292900000) (1024K)]
  0x000002ba695c08b0 WorkerThread "GC Thread#4"                     [id=7000, stack(0x000000d292900000,0x000000d292a00000) (1024K)]
  0x000002ba695c0c60 WorkerThread "GC Thread#5"                     [id=3812, stack(0x000000d292a00000,0x000000d292b00000) (1024K)]
  0x000002ba7fdb9180 WorkerThread "GC Thread#6"                     [id=26484, stack(0x000000d292b00000,0x000000d292c00000) (1024K)]
  0x000002ba7fda83b0 WorkerThread "GC Thread#7"                     [id=31752, stack(0x000000d292c00000,0x000000d292d00000) (1024K)]
  0x000002ba7fda8760 WorkerThread "GC Thread#8"                     [id=3824, stack(0x000000d292d00000,0x000000d292e00000) (1024K)]
  0x000002ba04020c30 WorkerThread "GC Thread#9"                     [id=25800, stack(0x000000d293b00000,0x000000d293c00000) (1024K)]
  0x000002ba06567970 WorkerThread "GC Thread#10"                    [id=26028, stack(0x000000d293c00000,0x000000d293d00000) (1024K)]
  0x000002ba06566350 WorkerThread "GC Thread#11"                    [id=9236, stack(0x000000d293d00000,0x000000d293e00000) (1024K)]
  0x000002ba06563e70 WorkerThread "GC Thread#12"                    [id=24316, stack(0x000000d293e00000,0x000000d293f00000) (1024K)]
  0x000002ba4d803150 ConcurrentGCThread "G1 Main Marker"            [id=9716, stack(0x000000d291600000,0x000000d291700000) (1024K)]
  0x000002ba4d804a20 WorkerThread "G1 Conc#0"                       [id=29240, stack(0x000000d291700000,0x000000d291800000) (1024K)]
  0x000002ba06566e60 WorkerThread "G1 Conc#1"                       [id=30616, stack(0x000000d293f00000,0x000000d294000000) (1024K)]
  0x000002ba06564220 WorkerThread "G1 Conc#2"                       [id=30228, stack(0x000000d294000000,0x000000d294100000) (1024K)]
  0x000002ba6900db00 ConcurrentGCThread "G1 Refine#0"               [id=11620, stack(0x000000d291800000,0x000000d291900000) (1024K)]
  0x000002ba6900e330 ConcurrentGCThread "G1 Service"                [id=26748, stack(0x000000d291900000,0x000000d291a00000) (1024K)]
Total: 21

Threads with active compile tasks:
C2 CompilerThread1  8838 7195   !   4       com.google.common.reflect.TypeVisitor::visit (225 bytes)
Total: 1

VM state: not at safepoint (normal execution)

VM Mutex/Monitor currently owned by a thread: None

Heap address: 0x00000000e0000000, size: 512 MB, Compressed Oops mode: 32-bit

CDS archive(s) mapped at: [0x000002ba6a000000-0x000002ba6ac80000-0x000002ba6ac80000), size 13107200, SharedBaseAddress: 0x000002ba6a000000, ArchiveRelocationMode: 1.
Compressed class space mapped at: 0x000002ba6b000000-0x000002ba7f000000, reserved size: 335544320
Narrow klass base: 0x000002ba6a000000, Narrow klass shift: 0, Narrow klass range: 0x100000000

GC Precious Log:
 CardTable entry size: 512
 Card Set container configuration: InlinePtr #cards 5 size 8 Array Of Cards #cards 12 size 40 Howl #buckets 4 coarsen threshold 1843 Howl Bitmap #cards 512 size 80 coarsen threshold 460 Card regions per heap region 1 cards per card region 2048
 CPUs: 16 total, 16 available
 Memory: 7876M
 Large Page Support: Disabled
 NUMA Support: Disabled
 Compressed Oops: Enabled (32-bit)
 Heap Region Size: 1M
 Heap Min Capacity: 256M
 Heap Initial Capacity: 256M
 Heap Max Capacity: 512M
 Pre-touch: Disabled
 Parallel Workers: 13
 Concurrent Workers: 3
 Concurrent Refinement Workers: 13
 Periodic GC: Disabled

Heap:
 garbage-first heap   total 262144K, used 76424K [0x00000000e0000000, 0x0000000100000000)
  region size 1024K, 18 young (18432K), 2 survivors (2048K)
 Metaspace       used 60074K, committed 61952K, reserved 393216K
  class space    used 8748K, committed 9664K, reserved 327680K

Heap Regions: E=young(eden), S=young(survivor), O=old, HS=humongous(starts), HC=humongous(continues), CS=collection set, F=free, TAMS=top-at-mark-start, PB=parsable bottom
|   0|0x00000000e0000000, 0x00000000e0100000, 0x00000000e0100000|100%|HS|  |TAMS 0x00000000e0000000| PB 0x00000000e0000000| Complete 
|   1|0x00000000e0100000, 0x00000000e0200000, 0x00000000e0200000|100%|HC|  |TAMS 0x00000000e0100000| PB 0x00000000e0100000| Complete 
|   2|0x00000000e0200000, 0x00000000e0300000, 0x00000000e0300000|100%|HC|  |TAMS 0x00000000e0200000| PB 0x00000000e0200000| Complete 
|   3|0x00000000e0300000, 0x00000000e0400000, 0x00000000e0400000|100%| O|  |TAMS 0x00000000e0300000| PB 0x00000000e0300000| Untracked 
|   4|0x00000000e0400000, 0x00000000e0500000, 0x00000000e0500000|100%| O|  |TAMS 0x00000000e0400000| PB 0x00000000e0400000| Untracked 
|   5|0x00000000e0500000, 0x00000000e0600000, 0x00000000e0600000|100%| O|  |TAMS 0x00000000e0500000| PB 0x00000000e0500000| Untracked 
|   6|0x00000000e0600000, 0x00000000e0700000, 0x00000000e0700000|100%|HS|  |TAMS 0x00000000e0600000| PB 0x00000000e0600000| Complete 
|   7|0x00000000e0700000, 0x00000000e0800000, 0x00000000e0800000|100%| O|  |TAMS 0x00000000e0700000| PB 0x00000000e0700000| Untracked 
|   8|0x00000000e0800000, 0x00000000e0900000, 0x00000000e0900000|100%| O|  |TAMS 0x00000000e0800000| PB 0x00000000e0800000| Untracked 
|   9|0x00000000e0900000, 0x00000000e0a00000, 0x00000000e0a00000|100%| O|  |TAMS 0x00000000e0900000| PB 0x00000000e0900000| Untracked 
|  10|0x00000000e0a00000, 0x00000000e0b00000, 0x00000000e0b00000|100%| O|  |TAMS 0x00000000e0a00000| PB 0x00000000e0a00000| Untracked 
|  11|0x00000000e0b00000, 0x00000000e0c00000, 0x00000000e0c00000|100%| O|  |TAMS 0x00000000e0b00000| PB 0x00000000e0b00000| Untracked 
|  12|0x00000000e0c00000, 0x00000000e0d00000, 0x00000000e0d00000|100%| O|  |TAMS 0x00000000e0c00000| PB 0x00000000e0c00000| Untracked 
|  13|0x00000000e0d00000, 0x00000000e0e00000, 0x00000000e0e00000|100%| O|  |TAMS 0x00000000e0d00000| PB 0x00000000e0d00000| Untracked 
|  14|0x00000000e0e00000, 0x00000000e0f00000, 0x00000000e0f00000|100%| O|  |TAMS 0x00000000e0e00000| PB 0x00000000e0e00000| Untracked 
|  15|0x00000000e0f00000, 0x00000000e1000000, 0x00000000e1000000|100%| O|  |TAMS 0x00000000e0f00000| PB 0x00000000e0f00000| Untracked 
|  16|0x00000000e1000000, 0x00000000e1100000, 0x00000000e1100000|100%| O|  |TAMS 0x00000000e1000000| PB 0x00000000e1000000| Untracked 
|  17|0x00000000e1100000, 0x00000000e1200000, 0x00000000e1200000|100%| O|  |TAMS 0x00000000e1100000| PB 0x00000000e1100000| Untracked 
|  18|0x00000000e1200000, 0x00000000e1300000, 0x00000000e1300000|100%| O|  |TAMS 0x00000000e1200000| PB 0x00000000e1200000| Untracked 
|  19|0x00000000e1300000, 0x00000000e1400000, 0x00000000e1400000|100%| O|  |TAMS 0x00000000e1300000| PB 0x00000000e1300000| Untracked 
|  20|0x00000000e1400000, 0x00000000e1500000, 0x00000000e1500000|100%| O|  |TAMS 0x00000000e1400000| PB 0x00000000e1400000| Untracked 
|  21|0x00000000e1500000, 0x00000000e1600000, 0x00000000e1600000|100%| O|  |TAMS 0x00000000e1500000| PB 0x00000000e1500000| Untracked 
|  22|0x00000000e1600000, 0x00000000e1700000, 0x00000000e1700000|100%| O|  |TAMS 0x00000000e1600000| PB 0x00000000e1600000| Untracked 
|  23|0x00000000e1700000, 0x00000000e1800000, 0x00000000e1800000|100%|HS|  |TAMS 0x00000000e1700000| PB 0x00000000e1700000| Complete 
|  24|0x00000000e1800000, 0x00000000e1900000, 0x00000000e1900000|100%|HC|  |TAMS 0x00000000e1800000| PB 0x00000000e1800000| Complete 
|  25|0x00000000e1900000, 0x00000000e1a00000, 0x00000000e1a00000|100%|HS|  |TAMS 0x00000000e1900000| PB 0x00000000e1900000| Complete 
|  26|0x00000000e1a00000, 0x00000000e1b00000, 0x00000000e1b00000|100%|HC|  |TAMS 0x00000000e1a00000| PB 0x00000000e1a00000| Complete 
|  27|0x00000000e1b00000, 0x00000000e1c00000, 0x00000000e1c00000|100%|HS|  |TAMS 0x00000000e1b00000| PB 0x00000000e1b00000| Complete 
|  28|0x00000000e1c00000, 0x00000000e1d00000, 0x00000000e1d00000|100%|HC|  |TAMS 0x00000000e1c00000| PB 0x00000000e1c00000| Complete 
|  29|0x00000000e1d00000, 0x00000000e1e00000, 0x00000000e1e00000|100%|HC|  |TAMS 0x00000000e1d00000| PB 0x00000000e1d00000| Complete 
|  30|0x00000000e1e00000, 0x00000000e1f00000, 0x00000000e1f00000|100%|HC|  |TAMS 0x00000000e1e00000| PB 0x00000000e1e00000| Complete 
|  31|0x00000000e1f00000, 0x00000000e2000000, 0x00000000e2000000|100%|HS|  |TAMS 0x00000000e1f00000| PB 0x00000000e1f00000| Complete 
|  32|0x00000000e2000000, 0x00000000e2100000, 0x00000000e2100000|100%|HC|  |TAMS 0x00000000e2000000| PB 0x00000000e2000000| Complete 
|  33|0x00000000e2100000, 0x00000000e2200000, 0x00000000e2200000|100%|HC|  |TAMS 0x00000000e2100000| PB 0x00000000e2100000| Complete 
|  34|0x00000000e2200000, 0x00000000e2300000, 0x00000000e2300000|100%|HC|  |TAMS 0x00000000e2200000| PB 0x00000000e2200000| Complete 
|  35|0x00000000e2300000, 0x00000000e2400000, 0x00000000e2400000|100%| O|  |TAMS 0x00000000e2300000| PB 0x00000000e2300000| Untracked 
|  36|0x00000000e2400000, 0x00000000e2500000, 0x00000000e2500000|100%| O|  |TAMS 0x00000000e2400000| PB 0x00000000e2400000| Untracked 
|  37|0x00000000e2500000, 0x00000000e2600000, 0x00000000e2600000|100%| O|  |TAMS 0x00000000e2500000| PB 0x00000000e2500000| Untracked 
|  38|0x00000000e2600000, 0x00000000e2700000, 0x00000000e2700000|100%| O|  |TAMS 0x00000000e2600000| PB 0x00000000e2600000| Untracked 
|  39|0x00000000e2700000, 0x00000000e2800000, 0x00000000e2800000|100%| O|  |TAMS 0x00000000e2700000| PB 0x00000000e2700000| Untracked 
|  40|0x00000000e2800000, 0x00000000e2900000, 0x00000000e2900000|100%| O|  |TAMS 0x00000000e2800000| PB 0x00000000e2800000| Untracked 
|  41|0x00000000e2900000, 0x00000000e2a00000, 0x00000000e2a00000|100%| O|Cm|TAMS 0x00000000e2900000| PB 0x00000000e2900000| Complete 
|  42|0x00000000e2a00000, 0x00000000e2b00000, 0x00000000e2b00000|100%| O|  |TAMS 0x00000000e2a00000| PB 0x00000000e2a00000| Untracked 
|  43|0x00000000e2b00000, 0x00000000e2c00000, 0x00000000e2c00000|100%| O|  |TAMS 0x00000000e2b00000| PB 0x00000000e2b00000| Untracked 
|  44|0x00000000e2c00000, 0x00000000e2d00000, 0x00000000e2d00000|100%| O|  |TAMS 0x00000000e2c00000| PB 0x00000000e2c00000| Untracked 
|  45|0x00000000e2d00000, 0x00000000e2e00000, 0x00000000e2e00000|100%| O|  |TAMS 0x00000000e2d00000| PB 0x00000000e2d00000| Untracked 
|  46|0x00000000e2e00000, 0x00000000e2f00000, 0x00000000e2f00000|100%| O|  |TAMS 0x00000000e2e00000| PB 0x00000000e2e00000| Untracked 
|  47|0x00000000e2f00000, 0x00000000e3000000, 0x00000000e3000000|100%| O|  |TAMS 0x00000000e2f00000| PB 0x00000000e2f00000| Untracked 
|  48|0x00000000e3000000, 0x00000000e3100000, 0x00000000e3100000|100%| O|  |TAMS 0x00000000e3000000| PB 0x00000000e3000000| Untracked 
|  49|0x00000000e3100000, 0x00000000e3200000, 0x00000000e3200000|100%| O|  |TAMS 0x00000000e3100000| PB 0x00000000e3100000| Untracked 
|  50|0x00000000e3200000, 0x00000000e3300000, 0x00000000e3300000|100%| O|  |TAMS 0x00000000e3200000| PB 0x00000000e3200000| Untracked 
|  51|0x00000000e3300000, 0x00000000e3400000, 0x00000000e3400000|100%| O|  |TAMS 0x00000000e3300000| PB 0x00000000e3300000| Untracked 
|  52|0x00000000e3400000, 0x00000000e3500000, 0x00000000e3500000|100%| O|  |TAMS 0x00000000e3400000| PB 0x00000000e3400000| Untracked 
|  53|0x00000000e3500000, 0x00000000e3600000, 0x00000000e3600000|100%| O|  |TAMS 0x00000000e3500000| PB 0x00000000e3500000| Untracked 
|  54|0x00000000e3600000, 0x00000000e3700000, 0x00000000e3700000|100%| O|  |TAMS 0x00000000e3600000| PB 0x00000000e3600000| Untracked 
|  55|0x00000000e3700000, 0x00000000e3800000, 0x00000000e3800000|100%| O|  |TAMS 0x00000000e3700000| PB 0x00000000e3700000| Untracked 
|  56|0x00000000e3800000, 0x00000000e3900000, 0x00000000e3900000|100%| O|  |TAMS 0x00000000e3800000| PB 0x00000000e3800000| Untracked 
|  57|0x00000000e3900000, 0x00000000e3a00000, 0x00000000e3a00000|100%| O|  |TAMS 0x00000000e3900000| PB 0x00000000e3900000| Untracked 
|  58|0x00000000e3a00000, 0x00000000e3a00000, 0x00000000e3b00000|  0%| F|  |TAMS 0x00000000e3a00000| PB 0x00000000e3a00000| Untracked 
|  59|0x00000000e3b00000, 0x00000000e3b00000, 0x00000000e3c00000|  0%| F|  |TAMS 0x00000000e3b00000| PB 0x00000000e3b00000| Untracked 
|  60|0x00000000e3c00000, 0x00000000e3c00000, 0x00000000e3d00000|  0%| F|  |TAMS 0x00000000e3c00000| PB 0x00000000e3c00000| Untracked 
|  61|0x00000000e3d00000, 0x00000000e3d00000, 0x00000000e3e00000|  0%| F|  |TAMS 0x00000000e3d00000| PB 0x00000000e3d00000| Untracked 
|  62|0x00000000e3e00000, 0x00000000e3e00000, 0x00000000e3f00000|  0%| F|  |TAMS 0x00000000e3e00000| PB 0x00000000e3e00000| Untracked 
|  63|0x00000000e3f00000, 0x00000000e3f00000, 0x00000000e4000000|  0%| F|  |TAMS 0x00000000e3f00000| PB 0x00000000e3f00000| Untracked 
|  64|0x00000000e4000000, 0x00000000e4000000, 0x00000000e4100000|  0%| F|  |TAMS 0x00000000e4000000| PB 0x00000000e4000000| Untracked 
|  65|0x00000000e4100000, 0x00000000e4100000, 0x00000000e4200000|  0%| F|  |TAMS 0x00000000e4100000| PB 0x00000000e4100000| Untracked 
|  66|0x00000000e4200000, 0x00000000e4200000, 0x00000000e4300000|  0%| F|  |TAMS 0x00000000e4200000| PB 0x00000000e4200000| Untracked 
|  67|0x00000000e4300000, 0x00000000e4300000, 0x00000000e4400000|  0%| F|  |TAMS 0x00000000e4300000| PB 0x00000000e4300000| Untracked 
|  68|0x00000000e4400000, 0x00000000e4400000, 0x00000000e4500000|  0%| F|  |TAMS 0x00000000e4400000| PB 0x00000000e4400000| Untracked 
|  69|0x00000000e4500000, 0x00000000e4500000, 0x00000000e4600000|  0%| F|  |TAMS 0x00000000e4500000| PB 0x00000000e4500000| Untracked 
|  70|0x00000000e4600000, 0x00000000e4600000, 0x00000000e4700000|  0%| F|  |TAMS 0x00000000e4600000| PB 0x00000000e4600000| Untracked 
|  71|0x00000000e4700000, 0x00000000e4700000, 0x00000000e4800000|  0%| F|  |TAMS 0x00000000e4700000| PB 0x00000000e4700000| Untracked 
|  72|0x00000000e4800000, 0x00000000e4800000, 0x00000000e4900000|  0%| F|  |TAMS 0x00000000e4800000| PB 0x00000000e4800000| Untracked 
|  73|0x00000000e4900000, 0x00000000e4900000, 0x00000000e4a00000|  0%| F|  |TAMS 0x00000000e4900000| PB 0x00000000e4900000| Untracked 
|  74|0x00000000e4a00000, 0x00000000e4a00000, 0x00000000e4b00000|  0%| F|  |TAMS 0x00000000e4a00000| PB 0x00000000e4a00000| Untracked 
|  75|0x00000000e4b00000, 0x00000000e4b00000, 0x00000000e4c00000|  0%| F|  |TAMS 0x00000000e4b00000| PB 0x00000000e4b00000| Untracked 
|  76|0x00000000e4c00000, 0x00000000e4c00000, 0x00000000e4d00000|  0%| F|  |TAMS 0x00000000e4c00000| PB 0x00000000e4c00000| Untracked 
|  77|0x00000000e4d00000, 0x00000000e4d00000, 0x00000000e4e00000|  0%| F|  |TAMS 0x00000000e4d00000| PB 0x00000000e4d00000| Untracked 
|  78|0x00000000e4e00000, 0x00000000e4e00000, 0x00000000e4f00000|  0%| F|  |TAMS 0x00000000e4e00000| PB 0x00000000e4e00000| Untracked 
|  79|0x00000000e4f00000, 0x00000000e4f00000, 0x00000000e5000000|  0%| F|  |TAMS 0x00000000e4f00000| PB 0x00000000e4f00000| Untracked 
|  80|0x00000000e5000000, 0x00000000e5000000, 0x00000000e5100000|  0%| F|  |TAMS 0x00000000e5000000| PB 0x00000000e5000000| Untracked 
|  81|0x00000000e5100000, 0x00000000e5100000, 0x00000000e5200000|  0%| F|  |TAMS 0x00000000e5100000| PB 0x00000000e5100000| Untracked 
|  82|0x00000000e5200000, 0x00000000e5200000, 0x00000000e5300000|  0%| F|  |TAMS 0x00000000e5200000| PB 0x00000000e5200000| Untracked 
|  83|0x00000000e5300000, 0x00000000e5300000, 0x00000000e5400000|  0%| F|  |TAMS 0x00000000e5300000| PB 0x00000000e5300000| Untracked 
|  84|0x00000000e5400000, 0x00000000e5400000, 0x00000000e5500000|  0%| F|  |TAMS 0x00000000e5400000| PB 0x00000000e5400000| Untracked 
|  85|0x00000000e5500000, 0x00000000e5500000, 0x00000000e5600000|  0%| F|  |TAMS 0x00000000e5500000| PB 0x00000000e5500000| Untracked 
|  86|0x00000000e5600000, 0x00000000e5600000, 0x00000000e5700000|  0%| F|  |TAMS 0x00000000e5600000| PB 0x00000000e5600000| Untracked 
|  87|0x00000000e5700000, 0x00000000e5700000, 0x00000000e5800000|  0%| F|  |TAMS 0x00000000e5700000| PB 0x00000000e5700000| Untracked 
|  88|0x00000000e5800000, 0x00000000e5800000, 0x00000000e5900000|  0%| F|  |TAMS 0x00000000e5800000| PB 0x00000000e5800000| Untracked 
|  89|0x00000000e5900000, 0x00000000e5900000, 0x00000000e5a00000|  0%| F|  |TAMS 0x00000000e5900000| PB 0x00000000e5900000| Untracked 
|  90|0x00000000e5a00000, 0x00000000e5a00000, 0x00000000e5b00000|  0%| F|  |TAMS 0x00000000e5a00000| PB 0x00000000e5a00000| Untracked 
|  91|0x00000000e5b00000, 0x00000000e5b00000, 0x00000000e5c00000|  0%| F|  |TAMS 0x00000000e5b00000| PB 0x00000000e5b00000| Untracked 
|  92|0x00000000e5c00000, 0x00000000e5c00000, 0x00000000e5d00000|  0%| F|  |TAMS 0x00000000e5c00000| PB 0x00000000e5c00000| Untracked 
|  93|0x00000000e5d00000, 0x00000000e5d00000, 0x00000000e5e00000|  0%| F|  |TAMS 0x00000000e5d00000| PB 0x00000000e5d00000| Untracked 
|  94|0x00000000e5e00000, 0x00000000e5e00000, 0x00000000e5f00000|  0%| F|  |TAMS 0x00000000e5e00000| PB 0x00000000e5e00000| Untracked 
|  95|0x00000000e5f00000, 0x00000000e5f00000, 0x00000000e6000000|  0%| F|  |TAMS 0x00000000e5f00000| PB 0x00000000e5f00000| Untracked 
|  96|0x00000000e6000000, 0x00000000e6000000, 0x00000000e6100000|  0%| F|  |TAMS 0x00000000e6000000| PB 0x00000000e6000000| Untracked 
|  97|0x00000000e6100000, 0x00000000e6100000, 0x00000000e6200000|  0%| F|  |TAMS 0x00000000e6100000| PB 0x00000000e6100000| Untracked 
|  98|0x00000000e6200000, 0x00000000e6200000, 0x00000000e6300000|  0%| F|  |TAMS 0x00000000e6200000| PB 0x00000000e6200000| Untracked 
|  99|0x00000000e6300000, 0x00000000e6300000, 0x00000000e6400000|  0%| F|  |TAMS 0x00000000e6300000| PB 0x00000000e6300000| Untracked 
| 100|0x00000000e6400000, 0x00000000e6400000, 0x00000000e6500000|  0%| F|  |TAMS 0x00000000e6400000| PB 0x00000000e6400000| Untracked 
| 101|0x00000000e6500000, 0x00000000e6500000, 0x00000000e6600000|  0%| F|  |TAMS 0x00000000e6500000| PB 0x00000000e6500000| Untracked 
| 102|0x00000000e6600000, 0x00000000e6600000, 0x00000000e6700000|  0%| F|  |TAMS 0x00000000e6600000| PB 0x00000000e6600000| Untracked 
| 103|0x00000000e6700000, 0x00000000e6700000, 0x00000000e6800000|  0%| F|  |TAMS 0x00000000e6700000| PB 0x00000000e6700000| Untracked 
| 104|0x00000000e6800000, 0x00000000e6800000, 0x00000000e6900000|  0%| F|  |TAMS 0x00000000e6800000| PB 0x00000000e6800000| Untracked 
| 105|0x00000000e6900000, 0x00000000e6900000, 0x00000000e6a00000|  0%| F|  |TAMS 0x00000000e6900000| PB 0x00000000e6900000| Untracked 
| 106|0x00000000e6a00000, 0x00000000e6a00000, 0x00000000e6b00000|  0%| F|  |TAMS 0x00000000e6a00000| PB 0x00000000e6a00000| Untracked 
| 107|0x00000000e6b00000, 0x00000000e6b00000, 0x00000000e6c00000|  0%| F|  |TAMS 0x00000000e6b00000| PB 0x00000000e6b00000| Untracked 
| 108|0x00000000e6c00000, 0x00000000e6c00000, 0x00000000e6d00000|  0%| F|  |TAMS 0x00000000e6c00000| PB 0x00000000e6c00000| Untracked 
| 109|0x00000000e6d00000, 0x00000000e6d00000, 0x00000000e6e00000|  0%| F|  |TAMS 0x00000000e6d00000| PB 0x00000000e6d00000| Untracked 
| 110|0x00000000e6e00000, 0x00000000e6e00000, 0x00000000e6f00000|  0%| F|  |TAMS 0x00000000e6e00000| PB 0x00000000e6e00000| Untracked 
| 111|0x00000000e6f00000, 0x00000000e6f00000, 0x00000000e7000000|  0%| F|  |TAMS 0x00000000e6f00000| PB 0x00000000e6f00000| Untracked 
| 112|0x00000000e7000000, 0x00000000e7000000, 0x00000000e7100000|  0%| F|  |TAMS 0x00000000e7000000| PB 0x00000000e7000000| Untracked 
| 113|0x00000000e7100000, 0x00000000e7100000, 0x00000000e7200000|  0%| F|  |TAMS 0x00000000e7100000| PB 0x00000000e7100000| Untracked 
| 114|0x00000000e7200000, 0x00000000e7200000, 0x00000000e7300000|  0%| F|  |TAMS 0x00000000e7200000| PB 0x00000000e7200000| Untracked 
| 115|0x00000000e7300000, 0x00000000e7300000, 0x00000000e7400000|  0%| F|  |TAMS 0x00000000e7300000| PB 0x00000000e7300000| Untracked 
| 116|0x00000000e7400000, 0x00000000e7400000, 0x00000000e7500000|  0%| F|  |TAMS 0x00000000e7400000| PB 0x00000000e7400000| Untracked 
| 117|0x00000000e7500000, 0x00000000e7500000, 0x00000000e7600000|  0%| F|  |TAMS 0x00000000e7500000| PB 0x00000000e7500000| Untracked 
| 118|0x00000000e7600000, 0x00000000e7600000, 0x00000000e7700000|  0%| F|  |TAMS 0x00000000e7600000| PB 0x00000000e7600000| Untracked 
| 119|0x00000000e7700000, 0x00000000e7700000, 0x00000000e7800000|  0%| F|  |TAMS 0x00000000e7700000| PB 0x00000000e7700000| Untracked 
| 120|0x00000000e7800000, 0x00000000e7800000, 0x00000000e7900000|  0%| F|  |TAMS 0x00000000e7800000| PB 0x00000000e7800000| Untracked 
| 121|0x00000000e7900000, 0x00000000e7900000, 0x00000000e7a00000|  0%| F|  |TAMS 0x00000000e7900000| PB 0x00000000e7900000| Untracked 
| 122|0x00000000e7a00000, 0x00000000e7a00000, 0x00000000e7b00000|  0%| F|  |TAMS 0x00000000e7a00000| PB 0x00000000e7a00000| Untracked 
| 123|0x00000000e7b00000, 0x00000000e7b00000, 0x00000000e7c00000|  0%| F|  |TAMS 0x00000000e7b00000| PB 0x00000000e7b00000| Untracked 
| 124|0x00000000e7c00000, 0x00000000e7c00000, 0x00000000e7d00000|  0%| F|  |TAMS 0x00000000e7c00000| PB 0x00000000e7c00000| Untracked 
| 125|0x00000000e7d00000, 0x00000000e7d00000, 0x00000000e7e00000|  0%| F|  |TAMS 0x00000000e7d00000| PB 0x00000000e7d00000| Untracked 
| 126|0x00000000e7e00000, 0x00000000e7e00000, 0x00000000e7f00000|  0%| F|  |TAMS 0x00000000e7e00000| PB 0x00000000e7e00000| Untracked 
| 127|0x00000000e7f00000, 0x00000000e7f00000, 0x00000000e8000000|  0%| F|  |TAMS 0x00000000e7f00000| PB 0x00000000e7f00000| Untracked 
| 128|0x00000000e8000000, 0x00000000e8000000, 0x00000000e8100000|  0%| F|  |TAMS 0x00000000e8000000| PB 0x00000000e8000000| Untracked 
| 129|0x00000000e8100000, 0x00000000e8100000, 0x00000000e8200000|  0%| F|  |TAMS 0x00000000e8100000| PB 0x00000000e8100000| Untracked 
| 130|0x00000000e8200000, 0x00000000e8200000, 0x00000000e8300000|  0%| F|  |TAMS 0x00000000e8200000| PB 0x00000000e8200000| Untracked 
| 131|0x00000000e8300000, 0x00000000e8300000, 0x00000000e8400000|  0%| F|  |TAMS 0x00000000e8300000| PB 0x00000000e8300000| Untracked 
| 132|0x00000000e8400000, 0x00000000e8400000, 0x00000000e8500000|  0%| F|  |TAMS 0x00000000e8400000| PB 0x00000000e8400000| Untracked 
| 133|0x00000000e8500000, 0x00000000e8500000, 0x00000000e8600000|  0%| F|  |TAMS 0x00000000e8500000| PB 0x00000000e8500000| Untracked 
| 134|0x00000000e8600000, 0x00000000e8600000, 0x00000000e8700000|  0%| F|  |TAMS 0x00000000e8600000| PB 0x00000000e8600000| Untracked 
| 135|0x00000000e8700000, 0x00000000e8700000, 0x00000000e8800000|  0%| F|  |TAMS 0x00000000e8700000| PB 0x00000000e8700000| Untracked 
| 136|0x00000000e8800000, 0x00000000e8800000, 0x00000000e8900000|  0%| F|  |TAMS 0x00000000e8800000| PB 0x00000000e8800000| Untracked 
| 137|0x00000000e8900000, 0x00000000e8900000, 0x00000000e8a00000|  0%| F|  |TAMS 0x00000000e8900000| PB 0x00000000e8900000| Untracked 
| 138|0x00000000e8a00000, 0x00000000e8a00000, 0x00000000e8b00000|  0%| F|  |TAMS 0x00000000e8a00000| PB 0x00000000e8a00000| Untracked 
| 139|0x00000000e8b00000, 0x00000000e8b00000, 0x00000000e8c00000|  0%| F|  |TAMS 0x00000000e8b00000| PB 0x00000000e8b00000| Untracked 
| 140|0x00000000e8c00000, 0x00000000e8c00000, 0x00000000e8d00000|  0%| F|  |TAMS 0x00000000e8c00000| PB 0x00000000e8c00000| Untracked 
| 141|0x00000000e8d00000, 0x00000000e8d00000, 0x00000000e8e00000|  0%| F|  |TAMS 0x00000000e8d00000| PB 0x00000000e8d00000| Untracked 
| 142|0x00000000e8e00000, 0x00000000e8e00000, 0x00000000e8f00000|  0%| F|  |TAMS 0x00000000e8e00000| PB 0x00000000e8e00000| Untracked 
| 143|0x00000000e8f00000, 0x00000000e8f00000, 0x00000000e9000000|  0%| F|  |TAMS 0x00000000e8f00000| PB 0x00000000e8f00000| Untracked 
| 144|0x00000000e9000000, 0x00000000e9000000, 0x00000000e9100000|  0%| F|  |TAMS 0x00000000e9000000| PB 0x00000000e9000000| Untracked 
| 145|0x00000000e9100000, 0x00000000e9100000, 0x00000000e9200000|  0%| F|  |TAMS 0x00000000e9100000| PB 0x00000000e9100000| Untracked 
| 146|0x00000000e9200000, 0x00000000e9200000, 0x00000000e9300000|  0%| F|  |TAMS 0x00000000e9200000| PB 0x00000000e9200000| Untracked 
| 147|0x00000000e9300000, 0x00000000e9300000, 0x00000000e9400000|  0%| F|  |TAMS 0x00000000e9300000| PB 0x00000000e9300000| Untracked 
| 148|0x00000000e9400000, 0x00000000e9400000, 0x00000000e9500000|  0%| F|  |TAMS 0x00000000e9400000| PB 0x00000000e9400000| Untracked 
| 149|0x00000000e9500000, 0x00000000e9500000, 0x00000000e9600000|  0%| F|  |TAMS 0x00000000e9500000| PB 0x00000000e9500000| Untracked 
| 150|0x00000000e9600000, 0x00000000e9600000, 0x00000000e9700000|  0%| F|  |TAMS 0x00000000e9600000| PB 0x00000000e9600000| Untracked 
| 151|0x00000000e9700000, 0x00000000e9700000, 0x00000000e9800000|  0%| F|  |TAMS 0x00000000e9700000| PB 0x00000000e9700000| Untracked 
| 152|0x00000000e9800000, 0x00000000e9800000, 0x00000000e9900000|  0%| F|  |TAMS 0x00000000e9800000| PB 0x00000000e9800000| Untracked 
| 153|0x00000000e9900000, 0x00000000e9900000, 0x00000000e9a00000|  0%| F|  |TAMS 0x00000000e9900000| PB 0x00000000e9900000| Untracked 
| 154|0x00000000e9a00000, 0x00000000e9a00000, 0x00000000e9b00000|  0%| F|  |TAMS 0x00000000e9a00000| PB 0x00000000e9a00000| Untracked 
| 155|0x00000000e9b00000, 0x00000000e9b00000, 0x00000000e9c00000|  0%| F|  |TAMS 0x00000000e9b00000| PB 0x00000000e9b00000| Untracked 
| 156|0x00000000e9c00000, 0x00000000e9c00000, 0x00000000e9d00000|  0%| F|  |TAMS 0x00000000e9c00000| PB 0x00000000e9c00000| Untracked 
| 157|0x00000000e9d00000, 0x00000000e9d00000, 0x00000000e9e00000|  0%| F|  |TAMS 0x00000000e9d00000| PB 0x00000000e9d00000| Untracked 
| 158|0x00000000e9e00000, 0x00000000e9e00000, 0x00000000e9f00000|  0%| F|  |TAMS 0x00000000e9e00000| PB 0x00000000e9e00000| Untracked 
| 159|0x00000000e9f00000, 0x00000000e9f00000, 0x00000000ea000000|  0%| F|  |TAMS 0x00000000e9f00000| PB 0x00000000e9f00000| Untracked 
| 160|0x00000000ea000000, 0x00000000ea000000, 0x00000000ea100000|  0%| F|  |TAMS 0x00000000ea000000| PB 0x00000000ea000000| Untracked 
| 161|0x00000000ea100000, 0x00000000ea100000, 0x00000000ea200000|  0%| F|  |TAMS 0x00000000ea100000| PB 0x00000000ea100000| Untracked 
| 162|0x00000000ea200000, 0x00000000ea200000, 0x00000000ea300000|  0%| F|  |TAMS 0x00000000ea200000| PB 0x00000000ea200000| Untracked 
| 163|0x00000000ea300000, 0x00000000ea300000, 0x00000000ea400000|  0%| F|  |TAMS 0x00000000ea300000| PB 0x00000000ea300000| Untracked 
| 164|0x00000000ea400000, 0x00000000ea400000, 0x00000000ea500000|  0%| F|  |TAMS 0x00000000ea400000| PB 0x00000000ea400000| Untracked 
| 165|0x00000000ea500000, 0x00000000ea500000, 0x00000000ea600000|  0%| F|  |TAMS 0x00000000ea500000| PB 0x00000000ea500000| Untracked 
| 166|0x00000000ea600000, 0x00000000ea600000, 0x00000000ea700000|  0%| F|  |TAMS 0x00000000ea600000| PB 0x00000000ea600000| Untracked 
| 167|0x00000000ea700000, 0x00000000ea700000, 0x00000000ea800000|  0%| F|  |TAMS 0x00000000ea700000| PB 0x00000000ea700000| Untracked 
| 168|0x00000000ea800000, 0x00000000ea800000, 0x00000000ea900000|  0%| F|  |TAMS 0x00000000ea800000| PB 0x00000000ea800000| Untracked 
| 169|0x00000000ea900000, 0x00000000ea900000, 0x00000000eaa00000|  0%| F|  |TAMS 0x00000000ea900000| PB 0x00000000ea900000| Untracked 
| 170|0x00000000eaa00000, 0x00000000eaa00000, 0x00000000eab00000|  0%| F|  |TAMS 0x00000000eaa00000| PB 0x00000000eaa00000| Untracked 
| 171|0x00000000eab00000, 0x00000000eab00000, 0x00000000eac00000|  0%| F|  |TAMS 0x00000000eab00000| PB 0x00000000eab00000| Untracked 
| 172|0x00000000eac00000, 0x00000000eac00000, 0x00000000ead00000|  0%| F|  |TAMS 0x00000000eac00000| PB 0x00000000eac00000| Untracked 
| 173|0x00000000ead00000, 0x00000000ead00000, 0x00000000eae00000|  0%| F|  |TAMS 0x00000000ead00000| PB 0x00000000ead00000| Untracked 
| 174|0x00000000eae00000, 0x00000000eae00000, 0x00000000eaf00000|  0%| F|  |TAMS 0x00000000eae00000| PB 0x00000000eae00000| Untracked 
| 175|0x00000000eaf00000, 0x00000000eaf00000, 0x00000000eb000000|  0%| F|  |TAMS 0x00000000eaf00000| PB 0x00000000eaf00000| Untracked 
| 176|0x00000000eb000000, 0x00000000eb000000, 0x00000000eb100000|  0%| F|  |TAMS 0x00000000eb000000| PB 0x00000000eb000000| Untracked 
| 177|0x00000000eb100000, 0x00000000eb100000, 0x00000000eb200000|  0%| F|  |TAMS 0x00000000eb100000| PB 0x00000000eb100000| Untracked 
| 178|0x00000000eb200000, 0x00000000eb200000, 0x00000000eb300000|  0%| F|  |TAMS 0x00000000eb200000| PB 0x00000000eb200000| Untracked 
| 179|0x00000000eb300000, 0x00000000eb300000, 0x00000000eb400000|  0%| F|  |TAMS 0x00000000eb300000| PB 0x00000000eb300000| Untracked 
| 180|0x00000000eb400000, 0x00000000eb400000, 0x00000000eb500000|  0%| F|  |TAMS 0x00000000eb400000| PB 0x00000000eb400000| Untracked 
| 181|0x00000000eb500000, 0x00000000eb500000, 0x00000000eb600000|  0%| F|  |TAMS 0x00000000eb500000| PB 0x00000000eb500000| Untracked 
| 182|0x00000000eb600000, 0x00000000eb600000, 0x00000000eb700000|  0%| F|  |TAMS 0x00000000eb600000| PB 0x00000000eb600000| Untracked 
| 183|0x00000000eb700000, 0x00000000eb700000, 0x00000000eb800000|  0%| F|  |TAMS 0x00000000eb700000| PB 0x00000000eb700000| Untracked 
| 184|0x00000000eb800000, 0x00000000eb800000, 0x00000000eb900000|  0%| F|  |TAMS 0x00000000eb800000| PB 0x00000000eb800000| Untracked 
| 185|0x00000000eb900000, 0x00000000eb900000, 0x00000000eba00000|  0%| F|  |TAMS 0x00000000eb900000| PB 0x00000000eb900000| Untracked 
| 186|0x00000000eba00000, 0x00000000eba00000, 0x00000000ebb00000|  0%| F|  |TAMS 0x00000000eba00000| PB 0x00000000eba00000| Untracked 
| 187|0x00000000ebb00000, 0x00000000ebb00000, 0x00000000ebc00000|  0%| F|  |TAMS 0x00000000ebb00000| PB 0x00000000ebb00000| Untracked 
| 188|0x00000000ebc00000, 0x00000000ebc00000, 0x00000000ebd00000|  0%| F|  |TAMS 0x00000000ebc00000| PB 0x00000000ebc00000| Untracked 
| 189|0x00000000ebd00000, 0x00000000ebd00000, 0x00000000ebe00000|  0%| F|  |TAMS 0x00000000ebd00000| PB 0x00000000ebd00000| Untracked 
| 190|0x00000000ebe00000, 0x00000000ebe00000, 0x00000000ebf00000|  0%| F|  |TAMS 0x00000000ebe00000| PB 0x00000000ebe00000| Untracked 
| 191|0x00000000ebf00000, 0x00000000ebf00000, 0x00000000ec000000|  0%| F|  |TAMS 0x00000000ebf00000| PB 0x00000000ebf00000| Untracked 
| 192|0x00000000ec000000, 0x00000000ec000000, 0x00000000ec100000|  0%| F|  |TAMS 0x00000000ec000000| PB 0x00000000ec000000| Untracked 
| 193|0x00000000ec100000, 0x00000000ec100000, 0x00000000ec200000|  0%| F|  |TAMS 0x00000000ec100000| PB 0x00000000ec100000| Untracked 
| 194|0x00000000ec200000, 0x00000000ec200000, 0x00000000ec300000|  0%| F|  |TAMS 0x00000000ec200000| PB 0x00000000ec200000| Untracked 
| 195|0x00000000ec300000, 0x00000000ec300000, 0x00000000ec400000|  0%| F|  |TAMS 0x00000000ec300000| PB 0x00000000ec300000| Untracked 
| 196|0x00000000ec400000, 0x00000000ec400000, 0x00000000ec500000|  0%| F|  |TAMS 0x00000000ec400000| PB 0x00000000ec400000| Untracked 
| 197|0x00000000ec500000, 0x00000000ec500000, 0x00000000ec600000|  0%| F|  |TAMS 0x00000000ec500000| PB 0x00000000ec500000| Untracked 
| 198|0x00000000ec600000, 0x00000000ec600000, 0x00000000ec700000|  0%| F|  |TAMS 0x00000000ec600000| PB 0x00000000ec600000| Untracked 
| 199|0x00000000ec700000, 0x00000000ec700000, 0x00000000ec800000|  0%| F|  |TAMS 0x00000000ec700000| PB 0x00000000ec700000| Untracked 
| 200|0x00000000ec800000, 0x00000000ec800000, 0x00000000ec900000|  0%| F|  |TAMS 0x00000000ec800000| PB 0x00000000ec800000| Untracked 
| 201|0x00000000ec900000, 0x00000000ec900000, 0x00000000eca00000|  0%| F|  |TAMS 0x00000000ec900000| PB 0x00000000ec900000| Untracked 
| 202|0x00000000eca00000, 0x00000000eca00000, 0x00000000ecb00000|  0%| F|  |TAMS 0x00000000eca00000| PB 0x00000000eca00000| Untracked 
| 203|0x00000000ecb00000, 0x00000000ecb00000, 0x00000000ecc00000|  0%| F|  |TAMS 0x00000000ecb00000| PB 0x00000000ecb00000| Untracked 
| 204|0x00000000ecc00000, 0x00000000ecc00000, 0x00000000ecd00000|  0%| F|  |TAMS 0x00000000ecc00000| PB 0x00000000ecc00000| Untracked 
| 205|0x00000000ecd00000, 0x00000000ecd00000, 0x00000000ece00000|  0%| F|  |TAMS 0x00000000ecd00000| PB 0x00000000ecd00000| Untracked 
| 206|0x00000000ece00000, 0x00000000ece00000, 0x00000000ecf00000|  0%| F|  |TAMS 0x00000000ece00000| PB 0x00000000ece00000| Untracked 
| 207|0x00000000ecf00000, 0x00000000ecf00000, 0x00000000ed000000|  0%| F|  |TAMS 0x00000000ecf00000| PB 0x00000000ecf00000| Untracked 
| 208|0x00000000ed000000, 0x00000000ed000000, 0x00000000ed100000|  0%| F|  |TAMS 0x00000000ed000000| PB 0x00000000ed000000| Untracked 
| 209|0x00000000ed100000, 0x00000000ed100000, 0x00000000ed200000|  0%| F|  |TAMS 0x00000000ed100000| PB 0x00000000ed100000| Untracked 
| 210|0x00000000ed200000, 0x00000000ed200000, 0x00000000ed300000|  0%| F|  |TAMS 0x00000000ed200000| PB 0x00000000ed200000| Untracked 
| 211|0x00000000ed300000, 0x00000000ed300000, 0x00000000ed400000|  0%| F|  |TAMS 0x00000000ed300000| PB 0x00000000ed300000| Untracked 
| 212|0x00000000ed400000, 0x00000000ed400000, 0x00000000ed500000|  0%| F|  |TAMS 0x00000000ed400000| PB 0x00000000ed400000| Untracked 
| 213|0x00000000ed500000, 0x00000000ed500000, 0x00000000ed600000|  0%| F|  |TAMS 0x00000000ed500000| PB 0x00000000ed500000| Untracked 
| 214|0x00000000ed600000, 0x00000000ed600000, 0x00000000ed700000|  0%| F|  |TAMS 0x00000000ed600000| PB 0x00000000ed600000| Untracked 
| 215|0x00000000ed700000, 0x00000000ed700000, 0x00000000ed800000|  0%| F|  |TAMS 0x00000000ed700000| PB 0x00000000ed700000| Untracked 
| 216|0x00000000ed800000, 0x00000000ed800000, 0x00000000ed900000|  0%| F|  |TAMS 0x00000000ed800000| PB 0x00000000ed800000| Untracked 
| 217|0x00000000ed900000, 0x00000000ed900000, 0x00000000eda00000|  0%| F|  |TAMS 0x00000000ed900000| PB 0x00000000ed900000| Untracked 
| 218|0x00000000eda00000, 0x00000000eda00000, 0x00000000edb00000|  0%| F|  |TAMS 0x00000000eda00000| PB 0x00000000eda00000| Untracked 
| 219|0x00000000edb00000, 0x00000000edb00000, 0x00000000edc00000|  0%| F|  |TAMS 0x00000000edb00000| PB 0x00000000edb00000| Untracked 
| 220|0x00000000edc00000, 0x00000000edc00000, 0x00000000edd00000|  0%| F|  |TAMS 0x00000000edc00000| PB 0x00000000edc00000| Untracked 
| 221|0x00000000edd00000, 0x00000000edd00000, 0x00000000ede00000|  0%| F|  |TAMS 0x00000000edd00000| PB 0x00000000edd00000| Untracked 
| 222|0x00000000ede00000, 0x00000000ede00000, 0x00000000edf00000|  0%| F|  |TAMS 0x00000000ede00000| PB 0x00000000ede00000| Untracked 
| 223|0x00000000edf00000, 0x00000000edf00000, 0x00000000ee000000|  0%| F|  |TAMS 0x00000000edf00000| PB 0x00000000edf00000| Untracked 
| 224|0x00000000ee000000, 0x00000000ee000000, 0x00000000ee100000|  0%| F|  |TAMS 0x00000000ee000000| PB 0x00000000ee000000| Untracked 
| 225|0x00000000ee100000, 0x00000000ee100000, 0x00000000ee200000|  0%| F|  |TAMS 0x00000000ee100000| PB 0x00000000ee100000| Untracked 
| 226|0x00000000ee200000, 0x00000000ee200000, 0x00000000ee300000|  0%| F|  |TAMS 0x00000000ee200000| PB 0x00000000ee200000| Untracked 
| 227|0x00000000ee300000, 0x00000000ee300000, 0x00000000ee400000|  0%| F|  |TAMS 0x00000000ee300000| PB 0x00000000ee300000| Untracked 
| 228|0x00000000ee400000, 0x00000000ee400000, 0x00000000ee500000|  0%| F|  |TAMS 0x00000000ee400000| PB 0x00000000ee400000| Untracked 
| 229|0x00000000ee500000, 0x00000000ee500000, 0x00000000ee600000|  0%| F|  |TAMS 0x00000000ee500000| PB 0x00000000ee500000| Untracked 
| 230|0x00000000ee600000, 0x00000000ee600000, 0x00000000ee700000|  0%| F|  |TAMS 0x00000000ee600000| PB 0x00000000ee600000| Untracked 
| 231|0x00000000ee700000, 0x00000000ee700000, 0x00000000ee800000|  0%| F|  |TAMS 0x00000000ee700000| PB 0x00000000ee700000| Untracked 
| 232|0x00000000ee800000, 0x00000000ee800000, 0x00000000ee900000|  0%| F|  |TAMS 0x00000000ee800000| PB 0x00000000ee800000| Untracked 
| 233|0x00000000ee900000, 0x00000000ee900000, 0x00000000eea00000|  0%| F|  |TAMS 0x00000000ee900000| PB 0x00000000ee900000| Untracked 
| 234|0x00000000eea00000, 0x00000000eea00000, 0x00000000eeb00000|  0%| F|  |TAMS 0x00000000eea00000| PB 0x00000000eea00000| Untracked 
| 235|0x00000000eeb00000, 0x00000000eeb00000, 0x00000000eec00000|  0%| F|  |TAMS 0x00000000eeb00000| PB 0x00000000eeb00000| Untracked 
| 236|0x00000000eec00000, 0x00000000eec00000, 0x00000000eed00000|  0%| F|  |TAMS 0x00000000eec00000| PB 0x00000000eec00000| Untracked 
| 237|0x00000000eed00000, 0x00000000eed80000, 0x00000000eee00000| 50%| E|  |TAMS 0x00000000eed00000| PB 0x00000000eed00000| Complete 
| 238|0x00000000eee00000, 0x00000000eef00000, 0x00000000eef00000|100%| E|CS|TAMS 0x00000000eee00000| PB 0x00000000eee00000| Complete 
| 239|0x00000000eef00000, 0x00000000ef000000, 0x00000000ef000000|100%| E|CS|TAMS 0x00000000eef00000| PB 0x00000000eef00000| Complete 
| 240|0x00000000ef000000, 0x00000000ef100000, 0x00000000ef100000|100%| E|CS|TAMS 0x00000000ef000000| PB 0x00000000ef000000| Complete 
| 241|0x00000000ef100000, 0x00000000ef200000, 0x00000000ef200000|100%| E|CS|TAMS 0x00000000ef100000| PB 0x00000000ef100000| Complete 
| 242|0x00000000ef200000, 0x00000000ef300000, 0x00000000ef300000|100%| E|CS|TAMS 0x00000000ef200000| PB 0x00000000ef200000| Complete 
| 243|0x00000000ef300000, 0x00000000ef400000, 0x00000000ef400000|100%| E|CS|TAMS 0x00000000ef300000| PB 0x00000000ef300000| Complete 
| 244|0x00000000ef400000, 0x00000000ef500000, 0x00000000ef500000|100%| E|CS|TAMS 0x00000000ef400000| PB 0x00000000ef400000| Complete 
| 245|0x00000000ef500000, 0x00000000ef600000, 0x00000000ef600000|100%| E|CS|TAMS 0x00000000ef500000| PB 0x00000000ef500000| Complete 
| 246|0x00000000ef600000, 0x00000000ef700000, 0x00000000ef700000|100%| E|CS|TAMS 0x00000000ef600000| PB 0x00000000ef600000| Complete 
| 247|0x00000000ef700000, 0x00000000ef800000, 0x00000000ef800000|100%| E|CS|TAMS 0x00000000ef700000| PB 0x00000000ef700000| Complete 
| 248|0x00000000ef800000, 0x00000000ef900000, 0x00000000ef900000|100%| E|CS|TAMS 0x00000000ef800000| PB 0x00000000ef800000| Complete 
| 249|0x00000000ef900000, 0x00000000efa00000, 0x00000000efa00000|100%| E|CS|TAMS 0x00000000ef900000| PB 0x00000000ef900000| Complete 
| 250|0x00000000efa00000, 0x00000000efb00000, 0x00000000efb00000|100%| E|CS|TAMS 0x00000000efa00000| PB 0x00000000efa00000| Complete 
| 251|0x00000000efb00000, 0x00000000efc00000, 0x00000000efc00000|100%| E|CS|TAMS 0x00000000efb00000| PB 0x00000000efb00000| Complete 
| 252|0x00000000efc00000, 0x00000000efd00000, 0x00000000efd00000|100%| E|CS|TAMS 0x00000000efc00000| PB 0x00000000efc00000| Complete 
| 253|0x00000000efd00000, 0x00000000efda22a0, 0x00000000efe00000| 63%| S|CS|TAMS 0x00000000efd00000| PB 0x00000000efd00000| Complete 
| 254|0x00000000efe00000, 0x00000000eff00000, 0x00000000eff00000|100%| S|CS|TAMS 0x00000000efe00000| PB 0x00000000efe00000| Complete 
| 255|0x00000000eff00000, 0x00000000f0000000, 0x00000000f0000000|100%| E|CS|TAMS 0x00000000eff00000| PB 0x00000000eff00000| Complete 

Card table byte_map: [0x000002ba65870000,0x000002ba65970000] _byte_map_base: 0x000002ba65170000

Marking Bits: (CMBitMap*) 0x000002ba4d7ed9e0
 Bits: [0x000002ba65970000, 0x000002ba66170000)

Polling page: 0x000002ba4b5e0000

Metaspace:

Usage:
  Non-class:     50.13 MB used.
      Class:      8.55 MB used.
       Both:     58.68 MB used.

Virtual space:
  Non-class space:       64.00 MB reserved,      51.12 MB ( 80%) committed,  1 nodes.
      Class space:      320.00 MB reserved,       9.44 MB (  3%) committed,  1 nodes.
             Both:      384.00 MB reserved,      60.56 MB ( 16%) committed. 

Chunk freelists:
   Non-Class:  12.92 MB
       Class:  6.45 MB
        Both:  19.38 MB

MaxMetaspaceSize: 384.00 MB
CompressedClassSpaceSize: 320.00 MB
Initial GC threshold: 21.00 MB
Current GC threshold: 98.44 MB
CDS: on
 - commit_granule_bytes: 65536.
 - commit_granule_words: 8192.
 - virtual_space_node_default_size: 8388608.
 - enlarge_chunks_in_place: 1.
 - use_allocation_guard: 0.


Internal statistics:

num_allocs_failed_limit: 12.
num_arena_births: 3492.
num_arena_deaths: 0.
num_vsnodes_births: 2.
num_vsnodes_deaths: 0.
num_space_committed: 969.
num_space_uncommitted: 0.
num_chunks_returned_to_freelist: 12.
num_chunks_taken_from_freelist: 6425.
num_chunk_merges: 9.
num_chunk_splits: 4163.
num_chunks_enlarged: 2516.
num_inconsistent_stats: 0.

CodeHeap 'non-profiled nmethods': size=119168Kb used=3737Kb max_used=3802Kb free=115430Kb
 bounds [0x000002ba5da70000, 0x000002ba5de30000, 0x000002ba64ed0000]
CodeHeap 'profiled nmethods': size=119104Kb used=12879Kb max_used=13240Kb free=106224Kb
 bounds [0x000002ba55ed0000, 0x000002ba56bc0000, 0x000002ba5d320000]
CodeHeap 'non-nmethods': size=7488Kb used=2478Kb max_used=3644Kb free=5009Kb
 bounds [0x000002ba5d320000, 0x000002ba5d6c0000, 0x000002ba5da70000]
CodeCache: size=245760Kb, used=19094Kb, max_used=20686Kb, free=226663Kb
 total_blobs=7447, nmethods=6666, adapters=684, full_count=0
Compilation: enabled, stopped_count=0, restarted_count=0

Compilation events (20 events):
Event: 7.099 Thread 0x000002ba05ac7850 7233       3       com.google.common.cache.LocalCache::createSegment (13 bytes)
Event: 7.099 Thread 0x000002ba699f0d30 7234       3       com.google.common.cache.LocalCache$Segment::<init> (163 bytes)
Event: 7.099 Thread 0x000002ba69107ca0 7235       3       com.google.common.cache.LocalCache$Segment::initTable (51 bytes)
Event: 7.100 Thread 0x000002ba05ac7850 nmethod 7233 0x000002ba56000590 code [0x000002ba56000740, 0x000002ba56000908]
Event: 7.100 Thread 0x000002ba69107ca0 nmethod 7235 0x000002ba56290890 code [0x000002ba56290a60, 0x000002ba56290db0]
Event: 7.101 Thread 0x000002ba699f0d30 nmethod 7234 0x000002ba56291790 code [0x000002ba56291c80, 0x000002ba56294df8]
Event: 7.102 Thread 0x000002ba690fef90 nmethod 7229 0x000002ba5dc6e990 code [0x000002ba5dc6eb80, 0x000002ba5dc6f8f0]
Event: 7.105 Thread 0x000002ba699f0d30 7236       3       java.lang.String::contains (19 bytes)
Event: 7.105 Thread 0x000002ba699f0d30 nmethod 7236 0x000002ba561cf910 code [0x000002ba561cfae0, 0x000002ba561cfd50]
Event: 7.106 Thread 0x000002ba042e30e0 7237       4       org.gradle.model.internal.asm.MethodVisitorScope::<init> (8 bytes)
Event: 7.107 Thread 0x000002ba042e30e0 nmethod 7237 0x000002ba5db6f810 code [0x000002ba5db6f9a0, 0x000002ba5db6fb00]
Event: 7.110 Thread 0x000002ba042e30e0 7238       4       org.objectweb.asm.Type::appendDescriptor (90 bytes)
Event: 7.112 Thread 0x000002ba042e2a10 nmethod 7231 0x000002ba5dc5a310 code [0x000002ba5dc5a740, 0x000002ba5dc5c1b8]
Event: 7.113 Thread 0x000002ba042e30e0 nmethod 7238 0x000002ba5daeec90 code [0x000002ba5daeee80, 0x000002ba5daef438]
Event: 7.113 Thread 0x000002ba699f0d30 7239       1       org.gradle.api.internal.collections.SortedSetElementSource::getLazyBehaviorGuard (5 bytes)
Event: 7.113 Thread 0x000002ba699f0d30 nmethod 7239 0x000002ba5dbce690 code [0x000002ba5dbce820, 0x000002ba5dbce8e8]
Event: 7.114 Thread 0x000002ba042e30e0 7240       4       java.lang.invoke.MethodHandleNatives::refKindIsField (32 bytes)
Event: 7.114 Thread 0x000002ba042e30e0 nmethod 7240 0x000002ba5dc6e410 code [0x000002ba5dc6e580, 0x000002ba5dc6e5f8]
Event: 7.916 Thread 0x000002ba042e30e0 7241       4       java.util.concurrent.locks.AbstractQueuedSynchronizer$Node::setStatusRelaxed (12 bytes)
Event: 7.917 Thread 0x000002ba042e30e0 nmethod 7241 0x000002ba5dc07110 code [0x000002ba5dc072a0, 0x000002ba5dc07330]

GC Heap History (16 events):
Event: 0.283 GC heap before
{Heap before GC invocations=0 (full 0):
 garbage-first heap   total 262144K, used 22528K [0x00000000e0000000, 0x0000000100000000)
  region size 1024K, 23 young (23552K), 0 survivors (0K)
 Metaspace       used 1071K, committed 1216K, reserved 393216K
  class space    used 81K, committed 128K, reserved 327680K
}
Event: 0.286 GC heap after
{Heap after GC invocations=1 (full 0):
 garbage-first heap   total 262144K, used 1994K [0x00000000e0000000, 0x0000000100000000)
  region size 1024K, 2 young (2048K), 2 survivors (2048K)
 Metaspace       used 1071K, committed 1216K, reserved 393216K
  class space    used 81K, committed 128K, reserved 327680K
}
Event: 0.738 GC heap before
{Heap before GC invocations=1 (full 0):
 garbage-first heap   total 262144K, used 40906K [0x00000000e0000000, 0x0000000100000000)
  region size 1024K, 38 young (38912K), 2 survivors (2048K)
 Metaspace       used 4649K, committed 4864K, reserved 393216K
  class space    used 583K, committed 704K, reserved 327680K
}
Event: 0.744 GC heap after
{Heap after GC invocations=2 (full 0):
 garbage-first heap   total 262144K, used 10597K [0x00000000e0000000, 0x0000000100000000)
  region size 1024K, 5 young (5120K), 5 survivors (5120K)
 Metaspace       used 4649K, committed 4864K, reserved 393216K
  class space    used 583K, committed 704K, reserved 327680K
}
Event: 1.205 GC heap before
{Heap before GC invocations=2 (full 0):
 garbage-first heap   total 262144K, used 63845K [0x00000000e0000000, 0x0000000100000000)
  region size 1024K, 55 young (56320K), 5 survivors (5120K)
 Metaspace       used 6116K, committed 6336K, reserved 393216K
  class space    used 808K, committed 896K, reserved 327680K
}
Event: 1.253 GC heap after
{Heap after GC invocations=3 (full 0):
 garbage-first heap   total 262144K, used 17709K [0x00000000e0000000, 0x0000000100000000)
  region size 1024K, 6 young (6144K), 6 survivors (6144K)
 Metaspace       used 6116K, committed 6336K, reserved 393216K
  class space    used 808K, committed 896K, reserved 327680K
}
Event: 2.554 GC heap before
{Heap before GC invocations=3 (full 0):
 garbage-first heap   total 262144K, used 101677K [0x00000000e0000000, 0x0000000100000000)
  region size 1024K, 88 young (90112K), 6 survivors (6144K)
 Metaspace       used 20941K, committed 21504K, reserved 393216K
  class space    used 2879K, committed 3136K, reserved 327680K
}
Event: 2.561 GC heap after
{Heap after GC invocations=4 (full 0):
 garbage-first heap   total 262144K, used 23112K [0x00000000e0000000, 0x0000000100000000)
  region size 1024K, 12 young (12288K), 12 survivors (12288K)
 Metaspace       used 20941K, committed 21504K, reserved 393216K
  class space    used 2879K, committed 3136K, reserved 327680K
}
Event: 3.723 GC heap before
{Heap before GC invocations=5 (full 0):
 garbage-first heap   total 262144K, used 124488K [0x00000000e0000000, 0x0000000100000000)
  region size 1024K, 113 young (115712K), 12 survivors (12288K)
 Metaspace       used 34695K, committed 35968K, reserved 393216K
  class space    used 4937K, committed 5568K, reserved 327680K
}
Event: 3.732 GC heap after
{Heap after GC invocations=6 (full 0):
 garbage-first heap   total 262144K, used 29492K [0x00000000e0000000, 0x0000000100000000)
  region size 1024K, 12 young (12288K), 12 survivors (12288K)
 Metaspace       used 34695K, committed 35968K, reserved 393216K
  class space    used 4937K, committed 5568K, reserved 327680K
}
Event: 5.190 GC heap before
{Heap before GC invocations=7 (full 0):
 garbage-first heap   total 262144K, used 173876K [0x00000000e0000000, 0x0000000100000000)
  region size 1024K, 153 young (156672K), 12 survivors (12288K)
 Metaspace       used 48851K, committed 50560K, reserved 393216K
  class space    used 7167K, committed 8000K, reserved 327680K
}
Event: 5.201 GC heap after
{Heap after GC invocations=8 (full 0):
 garbage-first heap   total 262144K, used 37902K [0x00000000e0000000, 0x0000000100000000)
  region size 1024K, 15 young (15360K), 15 survivors (15360K)
 Metaspace       used 48851K, committed 50560K, reserved 393216K
  class space    used 7167K, committed 8000K, reserved 327680K
}
Event: 7.016 GC heap before
{Heap before GC invocations=8 (full 0):
 garbage-first heap   total 262144K, used 165902K [0x00000000e0000000, 0x0000000100000000)
  region size 1024K, 130 young (133120K), 15 survivors (15360K)
 Metaspace       used 58360K, committed 60096K, reserved 393216K
  class space    used 8424K, committed 9280K, reserved 327680K
}
Event: 7.024 GC heap after
{Heap after GC invocations=9 (full 0):
 garbage-first heap   total 262144K, used 60051K [0x00000000e0000000, 0x0000000100000000)
  region size 1024K, 18 young (18432K), 18 survivors (18432K)
 Metaspace       used 58360K, committed 60096K, reserved 393216K
  class space    used 8424K, committed 9280K, reserved 327680K
}
Event: 7.038 GC heap before
{Heap before GC invocations=9 (full 0):
 garbage-first heap   total 262144K, used 60051K [0x00000000e0000000, 0x0000000100000000)
  region size 1024K, 19 young (19456K), 18 survivors (18432K)
 Metaspace       used 58587K, committed 60416K, reserved 393216K
  class space    used 8460K, committed 9344K, reserved 327680K
}
Event: 7.045 GC heap after
{Heap after GC invocations=10 (full 0):
 garbage-first heap   total 262144K, used 61064K [0x00000000e0000000, 0x0000000100000000)
  region size 1024K, 2 young (2048K), 2 survivors (2048K)
 Metaspace       used 58587K, committed 60416K, reserved 393216K
  class space    used 8460K, committed 9344K, reserved 327680K
}

Dll operation events (15 events):
Event: 0.017 Loaded shared library C:\Program Files\Eclipse Adoptium\jdk-21.0.10.7-hotspot\bin\java.dll
Event: 0.070 Loaded shared library C:\Program Files\Eclipse Adoptium\jdk-21.0.10.7-hotspot\bin\jsvml.dll
Event: 0.093 Loaded shared library C:\Program Files\Eclipse Adoptium\jdk-21.0.10.7-hotspot\bin\zip.dll
Event: 0.098 Loaded shared library C:\Program Files\Eclipse Adoptium\jdk-21.0.10.7-hotspot\bin\instrument.dll
Event: 0.103 Loaded shared library C:\Program Files\Eclipse Adoptium\jdk-21.0.10.7-hotspot\bin\net.dll
Event: 0.104 Loaded shared library C:\Program Files\Eclipse Adoptium\jdk-21.0.10.7-hotspot\bin\nio.dll
Event: 0.106 Loaded shared library C:\Program Files\Eclipse Adoptium\jdk-21.0.10.7-hotspot\bin\zip.dll
Event: 0.262 Loaded shared library C:\Program Files\Eclipse Adoptium\jdk-21.0.10.7-hotspot\bin\jimage.dll
Event: 0.428 Loaded shared library C:\Program Files\Eclipse Adoptium\jdk-21.0.10.7-hotspot\bin\verify.dll
Event: 0.453 Loaded shared library C:\Users\deepa\.gradle\native\1def1411415f61bf3af743bc5b6707747c0891f09f0c88961ee8f79bc544acac\windows-amd64\native-platform.dll
Event: 0.465 Loaded shared library C:\Users\deepa\.gradle\native\0.2.8\x86_64-windows-gnu\gradle-fileevents.dll
Event: 1.268 Loaded shared library C:\Program Files\Eclipse Adoptium\jdk-21.0.10.7-hotspot\bin\management.dll
Event: 1.272 Loaded shared library C:\Program Files\Eclipse Adoptium\jdk-21.0.10.7-hotspot\bin\management_ext.dll
Event: 1.401 Loaded shared library C:\Program Files\Eclipse Adoptium\jdk-21.0.10.7-hotspot\bin\extnet.dll
Event: 1.621 Loaded shared library C:\Program Files\Eclipse Adoptium\jdk-21.0.10.7-hotspot\bin\sunmscapi.dll

Deoptimization events (20 events):
Event: 6.868 Thread 0x000002ba7ff21fd0 DEOPT PACKING pc=0x000002ba5de09520 sp=0x000000d2934f6f20
Event: 6.868 Thread 0x000002ba7ff21fd0 DEOPT UNPACKING pc=0x000002ba5d374422 sp=0x000000d2934f6e08 mode 2
Event: 6.869 Thread 0x000002ba7ff21fd0 Uncommon trap: trap_request=0xffffffde fr.pc=0x000002ba5de09520 relative=0x00000000000004a0
Event: 6.869 Thread 0x000002ba7ff21fd0 Uncommon trap: reason=class_check action=maybe_recompile pc=0x000002ba5de09520 method=kotlin.reflect.jvm.internal.impl.protobuf.CodedInputStream.tryRefillBuffer(I)Z @ 175 c2
Event: 6.869 Thread 0x000002ba7ff21fd0 DEOPT PACKING pc=0x000002ba5de09520 sp=0x000000d2934f7020
Event: 6.869 Thread 0x000002ba7ff21fd0 DEOPT UNPACKING pc=0x000002ba5d374422 sp=0x000000d2934f6f08 mode 2
Event: 6.869 Thread 0x000002ba7ff21fd0 Uncommon trap: trap_request=0xffffffde fr.pc=0x000002ba5de09520 relative=0x00000000000004a0
Event: 6.869 Thread 0x000002ba7ff21fd0 Uncommon trap: reason=class_check action=maybe_recompile pc=0x000002ba5de09520 method=kotlin.reflect.jvm.internal.impl.protobuf.CodedInputStream.tryRefillBuffer(I)Z @ 175 c2
Event: 6.869 Thread 0x000002ba7ff21fd0 DEOPT PACKING pc=0x000002ba5de09520 sp=0x000000d2934f7020
Event: 6.869 Thread 0x000002ba7ff21fd0 DEOPT UNPACKING pc=0x000002ba5d374422 sp=0x000000d2934f6f08 mode 2
Event: 7.026 Thread 0x000002ba7ff21fd0 DEOPT PACKING pc=0x000002ba5668ea0a sp=0x000000d2934f54b0
Event: 7.026 Thread 0x000002ba7ff21fd0 DEOPT UNPACKING pc=0x000002ba5d374bc2 sp=0x000000d2934f4990 mode 0
Event: 7.026 Thread 0x000002ba7ff21fd0 Uncommon trap: trap_request=0xffffff45 fr.pc=0x000002ba5daaf71c relative=0x0000000000000dbc
Event: 7.026 Thread 0x000002ba7ff21fd0 Uncommon trap: reason=unstable_if action=reinterpret pc=0x000002ba5daaf71c method=java.util.Properties$LineReader.readLine()I @ 249 c2
Event: 7.026 Thread 0x000002ba7ff21fd0 DEOPT PACKING pc=0x000002ba5daaf71c sp=0x000000d2934f54f0
Event: 7.026 Thread 0x000002ba7ff21fd0 DEOPT UNPACKING pc=0x000002ba5d374422 sp=0x000000d2934f54a0 mode 2
Event: 7.032 Thread 0x000002ba7ff21fd0 Uncommon trap: trap_request=0xffffff45 fr.pc=0x000002ba5db05424 relative=0x00000000000002c4
Event: 7.032 Thread 0x000002ba7ff21fd0 Uncommon trap: reason=unstable_if action=reinterpret pc=0x000002ba5db05424 method=java.io.WinNTFileSystem.prefixLength(Ljava/lang/String;)I @ 42 c2
Event: 7.032 Thread 0x000002ba7ff21fd0 DEOPT PACKING pc=0x000002ba5db05424 sp=0x000000d2934f5ab0
Event: 7.032 Thread 0x000002ba7ff21fd0 DEOPT UNPACKING pc=0x000002ba5d374422 sp=0x000000d2934f5a38 mode 2

Classes loaded (20 events):
Event: 7.030 Loading class jdk/xml/internal/XMLSecurityManager$Processor
Event: 7.030 Loading class jdk/xml/internal/XMLSecurityManager$Processor done
Event: 7.030 Loading class jdk/xml/internal/XMLSecurityManager$NameMap
Event: 7.030 Loading class jdk/xml/internal/XMLSecurityManager$NameMap done
Event: 7.030 Loading class com/sun/org/apache/xerces/internal/utils/XMLSecurityPropertyManager
Event: 7.031 Loading class com/sun/org/apache/xerces/internal/utils/XMLSecurityPropertyManager done
Event: 7.031 Loading class com/sun/org/apache/xerces/internal/utils/XMLSecurityPropertyManager$State
Event: 7.031 Loading class com/sun/org/apache/xerces/internal/utils/XMLSecurityPropertyManager$State done
Event: 7.031 Loading class com/sun/org/apache/xerces/internal/utils/XMLSecurityPropertyManager$Property
Event: 7.031 Loading class com/sun/org/apache/xerces/internal/utils/XMLSecurityPropertyManager$Property done
Event: 7.031 Loading class javax/xml/parsers/DocumentBuilderFactory
Event: 7.031 Loading class javax/xml/parsers/DocumentBuilderFactory done
Event: 7.031 Loading class javax/xml/parsers/FactoryFinder
Event: 7.031 Loading class javax/xml/parsers/FactoryFinder done
Event: 7.032 Loading class javax/xml/parsers/FactoryFinder$1
Event: 7.032 Loading class javax/xml/parsers/FactoryFinder$1 done
Event: 7.032 Loading class com/sun/org/apache/xerces/internal/jaxp/DocumentBuilderFactoryImpl
Event: 7.032 Loading class com/sun/org/apache/xerces/internal/jaxp/DocumentBuilderFactoryImpl done
Event: 7.072 Loading class java/util/regex/Pattern$SliceI
Event: 7.073 Loading class java/util/regex/Pattern$SliceI done

Classes unloaded (0 events):
No events

Classes redefined (0 events):
No events

Internal exceptions (20 events):
Event: 5.864 Thread 0x000002ba7ff21fd0 Exception <a 'java/lang/NoSuchMethodError'{0x00000000ecb6c2d8}: static Lorg/jetbrains/kotlin/gradle/plugin/internal/DefaultConfigurationTimePropertiesAccessorVariantFactory;.<clinit>()V> (0x00000000ecb6c2d8) 
thrown [s\src\hotspot\share\prims\jni.cpp, line 1111]
Event: 5.865 Thread 0x000002ba7ff21fd0 Exception <a 'java/lang/NoSuchMethodError'{0x00000000ecb89988}: static Lorg/jetbrains/kotlin/gradle/plugin/internal/DefaultProjectIsolationStartParameterAccessorVariantFactory;.<clinit>()V> (0x00000000ecb89988) 
thrown [s\src\hotspot\share\prims\jni.cpp, line 1111]
Event: 5.866 Thread 0x000002ba7ff21fd0 Exception <a 'java/lang/NoSuchMethodError'{0x00000000ecbb0c48}: static Lorg/jetbrains/kotlin/gradle/plugin/internal/DefaultArtifactTypeAttributeAccessorVariantFactory;.<clinit>()V> (0x00000000ecbb0c48) 
thrown [s\src\hotspot\share\prims\jni.cpp, line 1111]
Event: 5.866 Thread 0x000002ba7ff21fd0 Exception <a 'java/lang/NoSuchMethodError'{0x00000000ecbd7fa8}: static Lorg/jetbrains/kotlin/gradle/plugin/internal/DefaultCompatibilityConventionRegistrar$Factory;.<clinit>()V> (0x00000000ecbd7fa8) 
thrown [s\src\hotspot\share\prims\jni.cpp, line 1111]
Event: 5.867 Thread 0x000002ba7ff21fd0 Exception <a 'java/lang/NoSuchMethodError'{0x00000000ecbf50f8}: static Lorg/jetbrains/kotlin/gradle/plugin/internal/DefaultJavaSourceSetsAccessorVariantFactory;.<clinit>()V> (0x00000000ecbf50f8) 
thrown [s\src\hotspot\share\prims\jni.cpp, line 1111]
Event: 5.868 Thread 0x000002ba7ff21fd0 Exception <a 'java/lang/NoSuchMethodError'{0x00000000eca11b70}: static Lorg/jetbrains/kotlin/gradle/plugin/internal/DefaultIdeaSyncDetectorVariantFactory;.<clinit>()V> (0x00000000eca11b70) 
thrown [s\src\hotspot\share\prims\jni.cpp, line 1111]
Event: 5.869 Thread 0x000002ba7ff21fd0 Exception <a 'java/lang/NoSuchMethodError'{0x00000000eca30f68}: static Lorg/jetbrains/kotlin/gradle/plugin/internal/DefaultKotlinTestReportCompatibilityHelperVariantFactory;.<clinit>()V> (0x00000000eca30f68) 
thrown [s\src\hotspot\share\prims\jni.cpp, line 1111]
Event: 5.869 Thread 0x000002ba7ff21fd0 Exception <a 'java/lang/NoSuchMethodError'{0x00000000eca4f448}: static Lorg/jetbrains/kotlin/gradle/plugin/internal/DefaultMppTestReportHelperVariantFactory;.<clinit>()V> (0x00000000eca4f448) 
thrown [s\src\hotspot\share\prims\jni.cpp, line 1111]
Event: 5.870 Thread 0x000002ba7ff21fd0 Exception <a 'java/lang/NoSuchMethodError'{0x00000000eca76a70}: static Lorg/jetbrains/kotlin/gradle/plugin/internal/DefaultConfigurationCacheStartParameterAccessorVariantFactory;.<clinit>()V> (0x00000000eca76a70) 
thrown [s\src\hotspot\share\prims\jni.cpp, line 1111]
Event: 5.871 Thread 0x000002ba7ff21fd0 Exception <a 'java/lang/NoSuchMethodError'{0x00000000eca95710}: static Lorg/jetbrains/kotlin/gradle/plugin/internal/MavenPluginConfigurator$DefaultMavenPluginConfiguratorVariantFactory;.<clinit>()V> (0x00000000eca95710) 
thrown [s\src\hotspot\share\prims\jni.cpp, line 1111]
Event: 5.872 Thread 0x000002ba7ff21fd0 Exception <a 'java/lang/NoSuchMethodError'{0x00000000ecab1f20}: static Lorg/jetbrains/kotlin/gradle/targets/js/nodejs/DefaultUnameExecutorVariantFactory;.<clinit>()V> (0x00000000ecab1f20) 
thrown [s\src\hotspot\share\prims\jni.cpp, line 1111]
Event: 5.874 Thread 0x000002ba7ff21fd0 Exception <a 'java/lang/NoSuchMethodError'{0x00000000ecacf190}: static Lorg/jetbrains/kotlin/gradle/plugin/internal/DefaultBasePluginConfigurationVariantFactory;.<clinit>()V> (0x00000000ecacf190) 
thrown [s\src\hotspot\share\prims\jni.cpp, line 1111]
Event: 5.877 Thread 0x000002ba7ff21fd0 Exception <a 'java/lang/NoSuchMethodError'{0x00000000ecad74c8}: 'void java.lang.invoke.DirectMethodHandle$Holder.invokeSpecial(java.lang.Object, java.lang.Object, java.lang.Object, int)'> (0x00000000ecad74c8) 
thrown [s\src\hotspot\share\interpreter\linkResolver.cpp, line 773]
Event: 5.923 Thread 0x000002ba7ff21fd0 Exception <a 'java/lang/IncompatibleClassChangeError'{0x00000000ec895988}: Found class java.lang.Object, but interface was expected> (0x00000000ec895988) 
thrown [s\src\hotspot\share\interpreter\linkResolver.cpp, line 840]
Event: 6.612 Thread 0x000002ba7ff21fd0 Implicit null exception at 0x000002ba5dd075e6 to 0x000002ba5dd0768c
Event: 6.615 Thread 0x000002ba7ff21fd0 Exception <a 'java/lang/NoSuchMethodError'{0x00000000eb0b5d48}: 'long java.lang.invoke.DelegatingMethodHandle$Holder.reinvoke_L(java.lang.Object, java.lang.Object)'> (0x00000000eb0b5d48) 
thrown [s\src\hotspot\share\interpreter\linkResolver.cpp, line 773]
Event: 7.036 Thread 0x000002ba7ff21fd0 Exception <a 'java/lang/NoSuchMethodError'{0x00000000eff91950}: 'java.lang.Object java.lang.invoke.DirectMethodHandle$Holder.newInvokeSpecial(java.lang.Object, java.lang.Object, java.lang.Object, java.lang.Object, java.lang.Object, java.lang.Object, java.lang.Object, java.lang.Object, java.lang.Object, java.lang.Object, java.lang.Object, java.lang.Object, java.lang.Object, java.lang.Object, java.lang.Object, java.lang.Object)'> (0x00000000eff91950) 
thrown [s\src\hotspot\share\interpreter\linkResolver.cpp,
Event: 7.036 Thread 0x000002ba7ff21fd0 Exception <a 'java/lang/NoSuchMethodError'{0x00000000eff98728}: 'java.lang.Object java.lang.invoke.DirectMethodHandle$Holder.invokeSpecial(java.lang.Object, java.lang.Object, java.lang.Object, java.lang.Object, java.lang.Object, java.lang.Object, java.lang.Object, java.lang.Object, java.lang.Object, java.lang.Object, java.lang.Object, java.lang.Object, java.lang.Object, java.lang.Object, java.lang.Object, java.lang.Object, java.lang.Object)'> (0x00000000eff98728) 
thrown [s\src\hotspot\share\interpreter\li
Event: 7.037 Thread 0x000002ba7ff21fd0 Exception <a 'java/lang/NoSuchMethodError'{0x00000000eff9e308}: 'java.lang.Object java.lang.invoke.DelegatingMethodHandle$Holder.reinvoke_L(java.lang.Object, java.lang.Object, java.lang.Object, java.lang.Object, java.lang.Object, java.lang.Object, java.lang.Object, java.lang.Object, java.lang.Object, java.lang.Object, java.lang.Object, java.lang.Object, java.lang.Object, java.lang.Object, java.lang.Object, java.lang.Object)'> (0x00000000eff9e308) 
thrown [s\src\hotspot\share\interpreter\linkResolver.cpp, l
Event: 7.093 Thread 0x000002ba7ff21fd0 Exception <a 'java/lang/NoSuchMethodError'{0x00000000efa7cdd0}: 'void java.lang.invoke.DirectMethodHandle$Holder.invokeVirtual(java.lang.Object, java.lang.Object)'> (0x00000000efa7cdd0) 
thrown [s\src\hotspot\share\interpreter\linkResolver.cpp, line 773]

ZGC Phase Switch (0 events):
No events

VM Operations (20 events):
Event: 5.796 Executing non-safepoint VM operation: HandshakeAllThreads (Deoptimize)
Event: 5.796 Executing non-safepoint VM operation: HandshakeAllThreads (Deoptimize) done
Event: 5.850 Executing non-safepoint VM operation: HandshakeAllThreads (Deoptimize)
Event: 5.850 Executing non-safepoint VM operation: HandshakeAllThreads (Deoptimize) done
Event: 6.066 Executing safepoint VM operation: ICBufferFull
Event: 6.066 Executing safepoint VM operation: ICBufferFull done
Event: 6.795 Executing safepoint VM operation: ICBufferFull
Event: 6.795 Executing safepoint VM operation: ICBufferFull done
Event: 7.016 Executing safepoint VM operation: CollectForMetadataAllocation (Metadata GC Threshold)
Event: 7.024 Executing safepoint VM operation: CollectForMetadataAllocation (Metadata GC Threshold) done
Event: 7.038 Executing safepoint VM operation: CollectForMetadataAllocation (Metadata GC Threshold)
Event: 7.045 Executing safepoint VM operation: CollectForMetadataAllocation (Metadata GC Threshold) done
Event: 7.055 Executing safepoint VM operation: G1PauseRemark
Event: 7.058 Executing safepoint VM operation: G1PauseRemark done
Event: 7.059 Executing non-safepoint VM operation: HandshakeAllThreads (Deoptimize)
Event: 7.060 Executing non-safepoint VM operation: HandshakeAllThreads (Deoptimize) done
Event: 7.062 Executing safepoint VM operation: G1PauseCleanup
Event: 7.063 Executing safepoint VM operation: G1PauseCleanup done
Event: 8.072 Executing safepoint VM operation: Cleanup
Event: 8.118 Executing safepoint VM operation: Cleanup done

Memory protections (0 events):
No events

Nmethod flushes (20 events):
Event: 7.058 Thread 0x000002ba690ce3e0 flushing  nmethod 0x000002ba5666b990
Event: 7.058 Thread 0x000002ba690ce3e0 flushing  nmethod 0x000002ba56138110
Event: 7.058 Thread 0x000002ba690ce3e0 flushing  nmethod 0x000002ba56159b10
Event: 7.058 Thread 0x000002ba690ce3e0 flushing  nmethod 0x000002ba561ed910
Event: 7.058 Thread 0x000002ba690ce3e0 flushing  nmethod 0x000002ba561efc90
Event: 7.058 Thread 0x000002ba690ce3e0 flushing  nmethod 0x000002ba56216690
Event: 7.058 Thread 0x000002ba690ce3e0 flushing  nmethod 0x000002ba56216c90
Event: 7.058 Thread 0x000002ba690ce3e0 flushing  nmethod 0x000002ba562a0a90
Event: 7.058 Thread 0x000002ba690ce3e0 flushing  nmethod 0x000002ba562a1110
Event: 7.058 Thread 0x000002ba690ce3e0 flushing  nmethod 0x000002ba561eb390
Event: 7.058 Thread 0x000002ba690ce3e0 flushing  nmethod 0x000002ba56210010
Event: 7.058 Thread 0x000002ba690ce3e0 flushing  nmethod 0x000002ba5628ef90
Event: 7.058 Thread 0x000002ba690ce3e0 flushing  nmethod 0x000002ba56290890
Event: 7.058 Thread 0x000002ba690ce3e0 flushing  nmethod 0x000002ba56290b90
Event: 7.058 Thread 0x000002ba690ce3e0 flushing  nmethod 0x000002ba56291790
Event: 7.058 Thread 0x000002ba690ce3e0 flushing  nmethod 0x000002ba56292590
Event: 7.058 Thread 0x000002ba690ce3e0 flushing  nmethod 0x000002ba56296510
Event: 7.058 Thread 0x000002ba690ce3e0 flushing  nmethod 0x000002ba56296f90
Event: 7.058 Thread 0x000002ba690ce3e0 flushing  nmethod 0x000002ba561cf910
Event: 7.058 Thread 0x000002ba690ce3e0 flushing  nmethod 0x000002ba565ab590

Events (20 events):
Event: 5.559 Thread 0x000002ba7ff21fd0 Thread added: 0x000002ba043806a0
Event: 5.559 Thread 0x000002ba7ff21fd0 Thread added: 0x000002ba04380d30
Event: 5.559 Thread 0x000002ba7ff21fd0 Thread added: 0x000002ba043813c0
Event: 5.559 Thread 0x000002ba7ff21fd0 Thread added: 0x000002ba05a30780
Event: 5.560 Thread 0x000002ba7ff21fd0 Thread added: 0x000002ba05a2e6b0
Event: 5.560 Thread 0x000002ba7ff21fd0 Thread added: 0x000002ba05a2e020
Event: 5.560 Thread 0x000002ba7ff21fd0 Thread added: 0x000002ba05a2d990
Event: 5.560 Thread 0x000002ba7ff21fd0 Thread added: 0x000002ba05a300f0
Event: 6.009 Thread 0x000002ba69107ca0 Thread added: 0x000002ba6920d7e0
Event: 6.009 Thread 0x000002ba69107ca0 Thread added: 0x000002ba05ac7850
Event: 6.015 Thread 0x000002ba6920d7e0 Thread added: 0x000002ba045a7450
Event: 6.132 Thread 0x000002ba7ff21fd0 Thread added: 0x000002ba05a30e10
Event: 6.276 Thread 0x000002ba7ff21fd0 Thread added: 0x000002ba05a2ed40
Event: 6.492 Thread 0x000002ba045a7450 Thread exited: 0x000002ba045a7450
Event: 6.530 Thread 0x000002ba05ac7850 Thread added: 0x000002ba04b76250
Event: 6.797 Thread 0x000002ba6920d7e0 Thread added: 0x000002ba699f0d30
Event: 6.886 Thread 0x000002ba6920d7e0 Thread added: 0x000002ba042e2a10
Event: 6.888 Thread 0x000002ba69107ca0 Thread added: 0x000002ba042e30e0
Event: 7.085 Thread 0x000002ba7ff21fd0 Thread added: 0x000002ba05a2fa60
Event: 8.118 Thread 0x000002ba699f0d30 Thread exited: 0x000002ba699f0d30


Dynamic libraries:
0x00007ff7ebe40000 - 0x00007ff7ebe4e000 	C:\Program Files\Eclipse Adoptium\jdk-21.0.10.7-hotspot\bin\java.exe
0x00007ff9395c0000 - 0x00007ff939827000 	C:\WINDOWS\SYSTEM32\ntdll.dll
0x00007ff938580000 - 0x00007ff938649000 	C:\WINDOWS\System32\KERNEL32.DLL
0x00007ff936290000 - 0x00007ff936681000 	C:\WINDOWS\System32\KERNELBASE.dll
0x00007ff937100000 - 0x00007ff93724b000 	C:\WINDOWS\System32\ucrtbase.dll
0x00007ff92e750000 - 0x00007ff92e768000 	C:\Program Files\Eclipse Adoptium\jdk-21.0.10.7-hotspot\bin\jli.dll
0x00007ff9304c0000 - 0x00007ff9304de000 	C:\Program Files\Eclipse Adoptium\jdk-21.0.10.7-hotspot\bin\VCRUNTIME140.dll
0x00007ff938700000 - 0x00007ff9388c5000 	C:\WINDOWS\System32\USER32.dll
0x00007ff9107a0000 - 0x00007ff910a33000 	C:\WINDOWS\WinSxS\amd64_microsoft.windows.common-controls_6595b64144ccf1df_6.0.26100.8037_none_3e092faae333b53b\COMCTL32.dll
0x00007ff937250000 - 0x00007ff937277000 	C:\WINDOWS\System32\win32u.dll
0x00007ff939520000 - 0x00007ff93954b000 	C:\WINDOWS\System32\GDI32.dll
0x00007ff938d00000 - 0x00007ff938da9000 	C:\WINDOWS\System32\msvcrt.dll
0x00007ff936160000 - 0x00007ff93628b000 	C:\WINDOWS\System32\gdi32full.dll
0x00007ff937280000 - 0x00007ff937323000 	C:\WINDOWS\System32\msvcp_win.dll
0x00007ff938b60000 - 0x00007ff938b91000 	C:\WINDOWS\System32\IMM32.DLL
0x00007ff9304b0000 - 0x00007ff9304bc000 	C:\Program Files\Eclipse Adoptium\jdk-21.0.10.7-hotspot\bin\vcruntime140_1.dll
0x00007ff8d2210000 - 0x00007ff8d229d000 	C:\Program Files\Eclipse Adoptium\jdk-21.0.10.7-hotspot\bin\msvcp140.dll
0x00007ff845520000 - 0x00007ff8462c1000 	C:\Program Files\Eclipse Adoptium\jdk-21.0.10.7-hotspot\bin\server\jvm.dll
0x00007ff938150000 - 0x00007ff93820b000 	C:\WINDOWS\System32\ADVAPI32.dll
0x00007ff938650000 - 0x00007ff9386f7000 	C:\WINDOWS\System32\sechost.dll
0x00007ff938e00000 - 0x00007ff938f18000 	C:\WINDOWS\System32\RPCRT4.dll
0x00007ff938a70000 - 0x00007ff938ae4000 	C:\WINDOWS\System32\WS2_32.dll
0x00007ff935cd0000 - 0x00007ff935d2e000 	C:\WINDOWS\SYSTEM32\POWRPROF.dll
0x00007ff92c2e0000 - 0x00007ff92c315000 	C:\WINDOWS\SYSTEM32\WINMM.dll
0x00007ff92bad0000 - 0x00007ff92badb000 	C:\WINDOWS\SYSTEM32\VERSION.dll
0x00007ff935cb0000 - 0x00007ff935cc4000 	C:\WINDOWS\SYSTEM32\UMPDC.dll
0x00007ff934c00000 - 0x00007ff934c1b000 	C:\WINDOWS\SYSTEM32\kernel.appcore.dll
0x00007ff92e740000 - 0x00007ff92e74a000 	C:\Program Files\Eclipse Adoptium\jdk-21.0.10.7-hotspot\bin\jimage.dll
0x00007ff933ec0000 - 0x00007ff934102000 	C:\WINDOWS\SYSTEM32\DBGHELP.DLL
0x00007ff938f20000 - 0x00007ff9392a2000 	C:\WINDOWS\System32\combase.dll
0x00007ff938210000 - 0x00007ff9382e7000 	C:\WINDOWS\System32\OLEAUT32.dll
0x00007ff9159f0000 - 0x00007ff915a2b000 	C:\WINDOWS\SYSTEM32\dbgcore.DLL
0x00007ff935e70000 - 0x00007ff935f15000 	C:\WINDOWS\System32\bcryptPrimitives.dll
0x00007ff918f20000 - 0x00007ff918f2f000 	C:\Program Files\Eclipse Adoptium\jdk-21.0.10.7-hotspot\bin\instrument.dll
0x00007ff923d50000 - 0x00007ff923d70000 	C:\Program Files\Eclipse Adoptium\jdk-21.0.10.7-hotspot\bin\java.dll
0x00007ff937330000 - 0x00007ff937a8f000 	C:\WINDOWS\System32\SHELL32.dll
0x00007ff936690000 - 0x00007ff9367fa000 	C:\WINDOWS\System32\wintypes.dll
0x00007ff936890000 - 0x00007ff9370f4000 	C:\WINDOWS\System32\windows.storage.dll
0x00007ff9388d0000 - 0x00007ff9389c7000 	C:\WINDOWS\System32\SHCORE.dll
0x00007ff938af0000 - 0x00007ff938b57000 	C:\WINDOWS\System32\shlwapi.dll
0x00007ff935d90000 - 0x00007ff935db9000 	C:\WINDOWS\SYSTEM32\profapi.dll
0x00007ff8cc120000 - 0x00007ff8cc1f7000 	C:\Program Files\Eclipse Adoptium\jdk-21.0.10.7-hotspot\bin\jsvml.dll
0x00007ff9210a0000 - 0x00007ff9210b8000 	C:\Program Files\Eclipse Adoptium\jdk-21.0.10.7-hotspot\bin\zip.dll
0x00007ff92c810000 - 0x00007ff92c820000 	C:\Program Files\Eclipse Adoptium\jdk-21.0.10.7-hotspot\bin\net.dll
0x00007ff929420000 - 0x00007ff929547000 	C:\WINDOWS\SYSTEM32\WINHTTP.dll
0x00007ff935170000 - 0x00007ff9351db000 	C:\WINDOWS\system32\mswsock.dll
0x00007ff923920000 - 0x00007ff923936000 	C:\Program Files\Eclipse Adoptium\jdk-21.0.10.7-hotspot\bin\nio.dll
0x00007ff921090000 - 0x00007ff9210a0000 	C:\Program Files\Eclipse Adoptium\jdk-21.0.10.7-hotspot\bin\verify.dll
0x00007ff91f070000 - 0x00007ff91f097000 	C:\Users\deepa\.gradle\native\1def1411415f61bf3af743bc5b6707747c0891f09f0c88961ee8f79bc544acac\windows-amd64\native-platform.dll
0x00007ff91cb50000 - 0x00007ff91cbc7000 	C:\Users\deepa\.gradle\native\0.2.8\x86_64-windows-gnu\gradle-fileevents.dll
0x00007ff923910000 - 0x00007ff92391a000 	C:\Program Files\Eclipse Adoptium\jdk-21.0.10.7-hotspot\bin\management.dll
0x00007ff923610000 - 0x00007ff92361c000 	C:\Program Files\Eclipse Adoptium\jdk-21.0.10.7-hotspot\bin\management_ext.dll
0x00007ff9389d0000 - 0x00007ff9389d8000 	C:\WINDOWS\System32\PSAPI.DLL
0x00007ff934660000 - 0x00007ff934693000 	C:\WINDOWS\SYSTEM32\IPHLPAPI.DLL
0x00007ff938a60000 - 0x00007ff938a6a000 	C:\WINDOWS\System32\NSI.dll
0x00007ff91f060000 - 0x00007ff91f069000 	C:\Program Files\Eclipse Adoptium\jdk-21.0.10.7-hotspot\bin\extnet.dll
0x00007ff935450000 - 0x00007ff93546b000 	C:\WINDOWS\SYSTEM32\CRYPTSP.dll
0x00007ff934b60000 - 0x00007ff934b99000 	C:\WINDOWS\system32\rsaenh.dll
0x00007ff935220000 - 0x00007ff935252000 	C:\WINDOWS\SYSTEM32\USERENV.dll
0x00007ff935d60000 - 0x00007ff935d8a000 	C:\WINDOWS\SYSTEM32\bcrypt.dll
0x00007ff935470000 - 0x00007ff93547c000 	C:\WINDOWS\SYSTEM32\CRYPTBASE.dll
0x00007ff8fe760000 - 0x00007ff8fe76e000 	C:\Program Files\Eclipse Adoptium\jdk-21.0.10.7-hotspot\bin\sunmscapi.dll
0x00007ff935f20000 - 0x00007ff936097000 	C:\WINDOWS\System32\CRYPT32.dll
0x00007ff935670000 - 0x00007ff9356a0000 	C:\WINDOWS\SYSTEM32\ncrypt.dll
0x00007ff935620000 - 0x00007ff93565f000 	C:\WINDOWS\SYSTEM32\NTASN1.dll
0x00007ff8f3350000 - 0x00007ff8f3358000 	C:\WINDOWS\system32\wshunix.dll

JVMTI agents:
C:\Users\deepa\.gradle\wrapper\dists\gradle-9.0.0-bin\d6wjpkvcgsg3oed0qlfss3wgl\gradle-9.0.0\lib\agents\gradle-instrumentation-agent-9.0.0.jar path:C:\Program Files\Eclipse Adoptium\jdk-21.0.10.7-hotspot\bin\instrument.dll, loaded, initialized, instrumentlib options:none

dbghelp: loaded successfully - version: 4.0.5 - missing functions: none
symbol engine: initialized successfully - sym options: 0x614 - pdb path: .;C:\Program Files\Eclipse Adoptium\jdk-21.0.10.7-hotspot\bin;C:\WINDOWS\SYSTEM32;C:\WINDOWS\WinSxS\amd64_microsoft.windows.common-controls_6595b64144ccf1df_6.0.26100.8037_none_3e092faae333b53b;C:\Program Files\Eclipse Adoptium\jdk-21.0.10.7-hotspot\bin\server;C:\Users\deepa\.gradle\native\1def1411415f61bf3af743bc5b6707747c0891f09f0c88961ee8f79bc544acac\windows-amd64;C:\Users\deepa\.gradle\native\0.2.8\x86_64-windows-gnu

VM Arguments:
jvm_args: --add-opens=java.base/java.lang=ALL-UNNAMED --add-opens=java.base/java.lang.invoke=ALL-UNNAMED --add-opens=java.base/java.util=ALL-UNNAMED --add-opens=java.prefs/java.util.prefs=ALL-UNNAMED --add-exports=jdk.compiler/com.sun.tools.javac.api=ALL-UNNAMED --add-exports=jdk.compiler/com.sun.tools.javac.util=ALL-UNNAMED --add-opens=java.base/java.util=ALL-UNNAMED --add-opens=java.prefs/java.util.prefs=ALL-UNNAMED --add-opens=java.base/java.nio.charset=ALL-UNNAMED --add-opens=java.base/java.net=ALL-UNNAMED --add-opens=java.base/java.util.concurrent=ALL-UNNAMED --add-opens=java.base/java.util.concurrent.atomic=ALL-UNNAMED --add-opens=java.xml/javax.xml.namespace=ALL-UNNAMED -XX:MaxMetaspaceSize=384m -XX:+HeapDumpOnOutOfMemoryError -Xms256m -Xmx512m -Dfile.encoding=UTF-8 -Duser.country=US -Duser.language=en -Duser.variant -javaagent:C:\Users\deepa\.gradle\wrapper\dists\gradle-9.0.0-bin\d6wjpkvcgsg3oed0qlfss3wgl\gradle-9.0.0\lib\agents\gradle-instrumentation-agent-9.0.0.jar 
java_command: org.gradle.launcher.daemon.bootstrap.GradleDaemon 9.0.0
java_class_path (initial): C:\Users\deepa\.gradle\wrapper\dists\gradle-9.0.0-bin\d6wjpkvcgsg3oed0qlfss3wgl\gradle-9.0.0\lib\gradle-daemon-main-9.0.0.jar
Launcher Type: SUN_STANDARD

[Global flags]
     intx CICompilerCount                          = 12                                        {product} {ergonomic}
   size_t CompressedClassSpaceSize                 = 335544320                                 {product} {ergonomic}
     uint ConcGCThreads                            = 3                                         {product} {ergonomic}
     uint G1ConcRefinementThreads                  = 13                                        {product} {ergonomic}
   size_t G1HeapRegionSize                         = 1048576                                   {product} {ergonomic}
    uintx GCDrainStackTargetSize                   = 64                                        {product} {ergonomic}
     bool HeapDumpOnOutOfMemoryError               = true                                   {manageable} {command line}
   size_t InitialHeapSize                          = 268435456                                 {product} {command line}
   size_t MarkStackSize                            = 4194304                                   {product} {ergonomic}
   size_t MaxHeapSize                              = 536870912                                 {product} {command line}
   size_t MaxMetaspaceSize                         = 402653184                                 {product} {command line}
   size_t MaxNewSize                               = 321912832                                 {product} {ergonomic}
   size_t MinHeapDeltaBytes                        = 1048576                                   {product} {ergonomic}
   size_t MinHeapSize                              = 268435456                                 {product} {command line}
    uintx NonNMethodCodeHeapSize                   = 7602480                                {pd product} {ergonomic}
    uintx NonProfiledCodeHeapSize                  = 122027880                              {pd product} {ergonomic}
    uintx ProfiledCodeHeapSize                     = 122027880                              {pd product} {ergonomic}
    uintx ReservedCodeCacheSize                    = 251658240                              {pd product} {ergonomic}
     bool SegmentedCodeCache                       = true                                      {product} {ergonomic}
   size_t SoftMaxHeapSize                          = 536870912                              {manageable} {ergonomic}
     bool UseCompressedOops                        = true                           {product lp64_product} {ergonomic}
     bool UseG1GC                                  = true                                      {product} {ergonomic}
     bool UseLargePagesIndividualAllocation        = false                                  {pd product} {ergonomic}

Logging:
Log output configuration:
 #0: stdout all=warning uptime,level,tags foldmultilines=false
 #1: stderr all=off uptime,level,tags foldmultilines=false

Release file:
IMPLEMENTOR="Eclipse Adoptium" 
IMPLEMENTOR_VERSION="Temurin-21.0.10+7" 
JAVA_RUNTIME_VERSION="21.0.10+7-LTS" 
JAVA_VERSION="21.0.10" 
JAVA_VERSION_DATE="2026-01-20" 
LIBC="default" 
MODULES="java.base java.compiler java.datatransfer java.xml java.prefs java.desktop java.instrument java.logging java.management java.security.sasl java.naming java.rmi java.management.rmi java.net.http java.scripting java.security.jgss java.transaction.xa java.sql java.sql.rowset java.xml.crypto java.se java.smartcardio jdk.accessibility jdk.internal.jvmstat jdk.attach jdk.charsets jdk.internal.opt jdk.zipfs jdk.compiler jdk.crypto.ec jdk.crypto.cryptoki jdk.crypto.mscapi jdk.dynalink jdk.internal.ed jdk.editpad jdk.hotspot.agent jdk.httpserver jdk.incubator.vector jdk.internal.le jdk.internal.vm.ci jdk.internal.vm.compiler jdk.internal.vm.compiler.management jdk.jartool jdk.javadoc jdk.jcmd jdk.management jdk.management.agent jdk.jconsole jdk.jdeps jdk.jdwp.agent jdk.jdi jdk.jfr jdk.jlink jdk.jpackage jdk.jshell jdk.jsobject jdk.jstatd jdk.localedata jdk.management.jfr jdk.naming.dns jdk.naming.rmi jdk.net jdk.nio.mapmode jdk.random jdk.sctp jdk.security.auth jdk.security.jgss jdk.unsupported jdk.unsupported.desktop jdk.xml.dom" 
OS_ARCH="x86_64" 
OS_NAME="Windows" 
SOURCE=".:git:a633eafe0fcc" 
BUILD_SOURCE="git:458965074606f027bd5afce2cfd5c1055dea0438"
BUILD_SOURCE_REPO="https://github.com/adoptium/temurin-build.git"
SOURCE_REPO="https://github.com/adoptium/jdk21u.git"
FULL_VERSION="21.0.10+7-LTS"
SEMANTIC_VERSION="21.0.10+7"
BUILD_INFO="OS: Windows Server 2022 Version: 10.0"
JVM_VARIANT="Hotspot"
JVM_VERSION="21.0.10+7-LTS"
IMAGE_TYPE="JDK"

Environment Variables:
JAVA_HOME=C:\Program Files\Eclipse Adoptium\jdk-21.0.10.7-hotspot
CLASSPATH=C:\Users\deepa\OneDrive\Documents\project\Sanship\SanshipMBL\\gradle\wrapper\gradle-wrapper.jar
PATH=C:\Program Files\Eclipse Adoptium\jdk-21.0.10.7-hotspot\bin;C:\Program Files (x86)\Common Files\Oracle\Java\java8path;C:\Program Files (x86)\Common Files\Oracle\Java\javapath;C:\ProgramData\Oracle\Java\javapath;C:\Program Files\Eclipse Adoptium\jdk-17.0.16.8-hotspot\bin;C:\WINDOWS\system32;C:\WINDOWS;C:\WINDOWS\System32\Wbem;C:\WINDOWS\System32\WindowsPowerShell\v1.0\;C:\WINDOWS\System32\OpenSSH\;C:\Program Files\dotnet\;C:\Program Files (x86)\NVIDIA Corporation\PhysX\Common;C:\Program Files\NVIDIA Corporation\NVIDIA App\NvDLISR;C:\Program Files\nodejs\;C:\ProgramData\chocolatey\bin;C:\WINDOWS\system32\config\systemprofile\AppData\Local\Muse Hub\lib;C:\Program Files\Amazon\AWSCLIV2\;C:\Program Files\Docker\Docker\resources\bin;C:\Users\deepa\AppData\Local\Microsoft\WindowsApps\ngrok.exe;C:\Program Files\Microsoft SQL Server\170\Tools\Binn\;C:\Program Files\Microsoft SQL Server\Client SDK\ODBC\170\Tools\Binn\;C:\Program Files (x86)\Windows Kits\10\Windows Performance Toolkit\;C:\Program Files\Git\cmd;C:\Users\deepa\AppData\Local\Programs\Python\Python313\Scripts\;C:\Users\deepa\AppData\Local\Programs\Python\Python313\;c:\Users\deepa\AppData\Local\Programs\Trae\bin;C:\Users\deepa\AppData\Local\Microsoft\WindowsApps;C:\Users\deepa\AppData\Local\Programs\Microsoft VS Code\bin;C:\flutter\bin;C:\Users\deepa\AppData\Roaming\npm;C:\Users\deepa\AppData\Local\Muse Hub\lib;C:\Users\deepa\AppData\Roaming\Python\Python313\Scripts;C:\Program Files\Eclipse Adoptium\jdk-17.0.16.8-hotspot\bin;;C:\Users\deepa\AppData\Local\Microsoft\WindowsApps;C:\Program Files\JetBrains\IntelliJ IDEA 2025.3.1\bin;C:\Users\deepa\.dotnet\tools;C:\Users\deepa\AppData\Local\Programs\Antigravity\bin;C:\Users\deepa\AppData\Local\Programs\Ollama;c:\Users\deepa\.antigravity\extensions\ms-python.debugpy-2025.18.0-win32-x64\bundled\scripts\noConfigScripts
USERNAME=deepa
LANG=en_US.UTF-8
OS=Windows_NT
PROCESSOR_IDENTIFIER=Intel64 Family 6 Model 154 Stepping 3, GenuineIntel
TMP=C:\Users\deepa\AppData\Local\Temp
TEMP=C:\Users\deepa\AppData\Local\Temp




Periodic native trim disabled

---------------  S Y S T E M  ---------------

OS:
 Windows 11 , 64 bit Build 26100 (10.0.26100.7920)
OS uptime: 1 days 0:37 hours
Hyper-V role detected

CPU: total 16 (initial active 16) (8 cores per cpu, 2 threads per core) family 6 model 154 stepping 3 microcode 0x43b, cx8, cmov, fxsr, ht, mmx, 3dnowpref, sse, sse2, sse3, ssse3, sse4.1, sse4.2, popcnt, lzcnt, tsc, tscinvbit, avx, avx2, aes, erms, clmul, bmi1, bmi2, adx, sha, fma, vzeroupper, clflush, clflushopt, clwb, hv, serialize, rdtscp, rdpid, fsrm, f16c, cet_ibt, cet_ss
Processor Information for processor 0
  Max Mhz: 2500, Current Mhz: 2500, Mhz Limit: 2500
Processor Information for processor 1
  Max Mhz: 2500, Current Mhz: 2500, Mhz Limit: 2500
Processor Information for processor 2
  Max Mhz: 2500, Current Mhz: 2500, Mhz Limit: 2500
Processor Information for processor 3
  Max Mhz: 2500, Current Mhz: 2500, Mhz Limit: 2500
Processor Information for processor 4
  Max Mhz: 2500, Current Mhz: 2500, Mhz Limit: 2500
Processor Information for processor 5
  Max Mhz: 2500, Current Mhz: 2500, Mhz Limit: 2500
Processor Information for processor 6
  Max Mhz: 2500, Current Mhz: 2500, Mhz Limit: 2500
Processor Information for processor 7
  Max Mhz: 2500, Current Mhz: 2500, Mhz Limit: 2500
Processor Information for processor 8
  Max Mhz: 2500, Current Mhz: 2500, Mhz Limit: 2500
Processor Information for processor 9
  Max Mhz: 2500, Current Mhz: 2500, Mhz Limit: 2500
Processor Information for processor 10
  Max Mhz: 2500, Current Mhz: 1527, Mhz Limit: 2500
Processor Information for processor 11
  Max Mhz: 2500, Current Mhz: 2500, Mhz Limit: 2500
Processor Information for processor 12
  Max Mhz: 2500, Current Mhz: 2500, Mhz Limit: 2500
Processor Information for processor 13
  Max Mhz: 2500, Current Mhz: 1527, Mhz Limit: 2500
Processor Information for processor 14
  Max Mhz: 2500, Current Mhz: 2500, Mhz Limit: 2500
Processor Information for processor 15
  Max Mhz: 2500, Current Mhz: 2500, Mhz Limit: 2500

Memory: 4k page, system-wide physical 7876M (980M free)
TotalPageFile size 32452M (AvailPageFile size 57M)
current process WorkingSet (physical memory assigned to process): 361M, peak: 361M
current process commit charge ("private bytes"): 505M, peak: 506M

vm_info: OpenJDK 64-Bit Server VM (21.0.10+7-LTS) for windows-amd64 JRE (21.0.10+7-LTS), built on 2026-01-20T00:00:00Z by "admin" with MS VC++ 17.12 (VS2022)

END.
