#
# There is insufficient memory for the Java Runtime Environment to continue.
# Native memory allocation (malloc) failed to allocate 882976 bytes. Error detail: Chunk::new
# Possible reasons:
#   The system is out of physical RAM or swap space
#   This process is running with CompressedOops enabled, and the Java Heap may be blocking the growth of the native heap
# Possible solutions:
#   Reduce memory load on the system
#   Increase physical memory or swap space
#   Check if swap backing store is full
#   Decrease Java heap size (-Xmx/-Xms)
#   Decrease number of Java threads
#   Decrease Java thread stack sizes (-Xss)
#   Set larger code cache with -XX:ReservedCodeCacheSize=
#   JVM is running with Unscaled Compressed Oops mode in which the Java heap is
#     placed in the first 4GB address space. The Java Heap base address is the
#     maximum limit for the native heap growth. Please use -XX:HeapBaseMinAddress
#     to set the Java Heap base and to place the Java Heap above 4GB virtual address.
# This output file may be truncated or incomplete.
#
#  Out of Memory Error (arena.cpp:191), pid=27196, tid=2192
#
# JRE version: OpenJDK Runtime Environment (17.0.18+10) (build 17.0.18+10-LTS)
# Java VM: OpenJDK 64-Bit Server VM (17.0.18+10-LTS, mixed mode, sharing, tiered, compressed oops, compressed class ptrs, g1 gc, windows-amd64)
# No core dump will be written. Minidumps are not enabled by default on client versions of Windows
#

---------------  S U M M A R Y ------------

Command Line: --add-opens=java.base/java.lang=ALL-UNNAMED --add-opens=java.base/java.lang.invoke=ALL-UNNAMED --add-opens=java.base/java.util=ALL-UNNAMED --add-opens=java.prefs/java.util.prefs=ALL-UNNAMED --add-exports=jdk.compiler/com.sun.tools.javac.api=ALL-UNNAMED --add-exports=jdk.compiler/com.sun.tools.javac.util=ALL-UNNAMED --add-opens=java.base/java.util=ALL-UNNAMED --add-opens=java.prefs/java.util.prefs=ALL-UNNAMED --add-opens=java.base/java.nio.charset=ALL-UNNAMED --add-opens=java.base/java.net=ALL-UNNAMED --add-opens=java.base/java.util.concurrent=ALL-UNNAMED --add-opens=java.base/java.util.concurrent.atomic=ALL-UNNAMED --add-opens=java.xml/javax.xml.namespace=ALL-UNNAMED -XX:MaxMetaspaceSize=384m -XX:+HeapDumpOnOutOfMemoryError -Xms256m -Xmx512m -Dfile.encoding=UTF-8 -Duser.country=US -Duser.language=en -Duser.variant -javaagent:C:\Users\deepa\.gradle\wrapper\dists\gradle-9.0.0-bin\d6wjpkvcgsg3oed0qlfss3wgl\gradle-9.0.0\lib\agents\gradle-instrumentation-agent-9.0.0.jar org.gradle.launcher.daemon.bootstrap.GradleDaemon 9.0.0

Host: 12th Gen Intel(R) Core(TM) i5-12500H, 16 cores, 7G,  Windows 11 , 64 bit Build 26100 (10.0.26100.8115)
Time: Tue Apr  7 12:36:14 2026 India Standard Time elapsed time: 50.611095 seconds (0d 0h 0m 50s)

---------------  T H R E A D  ---------------

Current thread (0x0000017c02eab560):  JavaThread "C2 CompilerThread0" daemon [_thread_in_native, id=2192, stack(0x0000003e97400000,0x0000003e97500000)]


Current CompileTask:
C2:50611 12095   !   4       java.io.ObjectOutputStream::writeObject0 (620 bytes)

Stack: [0x0000003e97400000,0x0000003e97500000]
Native frames: (J=compiled Java code, j=interpreted, Vv=VM code, C=native code)
V  [jvm.dll+0x681219]
V  [jvm.dll+0x837248]
V  [jvm.dll+0x838d0e]
V  [jvm.dll+0x839373]
V  [jvm.dll+0x248d4f]
V  [jvm.dll+0xac854]
V  [jvm.dll+0xaceac]
V  [jvm.dll+0x2aedff]
V  [jvm.dll+0x587d75]
V  [jvm.dll+0x223652]
V  [jvm.dll+0x21c33c]
V  [jvm.dll+0x219ebf]
V  [jvm.dll+0x1a5d90]
V  [jvm.dll+0x229e19]
V  [jvm.dll+0x227fcb]
V  [jvm.dll+0x7ed3e8]
V  [jvm.dll+0x7e78dc]
V  [jvm.dll+0x6800e7]
C  [ucrtbase.dll+0x37b0]
C  [KERNEL32.DLL+0x2e8d7]
C  [ntdll.dll+0x8c3fc]


---------------  P R O C E S S  ---------------

Threads class SMR info:
_java_thread_list=0x0000017c1e25bbc0, length=207, elements={
0x0000017c644cbef0, 0x0000017c02e86810, 0x0000017c02e87e50, 0x0000017c02e9cc80,
0x0000017c02e9d550, 0x0000017c02ea09a0, 0x0000017c02ea1de0, 0x0000017c02eab560,
0x0000017c02eac9e0, 0x0000017c02ebe7e0, 0x0000017c1c1a9260, 0x0000017c1c211040,
0x0000017c1d984500, 0x0000017c1d843770, 0x0000017c1d90c820, 0x0000017c1d8754f0,
0x0000017c1da7aa20, 0x0000017c1d909820, 0x0000017c1d906070, 0x0000017c1d909310,
0x0000017c1d906580, 0x0000017c1d9088f0, 0x0000017c1d9074b0, 0x0000017c1d906a90,
0x0000017c1d9079c0, 0x0000017c1f98a6d0, 0x0000017c1f98b0f0, 0x0000017c1f98d460,
0x0000017c1f98edb0, 0x0000017c1f98d970, 0x0000017c1f98ca40, 0x0000017c1f98bb10,
0x0000017c1f98f2c0, 0x0000017c1f98e390, 0x0000017c1f98f7d0, 0x0000017c1f98c020,
0x0000017c1f98de80, 0x0000017c1f98fce0, 0x0000017c1f98c530, 0x0000017c1f9901f0,
0x0000017c1f990700, 0x0000017c1f98cf50, 0x0000017c1f990c10, 0x0000017c1f991120,
0x0000017c1f991630, 0x0000017c1f991b40, 0x0000017c2015a1b0, 0x0000017c20158d70,
0x0000017c2015a6c0, 0x0000017c20158860, 0x0000017c20159280, 0x0000017c20159790,
0x0000017c20159ca0, 0x0000017c20158350, 0x0000017c2015b5f0, 0x0000017c2015abd0,
0x0000017c20157e40, 0x0000017c2015b0e0, 0x0000017c1fac24a0, 0x0000017c1fac1f90,
0x0000017c1fac33d0, 0x0000017c1fac38e0, 0x0000017c1fac29b0, 0x0000017c1fac2ec0,
0x0000017c1fac3df0, 0x0000017c1fac4300, 0x0000017c1fac4810, 0x0000017c1fac1060,
0x0000017c1fac4d20, 0x0000017c1fac1a80, 0x0000017c1fac1570, 0x0000017c1fac6160,
0x0000017c1fac84d0, 0x0000017c1fac7fc0, 0x0000017c1fac5c50, 0x0000017c1fac7ab0,
0x0000017c1fac6b80, 0x0000017c1fac89e0, 0x0000017c1fac6670, 0x0000017c1fac7090,
0x0000017c1fac5230, 0x0000017c1fac5740, 0x0000017c1fac75a0, 0x0000017c1fe76dd0,
0x0000017c1fe772e0, 0x0000017c1fe78720, 0x0000017c1fe777f0, 0x0000017c1fe78210,
0x0000017c1fe768c0, 0x0000017c1fe75480, 0x0000017c1fe77d00, 0x0000017c1fe75990,
0x0000017c1fe78c30, 0x0000017c1fe79140, 0x0000017c1fe79650, 0x0000017c1fe75ea0,
0x0000017c1fe79b60, 0x0000017c1fe763b0, 0x0000017c1fe7c8f0, 0x0000017c1fe7a070,
0x0000017c1fe7aa90, 0x0000017c1fe7ce00, 0x0000017c1fe7c3e0, 0x0000017c1fe7b4b0,
0x0000017c1fe7b9c0, 0x0000017c1d908e00, 0x0000017c208d0610, 0x0000017c208cf1d0,
0x0000017c208cdd90, 0x0000017c208d1a50, 0x0000017c208cf6e0, 0x0000017c208d0100,
0x0000017c208ce2a0, 0x0000017c208ce7b0, 0x0000017c208d1f60, 0x0000017c208d2470,
0x0000017c208cecc0, 0x0000017c208d4cf0, 0x0000017c208d33a0, 0x0000017c208d2980,
0x0000017c208d2e90, 0x0000017c208d5200, 0x0000017c208d38b0, 0x0000017c208d47e0,
0x0000017c208d3dc0, 0x0000017c208d42d0, 0x0000017c1f510fd0, 0x0000017c1f510ac0,
0x0000017c1f50d820, 0x0000017c1f50ec60, 0x0000017c1f50f170, 0x0000017c1f5114e0,
0x0000017c1f5100a0, 0x0000017c1f50fb90, 0x0000017c1f50dd30, 0x0000017c1f50f680,
0x0000017c1f5105b0, 0x0000017c1f5119f0, 0x0000017c1f50e750, 0x0000017c1f50e240,
0x0000017c1f511f00, 0x0000017c1f512410, 0x0000017c1f513d60, 0x0000017c1f512920,
0x0000017c1f514780, 0x0000017c1f512e30, 0x0000017c1f513340, 0x0000017c1f514270,
0x0000017c1f5151a0, 0x0000017c1f514c90, 0x0000017c1cdea430, 0x0000017c1cdec290,
0x0000017c1cdea940, 0x0000017c1cde9500, 0x0000017c1cdee0f0, 0x0000017c1cdefa40,
0x0000017c1cdf0970, 0x0000017c1cdef020, 0x0000017c21613be0, 0x0000017c216140f0,
0x0000017c21615020, 0x0000017c21614600, 0x0000017c21615f50, 0x0000017c217bc470,
0x0000017c217bba50, 0x0000017c217ba100, 0x0000017c217bb540, 0x0000017c217bbf60,
0x0000017c217b8cc0, 0x0000017c217ba610, 0x0000017c217b9bf0, 0x0000017c217b96e0,
0x0000017c217bab20, 0x0000017c217b91d0, 0x0000017c217bb030, 0x0000017c1e2e8a20,
0x0000017c1e2e8f30, 0x0000017c1e2e70d0, 0x0000017c1e2e9950, 0x0000017c1e2e9e60,
0x0000017c1e2e66b0, 0x0000017c1e2e9440, 0x0000017c1e2e8000, 0x0000017c1e2ea370,
0x0000017c1e2e6bc0, 0x0000017c1e2e8510, 0x0000017c1e2ea880, 0x0000017c1e2ead90,
0x0000017c1e2e75e0, 0x0000017c1e2eb2a0, 0x0000017c1e2e7af0, 0x0000017c1e2eb7b0,
0x0000017c1e2ecbf0, 0x0000017c1e2ebcc0, 0x0000017c1e2ec1d0, 0x0000017c1e2ed100,
0x0000017c1e2ec6e0, 0x0000017c1e2ed610, 0x0000017c1e2edb20, 0x0000017c21060510,
0x0000017c21060a20, 0x0000017c21061e60, 0x0000017c21060000, 0x0000017c21061950,
0x0000017c21063cc0, 0x0000017c21062880, 0x0000017c210646e0
}

Java Threads: ( => current thread )
  0x0000017c644cbef0 JavaThread "main" [_thread_blocked, id=24008, stack(0x0000003e96700000,0x0000003e96800000)]
  0x0000017c02e86810 JavaThread "Reference Handler" daemon [_thread_blocked, id=9728, stack(0x0000003e96e00000,0x0000003e96f00000)]
  0x0000017c02e87e50 JavaThread "Finalizer" daemon [_thread_blocked, id=12248, stack(0x0000003e96f00000,0x0000003e97000000)]
  0x0000017c02e9cc80 JavaThread "Signal Dispatcher" daemon [_thread_blocked, id=29912, stack(0x0000003e97000000,0x0000003e97100000)]
  0x0000017c02e9d550 JavaThread "Attach Listener" daemon [_thread_blocked, id=21476, stack(0x0000003e97100000,0x0000003e97200000)]
  0x0000017c02ea09a0 JavaThread "Service Thread" daemon [_thread_blocked, id=24556, stack(0x0000003e97200000,0x0000003e97300000)]
  0x0000017c02ea1de0 JavaThread "Monitor Deflation Thread" daemon [_thread_blocked, id=22628, stack(0x0000003e97300000,0x0000003e97400000)]
=>0x0000017c02eab560 JavaThread "C2 CompilerThread0" daemon [_thread_in_native, id=2192, stack(0x0000003e97400000,0x0000003e97500000)]
  0x0000017c02eac9e0 JavaThread "C1 CompilerThread0" daemon [_thread_blocked, id=32172, stack(0x0000003e97500000,0x0000003e97600000)]
  0x0000017c02ebe7e0 JavaThread "Sweeper thread" daemon [_thread_blocked, id=22304, stack(0x0000003e97600000,0x0000003e97700000)]
  0x0000017c1c1a9260 JavaThread "Common-Cleaner" daemon [_thread_blocked, id=23832, stack(0x0000003e97800000,0x0000003e97900000)]
  0x0000017c1c211040 JavaThread "Notification Thread" daemon [_thread_blocked, id=12140, stack(0x0000003e97900000,0x0000003e97a00000)]
  0x0000017c1d984500 JavaThread "Daemon health stats" [_thread_blocked, id=14188, stack(0x0000003e98000000,0x0000003e98100000)]
  0x0000017c1d843770 JavaThread "Incoming local TCP Connector on port 56339" [_thread_in_native, id=7064, stack(0x0000003e98300000,0x0000003e98400000)]
  0x0000017c1d90c820 JavaThread "Daemon periodic checks" [_thread_blocked, id=30916, stack(0x0000003e98500000,0x0000003e98600000)]
  0x0000017c1d8754f0 JavaThread "Daemon" [_thread_blocked, id=18036, stack(0x0000003e98400000,0x0000003e98500000)]
  0x0000017c1da7aa20 JavaThread "Handler for socket connection from /127.0.0.1:56339 to /127.0.0.1:56340" [_thread_in_native, id=34400, stack(0x0000003e98600000,0x0000003e98700000)]
  0x0000017c1d909820 JavaThread "Cancel handler" [_thread_blocked, id=19120, stack(0x0000003e98700000,0x0000003e98800000)]
  0x0000017c1d906070 JavaThread "Daemon worker" [_thread_in_native, id=14368, stack(0x0000003e98800000,0x0000003e98900000)]
  0x0000017c1d909310 JavaThread "Asynchronous log dispatcher for DefaultDaemonConnection: socket connection from /127.0.0.1:56339 to /127.0.0.1:56340" [_thread_blocked, id=30440, stack(0x0000003e98900000,0x0000003e98a00000)]
  0x0000017c1d906580 JavaThread "Stdin handler" [_thread_blocked, id=34008, stack(0x0000003e98a00000,0x0000003e98b00000)]
  0x0000017c1d9088f0 JavaThread "Daemon client event forwarder" [_thread_blocked, id=27736, stack(0x0000003e98b00000,0x0000003e98c00000)]
  0x0000017c1d9074b0 JavaThread "Cache worker for journal cache (C:\Users\deepa\.gradle\caches\journal-1)" [_thread_blocked, id=18992, stack(0x0000003e98c00000,0x0000003e98d00000)]
  0x0000017c1d906a90 JavaThread "File lock request listener" [_thread_in_native, id=31172, stack(0x0000003e98d00000,0x0000003e98e00000)]
  0x0000017c1d9079c0 JavaThread "Cache worker for file hash cache (C:\Users\deepa\.gradle\caches\9.0.0\fileHashes)" [_thread_blocked, id=13980, stack(0x0000003e98e00000,0x0000003e98f00000)]
  0x0000017c1f98a6d0 JavaThread "File watcher server" daemon [_thread_in_native, id=8540, stack(0x0000003e99a00000,0x0000003e99b00000)]
  0x0000017c1f98b0f0 JavaThread "File watcher consumer" daemon [_thread_blocked, id=644, stack(0x0000003e99b00000,0x0000003e99c00000)]
  0x0000017c1f98d460 JavaThread "Cache worker for file content cache (C:\Users\deepa\.gradle\caches\9.0.0\fileContent)" [_thread_blocked, id=10080, stack(0x0000003e99d00000,0x0000003e99e00000)]
  0x0000017c1f98edb0 JavaThread "jar transforms" [_thread_blocked, id=34436, stack(0x0000003e9a000000,0x0000003e9a100000)]
  0x0000017c1f98d970 JavaThread "jar transforms Thread 2" [_thread_blocked, id=32540, stack(0x0000003e9a100000,0x0000003e9a200000)]
  0x0000017c1f98ca40 JavaThread "jar transforms Thread 3" [_thread_blocked, id=18608, stack(0x0000003e9a300000,0x0000003e9a400000)]
  0x0000017c1f98bb10 JavaThread "Unconstrained build operations" [_thread_blocked, id=24548, stack(0x0000003e9a400000,0x0000003e9a500000)]
  0x0000017c1f98f2c0 JavaThread "Unconstrained build operations Thread 2" [_thread_blocked, id=35320, stack(0x0000003e9a500000,0x0000003e9a600000)]
  0x0000017c1f98e390 JavaThread "Unconstrained build operations Thread 3" [_thread_blocked, id=14448, stack(0x0000003e9a600000,0x0000003e9a700000)]
  0x0000017c1f98f7d0 JavaThread "Unconstrained build operations Thread 4" [_thread_blocked, id=14692, stack(0x0000003e9a700000,0x0000003e9a800000)]
  0x0000017c1f98c020 JavaThread "Unconstrained build operations Thread 5" [_thread_blocked, id=27072, stack(0x0000003e9a800000,0x0000003e9a900000)]
  0x0000017c1f98de80 JavaThread "Unconstrained build operations Thread 6" [_thread_blocked, id=3696, stack(0x0000003e9a900000,0x0000003e9aa00000)]
  0x0000017c1f98fce0 JavaThread "Unconstrained build operations Thread 7" [_thread_blocked, id=23060, stack(0x0000003e9aa00000,0x0000003e9ab00000)]
  0x0000017c1f98c530 JavaThread "Unconstrained build operations Thread 8" [_thread_blocked, id=27912, stack(0x0000003e9ab00000,0x0000003e9ac00000)]
  0x0000017c1f9901f0 JavaThread "Unconstrained build operations Thread 9" [_thread_blocked, id=5516, stack(0x0000003e9ac00000,0x0000003e9ad00000)]
  0x0000017c1f990700 JavaThread "Unconstrained build operations Thread 10" [_thread_blocked, id=34880, stack(0x0000003e9ad00000,0x0000003e9ae00000)]
  0x0000017c1f98cf50 JavaThread "Unconstrained build operations Thread 11" [_thread_blocked, id=25604, stack(0x0000003e9ae00000,0x0000003e9af00000)]
  0x0000017c1f990c10 JavaThread "Unconstrained build operations Thread 12" [_thread_blocked, id=34820, stack(0x0000003e9af00000,0x0000003e9b000000)]
  0x0000017c1f991120 JavaThread "Unconstrained build operations Thread 13" [_thread_blocked, id=27696, stack(0x0000003e9b000000,0x0000003e9b100000)]
  0x0000017c1f991630 JavaThread "Unconstrained build operations Thread 14" [_thread_blocked, id=12684, stack(0x0000003e9b100000,0x0000003e9b200000)]
  0x0000017c1f991b40 JavaThread "Unconstrained build operations Thread 15" [_thread_blocked, id=16776, stack(0x0000003e9b200000,0x0000003e9b300000)]
  0x0000017c2015a1b0 JavaThread "Unconstrained build operations Thread 16" [_thread_blocked, id=14332, stack(0x0000003e9b300000,0x0000003e9b400000)]
  0x0000017c20158d70 JavaThread "Unconstrained build operations Thread 17" [_thread_blocked, id=22332, stack(0x0000003e9b400000,0x0000003e9b500000)]
  0x0000017c2015a6c0 JavaThread "Unconstrained build operations Thread 18" [_thread_blocked, id=4452, stack(0x0000003e9b500000,0x0000003e9b600000)]
  0x0000017c20158860 JavaThread "Unconstrained build operations Thread 19" [_thread_blocked, id=22536, stack(0x0000003e9b600000,0x0000003e9b700000)]
  0x0000017c20159280 JavaThread "Unconstrained build operations Thread 20" [_thread_blocked, id=13688, stack(0x0000003e9b700000,0x0000003e9b800000)]
  0x0000017c20159790 JavaThread "jar transforms Thread 4" [_thread_blocked, id=34332, stack(0x0000003e9b800000,0x0000003e9b900000)]
  0x0000017c20159ca0 JavaThread "jar transforms Thread 5" [_thread_blocked, id=7516, stack(0x0000003e9a200000,0x0000003e9a300000)]
  0x0000017c20158350 JavaThread "Unconstrained build operations Thread 21" [_thread_blocked, id=30504, stack(0x0000003e9b900000,0x0000003e9ba00000)]
  0x0000017c2015b5f0 JavaThread "Unconstrained build operations Thread 22" [_thread_blocked, id=3744, stack(0x0000003e9ba00000,0x0000003e9bb00000)]
  0x0000017c2015abd0 JavaThread "Unconstrained build operations Thread 23" [_thread_blocked, id=8916, stack(0x0000003e9bb00000,0x0000003e9bc00000)]
  0x0000017c20157e40 JavaThread "Unconstrained build operations Thread 24" [_thread_blocked, id=28432, stack(0x0000003e9bc00000,0x0000003e9bd00000)]
  0x0000017c2015b0e0 JavaThread "Unconstrained build operations Thread 25" [_thread_blocked, id=18572, stack(0x0000003e9bd00000,0x0000003e9be00000)]
  0x0000017c1fac24a0 JavaThread "Unconstrained build operations Thread 26" [_thread_blocked, id=30832, stack(0x0000003e9be00000,0x0000003e9bf00000)]
  0x0000017c1fac1f90 JavaThread "Unconstrained build operations Thread 27" [_thread_blocked, id=15076, stack(0x0000003e9bf00000,0x0000003e9c000000)]
  0x0000017c1fac33d0 JavaThread "Unconstrained build operations Thread 28" [_thread_blocked, id=35212, stack(0x0000003e9c000000,0x0000003e9c100000)]
  0x0000017c1fac38e0 JavaThread "Unconstrained build operations Thread 29" [_thread_blocked, id=11060, stack(0x0000003e9c100000,0x0000003e9c200000)]
  0x0000017c1fac29b0 JavaThread "Unconstrained build operations Thread 30" [_thread_blocked, id=4484, stack(0x0000003e9c200000,0x0000003e9c300000)]
  0x0000017c1fac2ec0 JavaThread "jar transforms Thread 6" [_thread_blocked, id=33388, stack(0x0000003e9c300000,0x0000003e9c400000)]
  0x0000017c1fac3df0 JavaThread "jar transforms Thread 7" [_thread_blocked, id=25520, stack(0x0000003e9c400000,0x0000003e9c500000)]
  0x0000017c1fac4300 JavaThread "Unconstrained build operations Thread 31" [_thread_blocked, id=23320, stack(0x0000003e9c500000,0x0000003e9c600000)]
  0x0000017c1fac4810 JavaThread "Unconstrained build operations Thread 32" [_thread_blocked, id=21720, stack(0x0000003e9c600000,0x0000003e9c700000)]
  0x0000017c1fac1060 JavaThread "Unconstrained build operations Thread 33" [_thread_blocked, id=23712, stack(0x0000003e9c700000,0x0000003e9c800000)]
  0x0000017c1fac4d20 JavaThread "Unconstrained build operations Thread 34" [_thread_blocked, id=16516, stack(0x0000003e9c800000,0x0000003e9c900000)]
  0x0000017c1fac1a80 JavaThread "Unconstrained build operations Thread 35" [_thread_blocked, id=35624, stack(0x0000003e9c900000,0x0000003e9ca00000)]
  0x0000017c1fac1570 JavaThread "Unconstrained build operations Thread 36" [_thread_blocked, id=22384, stack(0x0000003e9ca00000,0x0000003e9cb00000)]
  0x0000017c1fac6160 JavaThread "Unconstrained build operations Thread 37" [_thread_blocked, id=4724, stack(0x0000003e9cb00000,0x0000003e9cc00000)]
  0x0000017c1fac84d0 JavaThread "Unconstrained build operations Thread 38" [_thread_blocked, id=34808, stack(0x0000003e9cc00000,0x0000003e9cd00000)]
  0x0000017c1fac7fc0 JavaThread "Unconstrained build operations Thread 39" [_thread_blocked, id=6880, stack(0x0000003e9cd00000,0x0000003e9ce00000)]
  0x0000017c1fac5c50 JavaThread "Unconstrained build operations Thread 40" [_thread_blocked, id=14624, stack(0x0000003e9ce00000,0x0000003e9cf00000)]
  0x0000017c1fac7ab0 JavaThread "jar transforms Thread 8" [_thread_blocked, id=2280, stack(0x0000003e9cf00000,0x0000003e9d000000)]
  0x0000017c1fac6b80 JavaThread "jar transforms Thread 9" [_thread_blocked, id=15608, stack(0x0000003e9d000000,0x0000003e9d100000)]
  0x0000017c1fac89e0 JavaThread "Unconstrained build operations Thread 41" [_thread_blocked, id=25036, stack(0x0000003e9d100000,0x0000003e9d200000)]
  0x0000017c1fac6670 JavaThread "Unconstrained build operations Thread 42" [_thread_blocked, id=16604, stack(0x0000003e9d200000,0x0000003e9d300000)]
  0x0000017c1fac7090 JavaThread "Unconstrained build operations Thread 43" [_thread_blocked, id=34944, stack(0x0000003e9d300000,0x0000003e9d400000)]
  0x0000017c1fac5230 JavaThread "Unconstrained build operations Thread 44" [_thread_blocked, id=18028, stack(0x0000003e9d400000,0x0000003e9d500000)]
  0x0000017c1fac5740 JavaThread "Unconstrained build operations Thread 45" [_thread_blocked, id=26580, stack(0x0000003e9d500000,0x0000003e9d600000)]
  0x0000017c1fac75a0 JavaThread "Unconstrained build operations Thread 46" [_thread_blocked, id=26180, stack(0x0000003e9d600000,0x0000003e9d700000)]
  0x0000017c1fe76dd0 JavaThread "Unconstrained build operations Thread 47" [_thread_blocked, id=19652, stack(0x0000003e9d700000,0x0000003e9d800000)]
  0x0000017c1fe772e0 JavaThread "Unconstrained build operations Thread 48" [_thread_blocked, id=9528, stack(0x0000003e9d800000,0x0000003e9d900000)]
  0x0000017c1fe78720 JavaThread "Unconstrained build operations Thread 49" [_thread_blocked, id=24368, stack(0x0000003e9d900000,0x0000003e9da00000)]
  0x0000017c1fe777f0 JavaThread "Unconstrained build operations Thread 50" [_thread_blocked, id=13620, stack(0x0000003e9da00000,0x0000003e9db00000)]
  0x0000017c1fe78210 JavaThread "jar transforms Thread 10" [_thread_blocked, id=29740, stack(0x0000003e9db00000,0x0000003e9dc00000)]
  0x0000017c1fe768c0 JavaThread "jar transforms Thread 11" [_thread_blocked, id=29700, stack(0x0000003e9dc00000,0x0000003e9dd00000)]
  0x0000017c1fe75480 JavaThread "Unconstrained build operations Thread 51" [_thread_blocked, id=24148, stack(0x0000003e9dd00000,0x0000003e9de00000)]
  0x0000017c1fe77d00 JavaThread "Unconstrained build operations Thread 52" [_thread_blocked, id=16724, stack(0x0000003e9de00000,0x0000003e9df00000)]
  0x0000017c1fe75990 JavaThread "Unconstrained build operations Thread 53" [_thread_blocked, id=33904, stack(0x0000003e9df00000,0x0000003e9e000000)]
  0x0000017c1fe78c30 JavaThread "Unconstrained build operations Thread 54" [_thread_blocked, id=6704, stack(0x0000003e9e000000,0x0000003e9e100000)]
  0x0000017c1fe79140 JavaThread "Unconstrained build operations Thread 55" [_thread_blocked, id=24232, stack(0x0000003e9e100000,0x0000003e9e200000)]
  0x0000017c1fe79650 JavaThread "Unconstrained build operations Thread 56" [_thread_blocked, id=10756, stack(0x0000003e9e200000,0x0000003e9e300000)]
  0x0000017c1fe75ea0 JavaThread "Unconstrained build operations Thread 57" [_thread_blocked, id=12412, stack(0x0000003e9e300000,0x0000003e9e400000)]
  0x0000017c1fe79b60 JavaThread "Unconstrained build operations Thread 58" [_thread_blocked, id=25292, stack(0x0000003e9e400000,0x0000003e9e500000)]
  0x0000017c1fe763b0 JavaThread "Unconstrained build operations Thread 59" [_thread_blocked, id=29524, stack(0x0000003e9e500000,0x0000003e9e600000)]
  0x0000017c1fe7c8f0 JavaThread "Unconstrained build operations Thread 60" [_thread_blocked, id=10336, stack(0x0000003e9e600000,0x0000003e9e700000)]
  0x0000017c1fe7a070 JavaThread "jar transforms Thread 12" [_thread_blocked, id=33760, stack(0x0000003e9e700000,0x0000003e9e800000)]
  0x0000017c1fe7aa90 JavaThread "jar transforms Thread 13" [_thread_blocked, id=33684, stack(0x0000003e9e800000,0x0000003e9e900000)]
  0x0000017c1fe7ce00 JavaThread "jar transforms Thread 14" [_thread_blocked, id=26452, stack(0x0000003e9e900000,0x0000003e9ea00000)]
  0x0000017c1fe7c3e0 JavaThread "Unconstrained build operations Thread 61" [_thread_blocked, id=19240, stack(0x0000003e9eb00000,0x0000003e9ec00000)]
  0x0000017c1fe7b4b0 JavaThread "Unconstrained build operations Thread 62" [_thread_blocked, id=26276, stack(0x0000003e9ec00000,0x0000003e9ed00000)]
  0x0000017c1fe7b9c0 JavaThread "Unconstrained build operations Thread 63" [_thread_blocked, id=23644, stack(0x0000003e9ed00000,0x0000003e9ee00000)]
  0x0000017c1d908e00 JavaThread "Unconstrained build operations Thread 64" [_thread_blocked, id=26788, stack(0x0000003e9ee00000,0x0000003e9ef00000)]
  0x0000017c208d0610 JavaThread "Unconstrained build operations Thread 65" [_thread_blocked, id=33368, stack(0x0000003e9ef00000,0x0000003e9f000000)]
  0x0000017c208cf1d0 JavaThread "Unconstrained build operations Thread 66" [_thread_blocked, id=22724, stack(0x0000003e9f000000,0x0000003e9f100000)]
  0x0000017c208cdd90 JavaThread "Unconstrained build operations Thread 67" [_thread_blocked, id=19116, stack(0x0000003e98200000,0x0000003e98300000)]
  0x0000017c208d1a50 JavaThread "Unconstrained build operations Thread 68" [_thread_blocked, id=17256, stack(0x0000003e9f100000,0x0000003e9f200000)]
  0x0000017c208cf6e0 JavaThread "Unconstrained build operations Thread 69" [_thread_blocked, id=17880, stack(0x0000003e9f200000,0x0000003e9f300000)]
  0x0000017c208d0100 JavaThread "Unconstrained build operations Thread 70" [_thread_blocked, id=13272, stack(0x0000003e9f300000,0x0000003e9f400000)]
  0x0000017c208ce2a0 JavaThread "Unconstrained build operations Thread 71" [_thread_blocked, id=25820, stack(0x0000003e9f400000,0x0000003e9f500000)]
  0x0000017c208ce7b0 JavaThread "Unconstrained build operations Thread 72" [_thread_blocked, id=34852, stack(0x0000003e9f500000,0x0000003e9f600000)]
  0x0000017c208d1f60 JavaThread "Unconstrained build operations Thread 73" [_thread_blocked, id=30620, stack(0x0000003e9f600000,0x0000003e9f700000)]
  0x0000017c208d2470 JavaThread "Unconstrained build operations Thread 74" [_thread_blocked, id=30356, stack(0x0000003e9f700000,0x0000003e9f800000)]
  0x0000017c208cecc0 JavaThread "Unconstrained build operations Thread 75" [_thread_blocked, id=14520, stack(0x0000003e9f800000,0x0000003e9f900000)]
  0x0000017c208d4cf0 JavaThread "Unconstrained build operations Thread 76" [_thread_blocked, id=3884, stack(0x0000003e9f900000,0x0000003e9fa00000)]
  0x0000017c208d33a0 JavaThread "Unconstrained build operations Thread 77" [_thread_blocked, id=15124, stack(0x0000003e9fa00000,0x0000003e9fb00000)]
  0x0000017c208d2980 JavaThread "Unconstrained build operations Thread 78" [_thread_blocked, id=992, stack(0x0000003e9fb00000,0x0000003e9fc00000)]
  0x0000017c208d2e90 JavaThread "Unconstrained build operations Thread 79" [_thread_blocked, id=28268, stack(0x0000003e9fc00000,0x0000003e9fd00000)]
  0x0000017c208d5200 JavaThread "Unconstrained build operations Thread 80" [_thread_blocked, id=16828, stack(0x0000003e9fd00000,0x0000003e9fe00000)]
  0x0000017c208d38b0 JavaThread "Unconstrained build operations Thread 81" [_thread_blocked, id=31832, stack(0x0000003e9fe00000,0x0000003e9ff00000)]
  0x0000017c208d47e0 JavaThread "Unconstrained build operations Thread 82" [_thread_blocked, id=33300, stack(0x0000003e9ff00000,0x0000003ea0000000)]
  0x0000017c208d3dc0 JavaThread "Unconstrained build operations Thread 83" [_thread_blocked, id=33816, stack(0x0000003ea0000000,0x0000003ea0100000)]
  0x0000017c208d42d0 JavaThread "Unconstrained build operations Thread 84" [_thread_blocked, id=32240, stack(0x0000003ea0100000,0x0000003ea0200000)]
  0x0000017c1f510fd0 JavaThread "Unconstrained build operations Thread 85" [_thread_blocked, id=5656, stack(0x0000003ea0200000,0x0000003ea0300000)]
  0x0000017c1f510ac0 JavaThread "Unconstrained build operations Thread 86" [_thread_blocked, id=32676, stack(0x0000003ea0300000,0x0000003ea0400000)]
  0x0000017c1f50d820 JavaThread "Unconstrained build operations Thread 87" [_thread_blocked, id=33892, stack(0x0000003ea0400000,0x0000003ea0500000)]
  0x0000017c1f50ec60 JavaThread "Unconstrained build operations Thread 88" [_thread_blocked, id=7752, stack(0x0000003ea0500000,0x0000003ea0600000)]
  0x0000017c1f50f170 JavaThread "Unconstrained build operations Thread 89" [_thread_blocked, id=9388, stack(0x0000003ea0600000,0x0000003ea0700000)]
  0x0000017c1f5114e0 JavaThread "Unconstrained build operations Thread 90" [_thread_blocked, id=3660, stack(0x0000003ea0700000,0x0000003ea0800000)]
  0x0000017c1f5100a0 JavaThread "Unconstrained build operations Thread 91" [_thread_blocked, id=30728, stack(0x0000003ea0800000,0x0000003ea0900000)]
  0x0000017c1f50fb90 JavaThread "Unconstrained build operations Thread 92" [_thread_blocked, id=33676, stack(0x0000003ea0900000,0x0000003ea0a00000)]
  0x0000017c1f50dd30 JavaThread "Unconstrained build operations Thread 93" [_thread_blocked, id=16072, stack(0x0000003ea0a00000,0x0000003ea0b00000)]
  0x0000017c1f50f680 JavaThread "Unconstrained build operations Thread 94" [_thread_blocked, id=19244, stack(0x0000003ea0b00000,0x0000003ea0c00000)]
  0x0000017c1f5105b0 JavaThread "Unconstrained build operations Thread 95" [_thread_blocked, id=6080, stack(0x0000003ea0c00000,0x0000003ea0d00000)]
  0x0000017c1f5119f0 JavaThread "Unconstrained build operations Thread 96" [_thread_blocked, id=6716, stack(0x0000003ea0d00000,0x0000003ea0e00000)]
  0x0000017c1f50e750 JavaThread "Unconstrained build operations Thread 97" [_thread_blocked, id=12656, stack(0x0000003ea0e00000,0x0000003ea0f00000)]
  0x0000017c1f50e240 JavaThread "Unconstrained build operations Thread 98" [_thread_blocked, id=28920, stack(0x0000003ea0f00000,0x0000003ea1000000)]
  0x0000017c1f511f00 JavaThread "Unconstrained build operations Thread 99" [_thread_blocked, id=16592, stack(0x0000003ea1000000,0x0000003ea1100000)]
  0x0000017c1f512410 JavaThread "Unconstrained build operations Thread 100" [_thread_blocked, id=848, stack(0x0000003ea1100000,0x0000003ea1200000)]
  0x0000017c1f513d60 JavaThread "Unconstrained build operations Thread 101" [_thread_blocked, id=18916, stack(0x0000003ea1200000,0x0000003ea1300000)]
  0x0000017c1f512920 JavaThread "Unconstrained build operations Thread 102" [_thread_blocked, id=34644, stack(0x0000003ea1300000,0x0000003ea1400000)]
  0x0000017c1f514780 JavaThread "Unconstrained build operations Thread 103" [_thread_blocked, id=32996, stack(0x0000003ea1400000,0x0000003ea1500000)]
  0x0000017c1f512e30 JavaThread "Unconstrained build operations Thread 104" [_thread_blocked, id=34192, stack(0x0000003ea1500000,0x0000003ea1600000)]
  0x0000017c1f513340 JavaThread "Unconstrained build operations Thread 105" [_thread_blocked, id=29504, stack(0x0000003ea1600000,0x0000003ea1700000)]
  0x0000017c1f514270 JavaThread "Unconstrained build operations Thread 106" [_thread_blocked, id=35448, stack(0x0000003ea1700000,0x0000003ea1800000)]
  0x0000017c1f5151a0 JavaThread "Unconstrained build operations Thread 107" [_thread_blocked, id=26728, stack(0x0000003ea1800000,0x0000003ea1900000)]
  0x0000017c1f514c90 JavaThread "Unconstrained build operations Thread 108" [_thread_blocked, id=4444, stack(0x0000003ea1900000,0x0000003ea1a00000)]
  0x0000017c1cdea430 JavaThread "Unconstrained build operations Thread 109" [_thread_blocked, id=35708, stack(0x0000003ea1a00000,0x0000003ea1b00000)]
  0x0000017c1cdec290 JavaThread "Unconstrained build operations Thread 110" [_thread_blocked, id=10528, stack(0x0000003ea1b00000,0x0000003ea1c00000)]
  0x0000017c1cdea940 JavaThread "Unconstrained build operations Thread 111" [_thread_blocked, id=3720, stack(0x0000003ea1c00000,0x0000003ea1d00000)]
  0x0000017c1cde9500 JavaThread "Memory manager" [_thread_blocked, id=31776, stack(0x0000003ea1f00000,0x0000003ea2000000)]
  0x0000017c1cdee0f0 JavaThread "Exec process" [_thread_blocked, id=19032, stack(0x0000003ea2200000,0x0000003ea2300000)]
  0x0000017c1cdefa40 JavaThread "Exec process Thread 2" [_thread_blocked, id=24028, stack(0x0000003ea2300000,0x0000003ea2400000)]
  0x0000017c1cdf0970 JavaThread "Exec process Thread 3" [_thread_blocked, id=3116, stack(0x0000003ea2400000,0x0000003ea2500000)]
  0x0000017c1cdef020 JavaThread "included builds" [_thread_blocked, id=35328, stack(0x0000003e98100000,0x0000003e98200000)]
  0x0000017c21613be0 JavaThread "Unconstrained build operations Thread 112" [_thread_blocked, id=14180, stack(0x0000003e97700000,0x0000003e97800000)]
  0x0000017c216140f0 JavaThread "Unconstrained build operations Thread 113" [_thread_blocked, id=27732, stack(0x0000003ea3500000,0x0000003ea3600000)]
  0x0000017c21615020 JavaThread "Unconstrained build operations Thread 114" [_thread_blocked, id=33268, stack(0x0000003ea3600000,0x0000003ea3700000)]
  0x0000017c21614600 JavaThread "Unconstrained build operations Thread 115" [_thread_blocked, id=33212, stack(0x0000003ea3700000,0x0000003ea3800000)]
  0x0000017c21615f50 JavaThread "Unconstrained build operations Thread 116" [_thread_blocked, id=16288, stack(0x0000003ea3800000,0x0000003ea3900000)]
  0x0000017c217bc470 JavaThread "Unconstrained build operations Thread 117" [_thread_blocked, id=3120, stack(0x0000003ea3900000,0x0000003ea3a00000)]
  0x0000017c217bba50 JavaThread "Unconstrained build operations Thread 118" [_thread_blocked, id=5812, stack(0x0000003ea3a00000,0x0000003ea3b00000)]
  0x0000017c217ba100 JavaThread "Unconstrained build operations Thread 119" [_thread_blocked, id=5604, stack(0x0000003ea3b00000,0x0000003ea3c00000)]
  0x0000017c217bb540 JavaThread "Unconstrained build operations Thread 120" [_thread_blocked, id=25812, stack(0x0000003ea3c00000,0x0000003ea3d00000)]
  0x0000017c217bbf60 JavaThread "Unconstrained build operations Thread 121" [_thread_blocked, id=240, stack(0x0000003ea3d00000,0x0000003ea3e00000)]
  0x0000017c217b8cc0 JavaThread "Unconstrained build operations Thread 122" [_thread_blocked, id=8272, stack(0x0000003ea3e00000,0x0000003ea3f00000)]
  0x0000017c217ba610 JavaThread "Unconstrained build operations Thread 123" [_thread_blocked, id=34368, stack(0x0000003ea3f00000,0x0000003ea4000000)]
  0x0000017c217b9bf0 JavaThread "Unconstrained build operations Thread 124" [_thread_blocked, id=34748, stack(0x0000003ea4000000,0x0000003ea4100000)]
  0x0000017c217b96e0 JavaThread "Unconstrained build operations Thread 125" [_thread_blocked, id=5984, stack(0x0000003ea4100000,0x0000003ea4200000)]
  0x0000017c217bab20 JavaThread "Unconstrained build operations Thread 126" [_thread_blocked, id=33720, stack(0x0000003ea4200000,0x0000003ea4300000)]
  0x0000017c217b91d0 JavaThread "Unconstrained build operations Thread 127" [_thread_blocked, id=29988, stack(0x0000003ea4300000,0x0000003ea4400000)]
  0x0000017c217bb030 JavaThread "Unconstrained build operations Thread 128" [_thread_blocked, id=32220, stack(0x0000003ea4400000,0x0000003ea4500000)]
  0x0000017c1e2e8a20 JavaThread "Unconstrained build operations Thread 129" [_thread_blocked, id=14504, stack(0x0000003ea4500000,0x0000003ea4600000)]
  0x0000017c1e2e8f30 JavaThread "Unconstrained build operations Thread 130" [_thread_blocked, id=28460, stack(0x0000003ea4600000,0x0000003ea4700000)]
  0x0000017c1e2e70d0 JavaThread "Unconstrained build operations Thread 131" [_thread_blocked, id=15844, stack(0x0000003ea4700000,0x0000003ea4800000)]
  0x0000017c1e2e9950 JavaThread "Unconstrained build operations Thread 132" [_thread_blocked, id=31492, stack(0x0000003ea4800000,0x0000003ea4900000)]
  0x0000017c1e2e9e60 JavaThread "Unconstrained build operations Thread 133" [_thread_blocked, id=20684, stack(0x0000003ea4900000,0x0000003ea4a00000)]
  0x0000017c1e2e66b0 JavaThread "Unconstrained build operations Thread 134" [_thread_blocked, id=8548, stack(0x0000003ea4a00000,0x0000003ea4b00000)]
  0x0000017c1e2e9440 JavaThread "Unconstrained build operations Thread 135" [_thread_blocked, id=28772, stack(0x0000003ea4b00000,0x0000003ea4c00000)]
  0x0000017c1e2e8000 JavaThread "Unconstrained build operations Thread 136" [_thread_blocked, id=25960, stack(0x0000003ea4c00000,0x0000003ea4d00000)]
  0x0000017c1e2ea370 JavaThread "Unconstrained build operations Thread 137" [_thread_blocked, id=18964, stack(0x0000003ea4d00000,0x0000003ea4e00000)]
  0x0000017c1e2e6bc0 JavaThread "Unconstrained build operations Thread 138" [_thread_blocked, id=23696, stack(0x0000003ea4e00000,0x0000003ea4f00000)]
  0x0000017c1e2e8510 JavaThread "Unconstrained build operations Thread 139" [_thread_blocked, id=32496, stack(0x0000003ea4f00000,0x0000003ea5000000)]
  0x0000017c1e2ea880 JavaThread "Unconstrained build operations Thread 140" [_thread_blocked, id=19932, stack(0x0000003ea5000000,0x0000003ea5100000)]
  0x0000017c1e2ead90 JavaThread "Unconstrained build operations Thread 141" [_thread_blocked, id=34448, stack(0x0000003ea5100000,0x0000003ea5200000)]
  0x0000017c1e2e75e0 JavaThread "Unconstrained build operations Thread 142" [_thread_blocked, id=7372, stack(0x0000003ea5200000,0x0000003ea5300000)]
  0x0000017c1e2eb2a0 JavaThread "Unconstrained build operations Thread 143" [_thread_blocked, id=10944, stack(0x0000003ea5300000,0x0000003ea5400000)]
  0x0000017c1e2e7af0 JavaThread "Unconstrained build operations Thread 144" [_thread_blocked, id=2776, stack(0x0000003ea5400000,0x0000003ea5500000)]
  0x0000017c1e2eb7b0 JavaThread "Unconstrained build operations Thread 145" [_thread_blocked, id=22816, stack(0x0000003ea5500000,0x0000003ea5600000)]
  0x0000017c1e2ecbf0 JavaThread "Unconstrained build operations Thread 146" [_thread_blocked, id=11612, stack(0x0000003ea5600000,0x0000003ea5700000)]
  0x0000017c1e2ebcc0 JavaThread "Unconstrained build operations Thread 147" [_thread_blocked, id=12132, stack(0x0000003ea5700000,0x0000003ea5800000)]
  0x0000017c1e2ec1d0 JavaThread "Unconstrained build operations Thread 148" [_thread_blocked, id=21404, stack(0x0000003ea5800000,0x0000003ea5900000)]
  0x0000017c1e2ed100 JavaThread "Unconstrained build operations Thread 149" [_thread_blocked, id=2748, stack(0x0000003ea5900000,0x0000003ea5a00000)]
  0x0000017c1e2ec6e0 JavaThread "Unconstrained build operations Thread 150" [_thread_blocked, id=32332, stack(0x0000003ea5a00000,0x0000003ea5b00000)]
  0x0000017c1e2ed610 JavaThread "Unconstrained build operations Thread 151" [_thread_blocked, id=28732, stack(0x0000003ea5b00000,0x0000003ea5c00000)]
  0x0000017c1e2edb20 JavaThread "Unconstrained build operations Thread 152" [_thread_blocked, id=13212, stack(0x0000003ea5c00000,0x0000003ea5d00000)]
  0x0000017c21060510 JavaThread "WorkerExecutor Queue" [_thread_blocked, id=30236, stack(0x0000003ea5e00000,0x0000003ea5f00000)]
  0x0000017c21060a20 JavaThread "RMI Scheduler(0)" daemon [_thread_blocked, id=28796, stack(0x0000003ea5f00000,0x0000003ea6000000)]
  0x0000017c21061e60 JavaThread "RMI RenewClean-[127.0.0.1:17024,org.jetbrains.kotlin.daemon.common.LoopbackNetworkInterface$ClientLoopbackSocketFactory@174e5f68]" daemon [_thread_blocked, id=25288, stack(0x0000003ea6000000,0x0000003ea6100000)]
  0x0000017c21060000 JavaThread "RMI GC Daemon" daemon [_thread_blocked, id=10308, stack(0x0000003ea6100000,0x0000003ea6200000)]
  0x0000017c21061950 JavaThread "RMI TCP Accept-0" daemon [_thread_in_native, id=25888, stack(0x0000003ea6200000,0x0000003ea6300000)]
  0x0000017c21063cc0 JavaThread "RMI Reaper" [_thread_blocked, id=35824, stack(0x0000003ea6300000,0x0000003ea6400000)]
  0x0000017c21062880 JavaThread "RMI TCP Connection(idle)" daemon [_thread_blocked, id=34076, stack(0x0000003ea6600000,0x0000003ea6700000)]
  0x0000017c210646e0 JavaThread "DisconnectableInputStream source reader" daemon [_thread_blocked, id=14320, stack(0x0000003e99900000,0x0000003e99a00000)]

Other Threads:
  0x0000017c02e81cb0 VMThread "VM Thread" [stack: 0x0000003e96d00000,0x0000003e96e00000] [id=28144]
  0x0000017c1c211520 WatcherThread [stack: 0x0000003e97a00000,0x0000003e97b00000] [id=30284]
  0x0000017c644fec70 GCTaskThread "GC Thread#0" [stack: 0x0000003e96800000,0x0000003e96900000] [id=4516]
  0x0000017c1c4d88c0 GCTaskThread "GC Thread#1" [stack: 0x0000003e97b00000,0x0000003e97c00000] [id=24616]
  0x0000017c1c4d7050 GCTaskThread "GC Thread#2" [stack: 0x0000003e97c00000,0x0000003e97d00000] [id=25908]
  0x0000017c1c4d7310 GCTaskThread "GC Thread#3" [stack: 0x0000003e97d00000,0x0000003e97e00000] [id=16080]
  0x0000017c1c4d75d0 GCTaskThread "GC Thread#4" [stack: 0x0000003e97e00000,0x0000003e97f00000] [id=34116]
  0x0000017c1c4eb760 GCTaskThread "GC Thread#5" [stack: 0x0000003e97f00000,0x0000003e98000000] [id=26128]
  0x0000017c1c4eba20 GCTaskThread "GC Thread#6" [stack: 0x0000003e98f00000,0x0000003e99000000] [id=16648]
  0x0000017c1c4eb1e0 GCTaskThread "GC Thread#7" [stack: 0x0000003e99000000,0x0000003e99100000] [id=17192]
  0x0000017c1c4ec7e0 GCTaskThread "GC Thread#8" [stack: 0x0000003e99100000,0x0000003e99200000] [id=34000]
  0x0000017c1c4eb4a0 GCTaskThread "GC Thread#9" [stack: 0x0000003e99200000,0x0000003e99300000] [id=15240]
  0x0000017c1c4ebce0 GCTaskThread "GC Thread#10" [stack: 0x0000003e99300000,0x0000003e99400000] [id=10116]
  0x0000017c1c4ebfa0 GCTaskThread "GC Thread#11" [stack: 0x0000003e99400000,0x0000003e99500000] [id=21832]
  0x0000017c1f35a060 GCTaskThread "GC Thread#12" [stack: 0x0000003e99500000,0x0000003e99600000] [id=13256]
  0x0000017c645047a0 ConcurrentGCThread "G1 Main Marker" [stack: 0x0000003e96900000,0x0000003e96a00000] [id=31892]
  0x0000017c645050d0 ConcurrentGCThread "G1 Conc#0" [stack: 0x0000003e96a00000,0x0000003e96b00000] [id=20308]
  0x0000017c1f35d1e0 ConcurrentGCThread "G1 Conc#1" [stack: 0x0000003e99600000,0x0000003e99700000] [id=3500]
  0x0000017c1f35b3a0 ConcurrentGCThread "G1 Conc#2" [stack: 0x0000003e99700000,0x0000003e99800000] [id=35460]
  0x0000017c6457d7d0 ConcurrentGCThread "G1 Refine#0" [stack: 0x0000003e96b00000,0x0000003e96c00000] [id=5232]
  0x0000017c6457e110 ConcurrentGCThread "G1 Service" [stack: 0x0000003e96c00000,0x0000003e96d00000] [id=19892]

Threads with active compile tasks:
C2 CompilerThread0  50663 12095   !   4       java.io.ObjectOutputStream::writeObject0 (620 bytes)

VM state: not at safepoint (normal execution)

VM Mutex/Monitor currently owned by a thread: None

Heap address: 0x00000000e0000000, size: 512 MB, Compressed Oops mode: 32-bit

CDS archive(s) mapped at: [0x0000017c03000000-0x0000017c03bc0000-0x0000017c03bc0000), size 12320768, SharedBaseAddress: 0x0000017c03000000, ArchiveRelocationMode: 1.
Compressed class space mapped at: 0x0000017c04000000-0x0000017c18000000, reserved size: 335544320
Narrow klass base: 0x0000017c03000000, Narrow klass shift: 0, Narrow klass range: 0x100000000

GC Precious Log:
 CPUs: 16 total, 16 available
 Memory: 7876M
 Large Page Support: Disabled
 NUMA Support: Disabled
 Compressed Oops: Enabled (32-bit)
 Heap Region Size: 1M
 Heap Min Capacity: 256M
 Heap Initial Capacity: 256M
 Heap Max Capacity: 512M
 Pre-touch: Disabled
 Parallel Workers: 13
 Concurrent Workers: 3
 Concurrent Refinement Workers: 13
 Periodic GC: Disabled

Heap:
 garbage-first heap   total 262144K, used 179656K [0x00000000e0000000, 0x0000000100000000)
  region size 1024K, 104 young (106496K), 12 survivors (12288K)
 Metaspace       used 83506K, committed 84608K, reserved 458752K
  class space    used 11727K, committed 12288K, reserved 327680K

Heap Regions: E=young(eden), S=young(survivor), O=old, HS=humongous(starts), HC=humongous(continues), CS=collection set, F=free, OA=open archive, CA=closed archive, TAMS=top-at-mark-start (previous, next)
|   0|0x00000000e0000000, 0x00000000e0100000, 0x00000000e0100000|100%|HS|  |TAMS 0x00000000e0100000, 0x00000000e0000000| Complete 
|   1|0x00000000e0100000, 0x00000000e0200000, 0x00000000e0200000|100%|HC|  |TAMS 0x00000000e0200000, 0x00000000e0100000| Complete 
|   2|0x00000000e0200000, 0x00000000e0300000, 0x00000000e0300000|100%|HC|  |TAMS 0x00000000e0300000, 0x00000000e0200000| Complete 
|   3|0x00000000e0300000, 0x00000000e0400000, 0x00000000e0400000|100%| O|  |TAMS 0x00000000e0300000, 0x00000000e0300000| Untracked 
|   4|0x00000000e0400000, 0x00000000e0500000, 0x00000000e0500000|100%| O|  |TAMS 0x00000000e0500000, 0x00000000e0400000| Untracked 
|   5|0x00000000e0500000, 0x00000000e0600000, 0x00000000e0600000|100%| O|  |TAMS 0x00000000e0600000, 0x00000000e0500000| Untracked 
|   6|0x00000000e0600000, 0x00000000e0700000, 0x00000000e0700000|100%|HS|  |TAMS 0x00000000e0700000, 0x00000000e0600000| Complete 
|   7|0x00000000e0700000, 0x00000000e0800000, 0x00000000e0800000|100%| O|  |TAMS 0x00000000e0800000, 0x00000000e0700000| Untracked 
|   8|0x00000000e0800000, 0x00000000e0900000, 0x00000000e0900000|100%| O|  |TAMS 0x00000000e0900000, 0x00000000e0800000| Untracked 
|   9|0x00000000e0900000, 0x00000000e0a00000, 0x00000000e0a00000|100%| O|  |TAMS 0x00000000e0a00000, 0x00000000e0900000| Untracked 
|  10|0x00000000e0a00000, 0x00000000e0b00000, 0x00000000e0b00000|100%| O|  |TAMS 0x00000000e0b00000, 0x00000000e0a00000| Untracked 
|  11|0x00000000e0b00000, 0x00000000e0c00000, 0x00000000e0c00000|100%| O|  |TAMS 0x00000000e0c00000, 0x00000000e0b00000| Untracked 
|  12|0x00000000e0c00000, 0x00000000e0d00000, 0x00000000e0d00000|100%| O|  |TAMS 0x00000000e0d00000, 0x00000000e0c00000| Untracked 
|  13|0x00000000e0d00000, 0x00000000e0e00000, 0x00000000e0e00000|100%| O|  |TAMS 0x00000000e0e00000, 0x00000000e0d00000| Untracked 
|  14|0x00000000e0e00000, 0x00000000e0f00000, 0x00000000e0f00000|100%| O|  |TAMS 0x00000000e0f00000, 0x00000000e0e00000| Untracked 
|  15|0x00000000e0f00000, 0x00000000e1000000, 0x00000000e1000000|100%| O|  |TAMS 0x00000000e1000000, 0x00000000e0f00000| Untracked 
|  16|0x00000000e1000000, 0x00000000e1100000, 0x00000000e1100000|100%| O|  |TAMS 0x00000000e1100000, 0x00000000e1000000| Untracked 
|  17|0x00000000e1100000, 0x00000000e1200000, 0x00000000e1200000|100%| O|  |TAMS 0x00000000e1200000, 0x00000000e1100000| Untracked 
|  18|0x00000000e1200000, 0x00000000e1300000, 0x00000000e1300000|100%| O|  |TAMS 0x00000000e1300000, 0x00000000e1200000| Untracked 
|  19|0x00000000e1300000, 0x00000000e1400000, 0x00000000e1400000|100%| O|  |TAMS 0x00000000e1400000, 0x00000000e1300000| Untracked 
|  20|0x00000000e1400000, 0x00000000e1500000, 0x00000000e1500000|100%| O|  |TAMS 0x00000000e1500000, 0x00000000e1400000| Untracked 
|  21|0x00000000e1500000, 0x00000000e1600000, 0x00000000e1600000|100%| O|  |TAMS 0x00000000e1600000, 0x00000000e1500000| Untracked 
|  22|0x00000000e1600000, 0x00000000e1700000, 0x00000000e1700000|100%| O|  |TAMS 0x00000000e1700000, 0x00000000e1600000| Untracked 
|  23|0x00000000e1700000, 0x00000000e1800000, 0x00000000e1800000|100%| O|  |TAMS 0x00000000e1800000, 0x00000000e1700000| Untracked 
|  24|0x00000000e1800000, 0x00000000e1900000, 0x00000000e1900000|100%| O|  |TAMS 0x00000000e1900000, 0x00000000e1800000| Untracked 
|  25|0x00000000e1900000, 0x00000000e1a00000, 0x00000000e1a00000|100%| O|  |TAMS 0x00000000e1a00000, 0x00000000e1900000| Untracked 
|  26|0x00000000e1a00000, 0x00000000e1b00000, 0x00000000e1b00000|100%| O|  |TAMS 0x00000000e1b00000, 0x00000000e1a00000| Untracked 
|  27|0x00000000e1b00000, 0x00000000e1c00000, 0x00000000e1c00000|100%| O|  |TAMS 0x00000000e1c00000, 0x00000000e1b00000| Untracked 
|  28|0x00000000e1c00000, 0x00000000e1d00000, 0x00000000e1d00000|100%| O|  |TAMS 0x00000000e1d00000, 0x00000000e1c00000| Untracked 
|  29|0x00000000e1d00000, 0x00000000e1e00000, 0x00000000e1e00000|100%| O|  |TAMS 0x00000000e1e00000, 0x00000000e1d00000| Untracked 
|  30|0x00000000e1e00000, 0x00000000e1f00000, 0x00000000e1f00000|100%| O|  |TAMS 0x00000000e1e05e00, 0x00000000e1e00000| Untracked 
|  31|0x00000000e1f00000, 0x00000000e2000000, 0x00000000e2000000|100%|HS|  |TAMS 0x00000000e2000000, 0x00000000e1f00000| Complete 
|  32|0x00000000e2000000, 0x00000000e2100000, 0x00000000e2100000|100%|HC|  |TAMS 0x00000000e2100000, 0x00000000e2000000| Complete 
|  33|0x00000000e2100000, 0x00000000e2200000, 0x00000000e2200000|100%|HS|  |TAMS 0x00000000e2200000, 0x00000000e2100000| Complete 
|  34|0x00000000e2200000, 0x00000000e2300000, 0x00000000e2300000|100%|HC|  |TAMS 0x00000000e2300000, 0x00000000e2200000| Complete 
|  35|0x00000000e2300000, 0x00000000e2400000, 0x00000000e2400000|100%|HS|  |TAMS 0x00000000e2400000, 0x00000000e2300000| Complete 
|  36|0x00000000e2400000, 0x00000000e2500000, 0x00000000e2500000|100%|HC|  |TAMS 0x00000000e2500000, 0x00000000e2400000| Complete 
|  37|0x00000000e2500000, 0x00000000e2600000, 0x00000000e2600000|100%| O|  |TAMS 0x00000000e2500000, 0x00000000e2500000| Untracked 
|  38|0x00000000e2600000, 0x00000000e2700000, 0x00000000e2700000|100%| O|  |TAMS 0x00000000e2600000, 0x00000000e2600000| Untracked 
|  39|0x00000000e2700000, 0x00000000e2800000, 0x00000000e2800000|100%| O|  |TAMS 0x00000000e2700000, 0x00000000e2700000| Untracked 
|  40|0x00000000e2800000, 0x00000000e2900000, 0x00000000e2900000|100%| O|  |TAMS 0x00000000e2800000, 0x00000000e2800000| Untracked 
|  41|0x00000000e2900000, 0x00000000e2a00000, 0x00000000e2a00000|100%| O|  |TAMS 0x00000000e2900000, 0x00000000e2900000| Untracked 
|  42|0x00000000e2a00000, 0x00000000e2b00000, 0x00000000e2b00000|100%| O|  |TAMS 0x00000000e2a00000, 0x00000000e2a00000| Untracked 
|  43|0x00000000e2b00000, 0x00000000e2c00000, 0x00000000e2c00000|100%| O|  |TAMS 0x00000000e2b00000, 0x00000000e2b00000| Untracked 
|  44|0x00000000e2c00000, 0x00000000e2d00000, 0x00000000e2d00000|100%| O|  |TAMS 0x00000000e2c00000, 0x00000000e2c00000| Untracked 
|  45|0x00000000e2d00000, 0x00000000e2e00000, 0x00000000e2e00000|100%|HS|  |TAMS 0x00000000e2d00000, 0x00000000e2d00000| Complete 
|  46|0x00000000e2e00000, 0x00000000e2f00000, 0x00000000e2f00000|100%|HC|  |TAMS 0x00000000e2e00000, 0x00000000e2e00000| Complete 
|  47|0x00000000e2f00000, 0x00000000e3000000, 0x00000000e3000000|100%|HC|  |TAMS 0x00000000e2f00000, 0x00000000e2f00000| Complete 
|  48|0x00000000e3000000, 0x00000000e3100000, 0x00000000e3100000|100%|HC|  |TAMS 0x00000000e3000000, 0x00000000e3000000| Complete 
|  49|0x00000000e3100000, 0x00000000e3200000, 0x00000000e3200000|100%|HS|  |TAMS 0x00000000e3100000, 0x00000000e3100000| Complete 
|  50|0x00000000e3200000, 0x00000000e3300000, 0x00000000e3300000|100%|HC|  |TAMS 0x00000000e3200000, 0x00000000e3200000| Complete 
|  51|0x00000000e3300000, 0x00000000e3400000, 0x00000000e3400000|100%|HC|  |TAMS 0x00000000e3300000, 0x00000000e3300000| Complete 
|  52|0x00000000e3400000, 0x00000000e3500000, 0x00000000e3500000|100%|HC|  |TAMS 0x00000000e3400000, 0x00000000e3400000| Complete 
|  53|0x00000000e3500000, 0x00000000e3600000, 0x00000000e3600000|100%| O|  |TAMS 0x00000000e3500000, 0x00000000e3500000| Untracked 
|  54|0x00000000e3600000, 0x00000000e3700000, 0x00000000e3700000|100%| O|  |TAMS 0x00000000e3600000, 0x00000000e3600000| Untracked 
|  55|0x00000000e3700000, 0x00000000e3800000, 0x00000000e3800000|100%| O|  |TAMS 0x00000000e3700000, 0x00000000e3700000| Untracked 
|  56|0x00000000e3800000, 0x00000000e3900000, 0x00000000e3900000|100%| O|  |TAMS 0x00000000e3800000, 0x00000000e3800000| Untracked 
|  57|0x00000000e3900000, 0x00000000e3a00000, 0x00000000e3a00000|100%| O|  |TAMS 0x00000000e3900000, 0x00000000e3900000| Untracked 
|  58|0x00000000e3a00000, 0x00000000e3b00000, 0x00000000e3b00000|100%| O|  |TAMS 0x00000000e3a00000, 0x00000000e3a00000| Untracked 
|  59|0x00000000e3b00000, 0x00000000e3c00000, 0x00000000e3c00000|100%| O|  |TAMS 0x00000000e3b00000, 0x00000000e3b00000| Untracked 
|  60|0x00000000e3c00000, 0x00000000e3d00000, 0x00000000e3d00000|100%| O|  |TAMS 0x00000000e3c00000, 0x00000000e3c00000| Untracked 
|  61|0x00000000e3d00000, 0x00000000e3e00000, 0x00000000e3e00000|100%| O|  |TAMS 0x00000000e3d00000, 0x00000000e3d00000| Untracked 
|  62|0x00000000e3e00000, 0x00000000e3f00000, 0x00000000e3f00000|100%| O|  |TAMS 0x00000000e3e00000, 0x00000000e3e00000| Untracked 
|  63|0x00000000e3f00000, 0x00000000e4000000, 0x00000000e4000000|100%| O|  |TAMS 0x00000000e3f00000, 0x00000000e3f00000| Untracked 
|  64|0x00000000e4000000, 0x00000000e4100000, 0x00000000e4100000|100%| O|  |TAMS 0x00000000e4000000, 0x00000000e4000000| Untracked 
|  65|0x00000000e4100000, 0x00000000e4200000, 0x00000000e4200000|100%| O|  |TAMS 0x00000000e4100000, 0x00000000e4100000| Untracked 
|  66|0x00000000e4200000, 0x00000000e4300000, 0x00000000e4300000|100%| O|  |TAMS 0x00000000e4200000, 0x00000000e4200000| Untracked 
|  67|0x00000000e4300000, 0x00000000e4400000, 0x00000000e4400000|100%| O|  |TAMS 0x00000000e4300000, 0x00000000e4300000| Untracked 
|  68|0x00000000e4400000, 0x00000000e4500000, 0x00000000e4500000|100%| O|  |TAMS 0x00000000e4400000, 0x00000000e4400000| Untracked 
|  69|0x00000000e4500000, 0x00000000e4600000, 0x00000000e4600000|100%| O|  |TAMS 0x00000000e4500000, 0x00000000e4500000| Untracked 
|  70|0x00000000e4600000, 0x00000000e4700000, 0x00000000e4700000|100%| O|  |TAMS 0x00000000e4600000, 0x00000000e4600000| Untracked 
|  71|0x00000000e4700000, 0x00000000e4800000, 0x00000000e4800000|100%| O|  |TAMS 0x00000000e4700000, 0x00000000e4700000| Untracked 
|  72|0x00000000e4800000, 0x00000000e4900000, 0x00000000e4900000|100%| O|  |TAMS 0x00000000e4800000, 0x00000000e4800000| Untracked 
|  73|0x00000000e4900000, 0x00000000e49d7400, 0x00000000e4a00000| 84%| O|  |TAMS 0x00000000e4900000, 0x00000000e4900000| Untracked 
|  74|0x00000000e4a00000, 0x00000000e4a00000, 0x00000000e4b00000|  0%| F|  |TAMS 0x00000000e4a00000, 0x00000000e4a00000| Untracked 
|  75|0x00000000e4b00000, 0x00000000e4b00000, 0x00000000e4c00000|  0%| F|  |TAMS 0x00000000e4b00000, 0x00000000e4b00000| Untracked 
|  76|0x00000000e4c00000, 0x00000000e4c00000, 0x00000000e4d00000|  0%| F|  |TAMS 0x00000000e4c00000, 0x00000000e4c00000| Untracked 
|  77|0x00000000e4d00000, 0x00000000e4d00000, 0x00000000e4e00000|  0%| F|  |TAMS 0x00000000e4d00000, 0x00000000e4d00000| Untracked 
|  78|0x00000000e4e00000, 0x00000000e4e00000, 0x00000000e4f00000|  0%| F|  |TAMS 0x00000000e4e00000, 0x00000000e4e00000| Untracked 
|  79|0x00000000e4f00000, 0x00000000e4f00000, 0x00000000e5000000|  0%| F|  |TAMS 0x00000000e4f00000, 0x00000000e4f00000| Untracked 
|  80|0x00000000e5000000, 0x00000000e5000000, 0x00000000e5100000|  0%| F|  |TAMS 0x00000000e5000000, 0x00000000e5000000| Untracked 
|  81|0x00000000e5100000, 0x00000000e5100000, 0x00000000e5200000|  0%| F|  |TAMS 0x00000000e5100000, 0x00000000e5100000| Untracked 
|  82|0x00000000e5200000, 0x00000000e5200000, 0x00000000e5300000|  0%| F|  |TAMS 0x00000000e5200000, 0x00000000e5200000| Untracked 
|  83|0x00000000e5300000, 0x00000000e5300000, 0x00000000e5400000|  0%| F|  |TAMS 0x00000000e5300000, 0x00000000e5300000| Untracked 
|  84|0x00000000e5400000, 0x00000000e5400000, 0x00000000e5500000|  0%| F|  |TAMS 0x00000000e5400000, 0x00000000e5400000| Untracked 
|  85|0x00000000e5500000, 0x00000000e5500000, 0x00000000e5600000|  0%| F|  |TAMS 0x00000000e5500000, 0x00000000e5500000| Untracked 
|  86|0x00000000e5600000, 0x00000000e5600000, 0x00000000e5700000|  0%| F|  |TAMS 0x00000000e5600000, 0x00000000e5600000| Untracked 
|  87|0x00000000e5700000, 0x00000000e5700000, 0x00000000e5800000|  0%| F|  |TAMS 0x00000000e5700000, 0x00000000e5700000| Untracked 
|  88|0x00000000e5800000, 0x00000000e5800000, 0x00000000e5900000|  0%| F|  |TAMS 0x00000000e5800000, 0x00000000e5800000| Untracked 
|  89|0x00000000e5900000, 0x00000000e5900000, 0x00000000e5a00000|  0%| F|  |TAMS 0x00000000e5900000, 0x00000000e5900000| Untracked 
|  90|0x00000000e5a00000, 0x00000000e5a00000, 0x00000000e5b00000|  0%| F|  |TAMS 0x00000000e5a00000, 0x00000000e5a00000| Untracked 
|  91|0x00000000e5b00000, 0x00000000e5b00000, 0x00000000e5c00000|  0%| F|  |TAMS 0x00000000e5b00000, 0x00000000e5b00000| Untracked 
|  92|0x00000000e5c00000, 0x00000000e5c00000, 0x00000000e5d00000|  0%| F|  |TAMS 0x00000000e5c00000, 0x00000000e5c00000| Untracked 
|  93|0x00000000e5d00000, 0x00000000e5d00000, 0x00000000e5e00000|  0%| F|  |TAMS 0x00000000e5d00000, 0x00000000e5d00000| Untracked 
|  94|0x00000000e5e00000, 0x00000000e5e00000, 0x00000000e5f00000|  0%| F|  |TAMS 0x00000000e5e00000, 0x00000000e5e00000| Untracked 
|  95|0x00000000e5f00000, 0x00000000e5f00000, 0x00000000e6000000|  0%| F|  |TAMS 0x00000000e5f00000, 0x00000000e5f00000| Untracked 
|  96|0x00000000e6000000, 0x00000000e6000000, 0x00000000e6100000|  0%| F|  |TAMS 0x00000000e6000000, 0x00000000e6000000| Untracked 
|  97|0x00000000e6100000, 0x00000000e6100000, 0x00000000e6200000|  0%| F|  |TAMS 0x00000000e6100000, 0x00000000e6100000| Untracked 
|  98|0x00000000e6200000, 0x00000000e6200000, 0x00000000e6300000|  0%| F|  |TAMS 0x00000000e6200000, 0x00000000e6200000| Untracked 
|  99|0x00000000e6300000, 0x00000000e6300000, 0x00000000e6400000|  0%| F|  |TAMS 0x00000000e6300000, 0x00000000e6300000| Untracked 
| 100|0x00000000e6400000, 0x00000000e6400000, 0x00000000e6500000|  0%| F|  |TAMS 0x00000000e6400000, 0x00000000e6400000| Untracked 
| 101|0x00000000e6500000, 0x00000000e6500000, 0x00000000e6600000|  0%| F|  |TAMS 0x00000000e6500000, 0x00000000e6500000| Untracked 
| 102|0x00000000e6600000, 0x00000000e6600000, 0x00000000e6700000|  0%| F|  |TAMS 0x00000000e6600000, 0x00000000e6600000| Untracked 
| 103|0x00000000e6700000, 0x00000000e6700000, 0x00000000e6800000|  0%| F|  |TAMS 0x00000000e6700000, 0x00000000e6700000| Untracked 
| 104|0x00000000e6800000, 0x00000000e6800000, 0x00000000e6900000|  0%| F|  |TAMS 0x00000000e6800000, 0x00000000e6800000| Untracked 
| 105|0x00000000e6900000, 0x00000000e6900000, 0x00000000e6a00000|  0%| F|  |TAMS 0x00000000e6900000, 0x00000000e6900000| Untracked 
| 106|0x00000000e6a00000, 0x00000000e6a00000, 0x00000000e6b00000|  0%| F|  |TAMS 0x00000000e6a00000, 0x00000000e6a00000| Untracked 
| 107|0x00000000e6b00000, 0x00000000e6b00000, 0x00000000e6c00000|  0%| F|  |TAMS 0x00000000e6b00000, 0x00000000e6b00000| Untracked 
| 108|0x00000000e6c00000, 0x00000000e6c00000, 0x00000000e6d00000|  0%| F|  |TAMS 0x00000000e6c00000, 0x00000000e6c00000| Untracked 
| 109|0x00000000e6d00000, 0x00000000e6d00000, 0x00000000e6e00000|  0%| F|  |TAMS 0x00000000e6d00000, 0x00000000e6d00000| Untracked 
| 110|0x00000000e6e00000, 0x00000000e6e00000, 0x00000000e6f00000|  0%| F|  |TAMS 0x00000000e6e00000, 0x00000000e6e00000| Untracked 
| 111|0x00000000e6f00000, 0x00000000e6f00000, 0x00000000e7000000|  0%| F|  |TAMS 0x00000000e6f00000, 0x00000000e6f00000| Untracked 
| 112|0x00000000e7000000, 0x00000000e7000000, 0x00000000e7100000|  0%| F|  |TAMS 0x00000000e7000000, 0x00000000e7000000| Untracked 
| 113|0x00000000e7100000, 0x00000000e7100000, 0x00000000e7200000|  0%| F|  |TAMS 0x00000000e7100000, 0x00000000e7100000| Untracked 
| 114|0x00000000e7200000, 0x00000000e7200000, 0x00000000e7300000|  0%| F|  |TAMS 0x00000000e7200000, 0x00000000e7200000| Untracked 
| 115|0x00000000e7300000, 0x00000000e7300000, 0x00000000e7400000|  0%| F|  |TAMS 0x00000000e7300000, 0x00000000e7300000| Untracked 
| 116|0x00000000e7400000, 0x00000000e7400000, 0x00000000e7500000|  0%| F|  |TAMS 0x00000000e7400000, 0x00000000e7400000| Untracked 
| 117|0x00000000e7500000, 0x00000000e7500000, 0x00000000e7600000|  0%| F|  |TAMS 0x00000000e7500000, 0x00000000e7500000| Untracked 
| 118|0x00000000e7600000, 0x00000000e7600000, 0x00000000e7700000|  0%| F|  |TAMS 0x00000000e7600000, 0x00000000e7600000| Untracked 
| 119|0x00000000e7700000, 0x00000000e7700000, 0x00000000e7800000|  0%| F|  |TAMS 0x00000000e7700000, 0x00000000e7700000| Untracked 
| 120|0x00000000e7800000, 0x00000000e7800000, 0x00000000e7900000|  0%| F|  |TAMS 0x00000000e7800000, 0x00000000e7800000| Untracked 
| 121|0x00000000e7900000, 0x00000000e799ada8, 0x00000000e7a00000| 60%| S|CS|TAMS 0x00000000e7900000, 0x00000000e7900000| Complete 
| 122|0x00000000e7a00000, 0x00000000e7b00000, 0x00000000e7b00000|100%| S|CS|TAMS 0x00000000e7a00000, 0x00000000e7a00000| Complete 
| 123|0x00000000e7b00000, 0x00000000e7c00000, 0x00000000e7c00000|100%| S|CS|TAMS 0x00000000e7b00000, 0x00000000e7b00000| Complete 
| 124|0x00000000e7c00000, 0x00000000e7d00000, 0x00000000e7d00000|100%| S|CS|TAMS 0x00000000e7c00000, 0x00000000e7c00000| Complete 
| 125|0x00000000e7d00000, 0x00000000e7e00000, 0x00000000e7e00000|100%| S|CS|TAMS 0x00000000e7d00000, 0x00000000e7d00000| Complete 
| 126|0x00000000e7e00000, 0x00000000e7f00000, 0x00000000e7f00000|100%| S|CS|TAMS 0x00000000e7e00000, 0x00000000e7e00000| Complete 
| 127|0x00000000e7f00000, 0x00000000e8000000, 0x00000000e8000000|100%| S|CS|TAMS 0x00000000e7f00000, 0x00000000e7f00000| Complete 
| 128|0x00000000e8000000, 0x00000000e8100000, 0x00000000e8100000|100%| S|CS|TAMS 0x00000000e8000000, 0x00000000e8000000| Complete 
| 129|0x00000000e8100000, 0x00000000e8200000, 0x00000000e8200000|100%| S|CS|TAMS 0x00000000e8100000, 0x00000000e8100000| Complete 
| 130|0x00000000e8200000, 0x00000000e8300000, 0x00000000e8300000|100%| S|CS|TAMS 0x00000000e8200000, 0x00000000e8200000| Complete 
| 131|0x00000000e8300000, 0x00000000e8400000, 0x00000000e8400000|100%| S|CS|TAMS 0x00000000e8300000, 0x00000000e8300000| Complete 
| 132|0x00000000e8400000, 0x00000000e8500000, 0x00000000e8500000|100%| S|CS|TAMS 0x00000000e8400000, 0x00000000e8400000| Complete 
| 133|0x00000000e8500000, 0x00000000e8500000, 0x00000000e8600000|  0%| F|  |TAMS 0x00000000e8500000, 0x00000000e8500000| Untracked 
| 134|0x00000000e8600000, 0x00000000e8600000, 0x00000000e8700000|  0%| F|  |TAMS 0x00000000e8600000, 0x00000000e8600000| Untracked 
| 135|0x00000000e8700000, 0x00000000e8700000, 0x00000000e8800000|  0%| F|  |TAMS 0x00000000e8700000, 0x00000000e8700000| Untracked 
| 136|0x00000000e8800000, 0x00000000e8800000, 0x00000000e8900000|  0%| F|  |TAMS 0x00000000e8800000, 0x00000000e8800000| Untracked 
| 137|0x00000000e8900000, 0x00000000e8900000, 0x00000000e8a00000|  0%| F|  |TAMS 0x00000000e8900000, 0x00000000e8900000| Untracked 
| 138|0x00000000e8a00000, 0x00000000e8a00000, 0x00000000e8b00000|  0%| F|  |TAMS 0x00000000e8a00000, 0x00000000e8a00000| Untracked 
| 139|0x00000000e8b00000, 0x00000000e8b00000, 0x00000000e8c00000|  0%| F|  |TAMS 0x00000000e8b00000, 0x00000000e8b00000| Untracked 
| 140|0x00000000e8c00000, 0x00000000e8c00000, 0x00000000e8d00000|  0%| F|  |TAMS 0x00000000e8c00000, 0x00000000e8c00000| Untracked 
| 141|0x00000000e8d00000, 0x00000000e8d00000, 0x00000000e8e00000|  0%| F|  |TAMS 0x00000000e8d00000, 0x00000000e8d00000| Untracked 
| 142|0x00000000e8e00000, 0x00000000e8e00000, 0x00000000e8f00000|  0%| F|  |TAMS 0x00000000e8e00000, 0x00000000e8e00000| Untracked 
| 143|0x00000000e8f00000, 0x00000000e8f00000, 0x00000000e9000000|  0%| F|  |TAMS 0x00000000e8f00000, 0x00000000e8f00000| Untracked 
| 144|0x00000000e9000000, 0x00000000e9000000, 0x00000000e9100000|  0%| F|  |TAMS 0x00000000e9000000, 0x00000000e9000000| Untracked 
| 145|0x00000000e9100000, 0x00000000e9100000, 0x00000000e9200000|  0%| F|  |TAMS 0x00000000e9100000, 0x00000000e9100000| Untracked 
| 146|0x00000000e9200000, 0x00000000e9200000, 0x00000000e9300000|  0%| F|  |TAMS 0x00000000e9200000, 0x00000000e9200000| Untracked 
| 147|0x00000000e9300000, 0x00000000e9300000, 0x00000000e9400000|  0%| F|  |TAMS 0x00000000e9300000, 0x00000000e9300000| Untracked 
| 148|0x00000000e9400000, 0x00000000e9400000, 0x00000000e9500000|  0%| F|  |TAMS 0x00000000e9400000, 0x00000000e9400000| Untracked 
| 149|0x00000000e9500000, 0x00000000e9500000, 0x00000000e9600000|  0%| F|  |TAMS 0x00000000e9500000, 0x00000000e9500000| Untracked 
| 150|0x00000000e9600000, 0x00000000e9600000, 0x00000000e9700000|  0%| F|  |TAMS 0x00000000e9600000, 0x00000000e9600000| Untracked 
| 151|0x00000000e9700000, 0x00000000e9700000, 0x00000000e9800000|  0%| F|  |TAMS 0x00000000e9700000, 0x00000000e9700000| Untracked 
| 152|0x00000000e9800000, 0x00000000e9800000, 0x00000000e9900000|  0%| F|  |TAMS 0x00000000e9800000, 0x00000000e9800000| Untracked 
| 153|0x00000000e9900000, 0x00000000e9900000, 0x00000000e9a00000|  0%| F|  |TAMS 0x00000000e9900000, 0x00000000e9900000| Untracked 
| 154|0x00000000e9a00000, 0x00000000e9a00000, 0x00000000e9b00000|  0%| F|  |TAMS 0x00000000e9a00000, 0x00000000e9a00000| Untracked 
| 155|0x00000000e9b00000, 0x00000000e9b00000, 0x00000000e9c00000|  0%| F|  |TAMS 0x00000000e9b00000, 0x00000000e9b00000| Untracked 
| 156|0x00000000e9c00000, 0x00000000e9c00000, 0x00000000e9d00000|  0%| F|  |TAMS 0x00000000e9c00000, 0x00000000e9c00000| Untracked 
| 157|0x00000000e9d00000, 0x00000000e9d00000, 0x00000000e9e00000|  0%| F|  |TAMS 0x00000000e9d00000, 0x00000000e9d00000| Untracked 
| 158|0x00000000e9e00000, 0x00000000e9e00000, 0x00000000e9f00000|  0%| F|  |TAMS 0x00000000e9e00000, 0x00000000e9e00000| Untracked 
| 159|0x00000000e9f00000, 0x00000000e9f00000, 0x00000000ea000000|  0%| F|  |TAMS 0x00000000e9f00000, 0x00000000e9f00000| Untracked 
| 160|0x00000000ea000000, 0x00000000ea000000, 0x00000000ea100000|  0%| F|  |TAMS 0x00000000ea000000, 0x00000000ea000000| Untracked 
| 161|0x00000000ea100000, 0x00000000ea100000, 0x00000000ea200000|  0%| F|  |TAMS 0x00000000ea100000, 0x00000000ea100000| Untracked 
| 162|0x00000000ea200000, 0x00000000ea200000, 0x00000000ea300000|  0%| F|  |TAMS 0x00000000ea200000, 0x00000000ea200000| Untracked 
| 163|0x00000000ea300000, 0x00000000ea300000, 0x00000000ea400000|  0%| F|  |TAMS 0x00000000ea300000, 0x00000000ea300000| Untracked 
| 164|0x00000000ea400000, 0x00000000ea4af198, 0x00000000ea500000| 68%| E|  |TAMS 0x00000000ea400000, 0x00000000ea400000| Complete 
| 165|0x00000000ea500000, 0x00000000ea600000, 0x00000000ea600000|100%| E|CS|TAMS 0x00000000ea500000, 0x00000000ea500000| Complete 
| 166|0x00000000ea600000, 0x00000000ea700000, 0x00000000ea700000|100%| E|CS|TAMS 0x00000000ea600000, 0x00000000ea600000| Complete 
| 167|0x00000000ea700000, 0x00000000ea800000, 0x00000000ea800000|100%| E|CS|TAMS 0x00000000ea700000, 0x00000000ea700000| Complete 
| 168|0x00000000ea800000, 0x00000000ea900000, 0x00000000ea900000|100%| E|CS|TAMS 0x00000000ea800000, 0x00000000ea800000| Complete 
| 169|0x00000000ea900000, 0x00000000eaa00000, 0x00000000eaa00000|100%| E|CS|TAMS 0x00000000ea900000, 0x00000000ea900000| Complete 
| 170|0x00000000eaa00000, 0x00000000eab00000, 0x00000000eab00000|100%| E|CS|TAMS 0x00000000eaa00000, 0x00000000eaa00000| Complete 
| 171|0x00000000eab00000, 0x00000000eac00000, 0x00000000eac00000|100%| E|CS|TAMS 0x00000000eab00000, 0x00000000eab00000| Complete 
| 172|0x00000000eac00000, 0x00000000ead00000, 0x00000000ead00000|100%| E|CS|TAMS 0x00000000eac00000, 0x00000000eac00000| Complete 
| 173|0x00000000ead00000, 0x00000000eae00000, 0x00000000eae00000|100%| E|CS|TAMS 0x00000000ead00000, 0x00000000ead00000| Complete 
| 174|0x00000000eae00000, 0x00000000eaf00000, 0x00000000eaf00000|100%| E|CS|TAMS 0x00000000eae00000, 0x00000000eae00000| Complete 
| 175|0x00000000eaf00000, 0x00000000eb000000, 0x00000000eb000000|100%| E|CS|TAMS 0x00000000eaf00000, 0x00000000eaf00000| Complete 
| 176|0x00000000eb000000, 0x00000000eb100000, 0x00000000eb100000|100%| E|CS|TAMS 0x00000000eb000000, 0x00000000eb000000| Complete 
| 177|0x00000000eb100000, 0x00000000eb200000, 0x00000000eb200000|100%| E|CS|TAMS 0x00000000eb100000, 0x00000000eb100000| Complete 
| 178|0x00000000eb200000, 0x00000000eb300000, 0x00000000eb300000|100%| E|CS|TAMS 0x00000000eb200000, 0x00000000eb200000| Complete 
| 179|0x00000000eb300000, 0x00000000eb400000, 0x00000000eb400000|100%| E|CS|TAMS 0x00000000eb300000, 0x00000000eb300000| Complete 
| 180|0x00000000eb400000, 0x00000000eb500000, 0x00000000eb500000|100%| E|CS|TAMS 0x00000000eb400000, 0x00000000eb400000| Complete 
| 181|0x00000000eb500000, 0x00000000eb600000, 0x00000000eb600000|100%| E|CS|TAMS 0x00000000eb500000, 0x00000000eb500000| Complete 
| 182|0x00000000eb600000, 0x00000000eb700000, 0x00000000eb700000|100%| E|CS|TAMS 0x00000000eb600000, 0x00000000eb600000| Complete 
| 183|0x00000000eb700000, 0x00000000eb800000, 0x00000000eb800000|100%| E|CS|TAMS 0x00000000eb700000, 0x00000000eb700000| Complete 
| 184|0x00000000eb800000, 0x00000000eb900000, 0x00000000eb900000|100%| E|CS|TAMS 0x00000000eb800000, 0x00000000eb800000| Complete 
| 185|0x00000000eb900000, 0x00000000eba00000, 0x00000000eba00000|100%| E|CS|TAMS 0x00000000eb900000, 0x00000000eb900000| Complete 
| 186|0x00000000eba00000, 0x00000000ebb00000, 0x00000000ebb00000|100%| E|CS|TAMS 0x00000000eba00000, 0x00000000eba00000| Complete 
| 187|0x00000000ebb00000, 0x00000000ebc00000, 0x00000000ebc00000|100%| E|CS|TAMS 0x00000000ebb00000, 0x00000000ebb00000| Complete 
| 188|0x00000000ebc00000, 0x00000000ebd00000, 0x00000000ebd00000|100%| E|CS|TAMS 0x00000000ebc00000, 0x00000000ebc00000| Complete 
| 189|0x00000000ebd00000, 0x00000000ebe00000, 0x00000000ebe00000|100%| E|CS|TAMS 0x00000000ebd00000, 0x00000000ebd00000| Complete 
| 190|0x00000000ebe00000, 0x00000000ebf00000, 0x00000000ebf00000|100%| E|CS|TAMS 0x00000000ebe00000, 0x00000000ebe00000| Complete 
| 191|0x00000000ebf00000, 0x00000000ec000000, 0x00000000ec000000|100%| E|CS|TAMS 0x00000000ebf00000, 0x00000000ebf00000| Complete 
| 192|0x00000000ec000000, 0x00000000ec100000, 0x00000000ec100000|100%| E|CS|TAMS 0x00000000ec000000, 0x00000000ec000000| Complete 
| 193|0x00000000ec100000, 0x00000000ec200000, 0x00000000ec200000|100%| E|CS|TAMS 0x00000000ec100000, 0x00000000ec100000| Complete 
| 194|0x00000000ec200000, 0x00000000ec300000, 0x00000000ec300000|100%| E|CS|TAMS 0x00000000ec200000, 0x00000000ec200000| Complete 
| 195|0x00000000ec300000, 0x00000000ec400000, 0x00000000ec400000|100%| E|CS|TAMS 0x00000000ec300000, 0x00000000ec300000| Complete 
| 196|0x00000000ec400000, 0x00000000ec500000, 0x00000000ec500000|100%| E|CS|TAMS 0x00000000ec400000, 0x00000000ec400000| Complete 
| 197|0x00000000ec500000, 0x00000000ec600000, 0x00000000ec600000|100%| E|CS|TAMS 0x00000000ec500000, 0x00000000ec500000| Complete 
| 198|0x00000000ec600000, 0x00000000ec700000, 0x00000000ec700000|100%| E|CS|TAMS 0x00000000ec600000, 0x00000000ec600000| Complete 
| 199|0x00000000ec700000, 0x00000000ec800000, 0x00000000ec800000|100%| E|CS|TAMS 0x00000000ec700000, 0x00000000ec700000| Complete 
| 200|0x00000000ec800000, 0x00000000ec900000, 0x00000000ec900000|100%| E|CS|TAMS 0x00000000ec800000, 0x00000000ec800000| Complete 
| 201|0x00000000ec900000, 0x00000000eca00000, 0x00000000eca00000|100%| E|CS|TAMS 0x00000000ec900000, 0x00000000ec900000| Complete 
| 202|0x00000000eca00000, 0x00000000ecb00000, 0x00000000ecb00000|100%| E|CS|TAMS 0x00000000eca00000, 0x00000000eca00000| Complete 
| 203|0x00000000ecb00000, 0x00000000ecc00000, 0x00000000ecc00000|100%| E|CS|TAMS 0x00000000ecb00000, 0x00000000ecb00000| Complete 
| 204|0x00000000ecc00000, 0x00000000ecd00000, 0x00000000ecd00000|100%| E|CS|TAMS 0x00000000ecc00000, 0x00000000ecc00000| Complete 
| 205|0x00000000ecd00000, 0x00000000ece00000, 0x00000000ece00000|100%| E|CS|TAMS 0x00000000ecd00000, 0x00000000ecd00000| Complete 
| 206|0x00000000ece00000, 0x00000000ecf00000, 0x00000000ecf00000|100%| E|CS|TAMS 0x00000000ece00000, 0x00000000ece00000| Complete 
| 207|0x00000000ecf00000, 0x00000000ed000000, 0x00000000ed000000|100%| E|CS|TAMS 0x00000000ecf00000, 0x00000000ecf00000| Complete 
| 208|0x00000000ed000000, 0x00000000ed100000, 0x00000000ed100000|100%| E|  |TAMS 0x00000000ed000000, 0x00000000ed000000| Complete 
| 209|0x00000000ed100000, 0x00000000ed200000, 0x00000000ed200000|100%| E|CS|TAMS 0x00000000ed100000, 0x00000000ed100000| Complete 
| 210|0x00000000ed200000, 0x00000000ed300000, 0x00000000ed300000|100%| E|CS|TAMS 0x00000000ed200000, 0x00000000ed200000| Complete 
| 211|0x00000000ed300000, 0x00000000ed400000, 0x00000000ed400000|100%| E|CS|TAMS 0x00000000ed300000, 0x00000000ed300000| Complete 
| 212|0x00000000ed400000, 0x00000000ed500000, 0x00000000ed500000|100%| E|CS|TAMS 0x00000000ed400000, 0x00000000ed400000| Complete 
| 213|0x00000000ed500000, 0x00000000ed600000, 0x00000000ed600000|100%| E|CS|TAMS 0x00000000ed500000, 0x00000000ed500000| Complete 
| 214|0x00000000ed600000, 0x00000000ed700000, 0x00000000ed700000|100%| E|CS|TAMS 0x00000000ed600000, 0x00000000ed600000| Complete 
| 215|0x00000000ed700000, 0x00000000ed800000, 0x00000000ed800000|100%| E|CS|TAMS 0x00000000ed700000, 0x00000000ed700000| Complete 
| 216|0x00000000ed800000, 0x00000000ed900000, 0x00000000ed900000|100%| E|CS|TAMS 0x00000000ed800000, 0x00000000ed800000| Complete 
| 217|0x00000000ed900000, 0x00000000eda00000, 0x00000000eda00000|100%| E|CS|TAMS 0x00000000ed900000, 0x00000000ed900000| Complete 
| 218|0x00000000eda00000, 0x00000000edb00000, 0x00000000edb00000|100%| E|CS|TAMS 0x00000000eda00000, 0x00000000eda00000| Complete 
| 219|0x00000000edb00000, 0x00000000edc00000, 0x00000000edc00000|100%| E|CS|TAMS 0x00000000edb00000, 0x00000000edb00000| Complete 
| 220|0x00000000edc00000, 0x00000000edd00000, 0x00000000edd00000|100%| E|CS|TAMS 0x00000000edc00000, 0x00000000edc00000| Complete 
| 221|0x00000000edd00000, 0x00000000ede00000, 0x00000000ede00000|100%| E|CS|TAMS 0x00000000edd00000, 0x00000000edd00000| Complete 
| 222|0x00000000ede00000, 0x00000000edf00000, 0x00000000edf00000|100%| E|CS|TAMS 0x00000000ede00000, 0x00000000ede00000| Complete 
| 223|0x00000000edf00000, 0x00000000ee000000, 0x00000000ee000000|100%| E|CS|TAMS 0x00000000edf00000, 0x00000000edf00000| Complete 
| 224|0x00000000ee000000, 0x00000000ee100000, 0x00000000ee100000|100%| E|CS|TAMS 0x00000000ee000000, 0x00000000ee000000| Complete 
| 225|0x00000000ee100000, 0x00000000ee200000, 0x00000000ee200000|100%| E|CS|TAMS 0x00000000ee100000, 0x00000000ee100000| Complete 
| 226|0x00000000ee200000, 0x00000000ee300000, 0x00000000ee300000|100%| E|CS|TAMS 0x00000000ee200000, 0x00000000ee200000| Complete 
| 227|0x00000000ee300000, 0x00000000ee400000, 0x00000000ee400000|100%| E|CS|TAMS 0x00000000ee300000, 0x00000000ee300000| Complete 
| 228|0x00000000ee400000, 0x00000000ee500000, 0x00000000ee500000|100%| E|CS|TAMS 0x00000000ee400000, 0x00000000ee400000| Complete 
| 229|0x00000000ee500000, 0x00000000ee600000, 0x00000000ee600000|100%| E|CS|TAMS 0x00000000ee500000, 0x00000000ee500000| Complete 
| 230|0x00000000ee600000, 0x00000000ee700000, 0x00000000ee700000|100%| E|CS|TAMS 0x00000000ee600000, 0x00000000ee600000| Complete 
| 231|0x00000000ee700000, 0x00000000ee800000, 0x00000000ee800000|100%| E|CS|TAMS 0x00000000ee700000, 0x00000000ee700000| Complete 
| 232|0x00000000ee800000, 0x00000000ee900000, 0x00000000ee900000|100%| E|CS|TAMS 0x00000000ee800000, 0x00000000ee800000| Complete 
| 233|0x00000000ee900000, 0x00000000eea00000, 0x00000000eea00000|100%| E|CS|TAMS 0x00000000ee900000, 0x00000000ee900000| Complete 
| 234|0x00000000eea00000, 0x00000000eeb00000, 0x00000000eeb00000|100%| E|CS|TAMS 0x00000000eea00000, 0x00000000eea00000| Complete 
| 235|0x00000000eeb00000, 0x00000000eec00000, 0x00000000eec00000|100%| E|CS|TAMS 0x00000000eeb00000, 0x00000000eeb00000| Complete 
| 236|0x00000000eec00000, 0x00000000eed00000, 0x00000000eed00000|100%| E|CS|TAMS 0x00000000eec00000, 0x00000000eec00000| Complete 
| 237|0x00000000eed00000, 0x00000000eee00000, 0x00000000eee00000|100%| E|CS|TAMS 0x00000000eed00000, 0x00000000eed00000| Complete 
| 238|0x00000000eee00000, 0x00000000eef00000, 0x00000000eef00000|100%| E|CS|TAMS 0x00000000eee00000, 0x00000000eee00000| Complete 
| 239|0x00000000eef00000, 0x00000000ef000000, 0x00000000ef000000|100%| E|CS|TAMS 0x00000000eef00000, 0x00000000eef00000| Complete 
| 240|0x00000000ef000000, 0x00000000ef100000, 0x00000000ef100000|100%| E|CS|TAMS 0x00000000ef000000, 0x00000000ef000000| Complete 
| 241|0x00000000ef100000, 0x00000000ef200000, 0x00000000ef200000|100%| E|CS|TAMS 0x00000000ef100000, 0x00000000ef100000| Complete 
| 242|0x00000000ef200000, 0x00000000ef300000, 0x00000000ef300000|100%| E|CS|TAMS 0x00000000ef200000, 0x00000000ef200000| Complete 
| 243|0x00000000ef300000, 0x00000000ef400000, 0x00000000ef400000|100%| E|CS|TAMS 0x00000000ef300000, 0x00000000ef300000| Complete 
| 244|0x00000000ef400000, 0x00000000ef500000, 0x00000000ef500000|100%| E|CS|TAMS 0x00000000ef400000, 0x00000000ef400000| Complete 
| 245|0x00000000ef500000, 0x00000000ef600000, 0x00000000ef600000|100%| E|CS|TAMS 0x00000000ef500000, 0x00000000ef500000| Complete 
| 246|0x00000000ef600000, 0x00000000ef700000, 0x00000000ef700000|100%| E|CS|TAMS 0x00000000ef600000, 0x00000000ef600000| Complete 
| 247|0x00000000ef700000, 0x00000000ef800000, 0x00000000ef800000|100%| E|CS|TAMS 0x00000000ef700000, 0x00000000ef700000| Complete 
| 248|0x00000000ef800000, 0x00000000ef900000, 0x00000000ef900000|100%| E|CS|TAMS 0x00000000ef800000, 0x00000000ef800000| Complete 
| 249|0x00000000ef900000, 0x00000000efa00000, 0x00000000efa00000|100%| E|CS|TAMS 0x00000000ef900000, 0x00000000ef900000| Complete 
| 250|0x00000000efa00000, 0x00000000efb00000, 0x00000000efb00000|100%| E|CS|TAMS 0x00000000efa00000, 0x00000000efa00000| Complete 
| 251|0x00000000efb00000, 0x00000000efc00000, 0x00000000efc00000|100%| E|CS|TAMS 0x00000000efb00000, 0x00000000efb00000| Complete 
| 252|0x00000000efc00000, 0x00000000efd00000, 0x00000000efd00000|100%| E|CS|TAMS 0x00000000efc00000, 0x00000000efc00000| Complete 
| 253|0x00000000efd00000, 0x00000000efe00000, 0x00000000efe00000|100%| E|CS|TAMS 0x00000000efd00000, 0x00000000efd00000| Complete 
| 254|0x00000000efe00000, 0x00000000eff00000, 0x00000000eff00000|100%| E|CS|TAMS 0x00000000efe00000, 0x00000000efe00000| Complete 
| 255|0x00000000eff00000, 0x00000000f0000000, 0x00000000f0000000|100%| E|CS|TAMS 0x00000000eff00000, 0x00000000eff00000| Complete 

Card table byte_map: [0x0000017c7ec80000,0x0000017c7ed80000] _byte_map_base: 0x0000017c7e580000

Marking Bits (Prev, Next): (CMBitMap*) 0x0000017c644ff1e0, (CMBitMap*) 0x0000017c644ff1a0
 Prev Bits: [0x0000017c7f680000, 0x0000017c7fe80000)
 Next Bits: [0x0000017c7ee80000, 0x0000017c7f680000)

Polling page: 0x0000017c64580000

Metaspace:

Usage:
  Non-class:     70.11 MB used.
      Class:     11.45 MB used.
       Both:     81.57 MB used.

Virtual space:
  Non-class space:      128.00 MB reserved,      70.69 MB ( 55%) committed,  2 nodes.
      Class space:      320.00 MB reserved,      12.00 MB (  4%) committed,  1 nodes.
             Both:      448.00 MB reserved,      82.69 MB ( 18%) committed. 

Chunk freelists:
   Non-Class:  9.23 MB
       Class:  4.03 MB
        Both:  13.27 MB

MaxMetaspaceSize: 384.00 MB
CompressedClassSpaceSize: 320.00 MB
Initial GC threshold: 21.00 MB
Current GC threshold: 99.31 MB
CDS: on
MetaspaceReclaimPolicy: balanced
 - commit_granule_bytes: 65536.
 - commit_granule_words: 8192.
 - virtual_space_node_default_size: 8388608.
 - enlarge_chunks_in_place: 1.
 - new_chunks_are_fully_committed: 0.
 - uncommit_free_chunks: 1.
 - use_allocation_guard: 0.
 - handle_deallocations: 1.


Internal statistics:

num_allocs_failed_limit: 12.
num_arena_births: 1586.
num_arena_deaths: 0.
num_vsnodes_births: 3.
num_vsnodes_deaths: 0.
num_space_committed: 1323.
num_space_uncommitted: 0.
num_chunks_returned_to_freelist: 12.
num_chunks_taken_from_freelist: 5180.
num_chunk_merges: 9.
num_chunk_splits: 3296.
num_chunks_enlarged: 2021.
num_inconsistent_stats: 0.

CodeHeap 'non-profiled nmethods': size=119168Kb used=5557Kb max_used=5678Kb free=113610Kb
 bounds [0x0000017c76750000, 0x0000017c76ce0000, 0x0000017c7dbb0000]
CodeHeap 'profiled nmethods': size=119104Kb used=21023Kb max_used=21259Kb free=98080Kb
 bounds [0x0000017c6ebb0000, 0x0000017c700c0000, 0x0000017c76000000]
CodeHeap 'non-nmethods': size=7488Kb used=1765Kb max_used=3422Kb free=5722Kb
 bounds [0x0000017c76000000, 0x0000017c76360000, 0x0000017c76750000]
 total_blobs=11255 nmethods=10390 adapters=777
 compilation: enabled
              stopped_count=0, restarted_count=0
 full_count=0

Compilation events (20 events):
Event: 48.516 Thread 0x0000017c02eab560 12088       4       java.io.Bits::putInt (36 bytes)
Event: 48.518 Thread 0x0000017c02eac9e0 nmethod 12085 0x0000017c6f374e10 code [0x0000017c6f375060, 0x0000017c6f3759f8]
Event: 48.518 Thread 0x0000017c02eac9e0 12086       3       java.io.ObjectStreamClass$FieldReflector::getPrimFieldValues (317 bytes)
Event: 48.519 Thread 0x0000017c02eab560 nmethod 12088 0x0000017c76a22510 code [0x0000017c76a226a0, 0x0000017c76a22798]
Event: 48.519 Thread 0x0000017c02eab560 12089       4       java.io.ObjectOutputStream$HandleTable::lookup (56 bytes)
Event: 48.519 Thread 0x0000017c02eac9e0 nmethod 12086 0x0000017c6ee9e690 code [0x0000017c6ee9e940, 0x0000017c6ee9f818]
Event: 48.519 Thread 0x0000017c02eac9e0 12087       3       java.io.ObjectOutputStream$BlockDataOutputStream::write (152 bytes)
Event: 48.520 Thread 0x0000017c02eac9e0 nmethod 12087 0x0000017c6f4e1490 code [0x0000017c6f4e16c0, 0x0000017c6f4e1ed8]
Event: 48.521 Thread 0x0000017c02eac9e0 12090       3       java.io.ObjectStreamField::compareTo (40 bytes)
Event: 48.522 Thread 0x0000017c02eab560 nmethod 12089 0x0000017c76a21f90 code [0x0000017c76a22120, 0x0000017c76a22328]
Event: 48.522 Thread 0x0000017c02eac9e0 nmethod 12090 0x0000017c6f3c9890 code [0x0000017c6f3c9b40, 0x0000017c6f3ca808]
Event: 48.522 Thread 0x0000017c02eab560 12091       4       java.io.ObjectOutputStream$BlockDataOutputStream::writeByte (33 bytes)
Event: 48.522 Thread 0x0000017c02eac9e0 12092   !   3       java.io.ObjectOutputStream::writeObject (38 bytes)
Event: 48.523 Thread 0x0000017c02eac9e0 nmethod 12092 0x0000017c6f594f90 code [0x0000017c6f595160, 0x0000017c6f595498]
Event: 48.523 Thread 0x0000017c02eab560 nmethod 12091 0x0000017c76a21c10 code [0x0000017c76a21da0, 0x0000017c76a21e78]
Event: 48.523 Thread 0x0000017c02eac9e0 12093   !   3       org.gradle.internal.serialize.ExceptionReplacingObjectOutputStream$1::transform (15 bytes)
Event: 48.523 Thread 0x0000017c02eac9e0 nmethod 12093 0x0000017c6fd4ea90 code [0x0000017c6fd4eca0, 0x0000017c6fd4f438]
Event: 48.523 Thread 0x0000017c02eac9e0 12094       3       org.gradle.internal.serialize.ExceptionReplacingObjectOutputStream::doReplaceObject (25 bytes)
Event: 48.524 Thread 0x0000017c02eac9e0 nmethod 12094 0x0000017c6f594510 code [0x0000017c6f594700, 0x0000017c6f594ce8]
Event: 48.525 Thread 0x0000017c02eab560 12095   !   4       java.io.ObjectOutputStream::writeObject0 (620 bytes)

GC Heap History (20 events):
Event: 1.001 GC heap before
{Heap before GC invocations=1 (full 0):
 garbage-first heap   total 262144K, used 42053K [0x00000000e0000000, 0x0000000100000000)
  region size 1024K, 40 young (40960K), 3 survivors (3072K)
 Metaspace       used 4583K, committed 4736K, reserved 393216K
  class space    used 572K, committed 640K, reserved 327680K
}
Event: 1.004 GC heap after
{Heap after GC invocations=2 (full 0):
 garbage-first heap   total 262144K, used 10827K [0x00000000e0000000, 0x0000000100000000)
  region size 1024K, 5 young (5120K), 5 survivors (5120K)
 Metaspace       used 4583K, committed 4736K, reserved 393216K
  class space    used 572K, committed 640K, reserved 327680K
}
Event: 1.289 GC heap before
{Heap before GC invocations=2 (full 0):
 garbage-first heap   total 262144K, used 64075K [0x00000000e0000000, 0x0000000100000000)
  region size 1024K, 55 young (56320K), 5 survivors (5120K)
 Metaspace       used 5689K, committed 5824K, reserved 393216K
  class space    used 760K, committed 832K, reserved 327680K
}
Event: 1.292 GC heap after
{Heap after GC invocations=3 (full 0):
 garbage-first heap   total 262144K, used 16646K [0x00000000e0000000, 0x0000000100000000)
  region size 1024K, 5 young (5120K), 5 survivors (5120K)
 Metaspace       used 5689K, committed 5824K, reserved 393216K
  class space    used 760K, committed 832K, reserved 327680K
}
Event: 2.811 GC heap before
{Heap before GC invocations=3 (full 0):
 garbage-first heap   total 262144K, used 115974K [0x00000000e0000000, 0x0000000100000000)
  region size 1024K, 102 young (104448K), 5 survivors (5120K)
 Metaspace       used 21266K, committed 21504K, reserved 393216K
  class space    used 2953K, committed 3072K, reserved 327680K
}
Event: 2.817 GC heap after
{Heap after GC invocations=4 (full 0):
 garbage-first heap   total 262144K, used 23141K [0x00000000e0000000, 0x0000000100000000)
  region size 1024K, 12 young (12288K), 12 survivors (12288K)
 Metaspace       used 21266K, committed 21504K, reserved 393216K
  class space    used 2953K, committed 3072K, reserved 327680K
}
Event: 4.041 GC heap before
{Heap before GC invocations=5 (full 0):
 garbage-first heap   total 262144K, used 135781K [0x00000000e0000000, 0x0000000100000000)
  region size 1024K, 124 young (126976K), 12 survivors (12288K)
 Metaspace       used 35434K, committed 35968K, reserved 393216K
  class space    used 4979K, committed 5248K, reserved 327680K
}
Event: 4.050 GC heap after
{Heap after GC invocations=6 (full 0):
 garbage-first heap   total 262144K, used 30385K [0x00000000e0000000, 0x0000000100000000)
  region size 1024K, 14 young (14336K), 14 survivors (14336K)
 Metaspace       used 35434K, committed 35968K, reserved 393216K
  class space    used 4979K, committed 5248K, reserved 327680K
}
Event: 4.062 GC heap before
{Heap before GC invocations=6 (full 0):
 garbage-first heap   total 262144K, used 31409K [0x00000000e0000000, 0x0000000100000000)
  region size 1024K, 15 young (15360K), 14 survivors (14336K)
 Metaspace       used 35582K, committed 36096K, reserved 393216K
  class space    used 4998K, committed 5248K, reserved 327680K
}
Event: 4.068 GC heap after
{Heap after GC invocations=7 (full 0):
 garbage-first heap   total 262144K, used 31286K [0x00000000e0000000, 0x0000000100000000)
  region size 1024K, 2 young (2048K), 2 survivors (2048K)
 Metaspace       used 35582K, committed 36096K, reserved 393216K
  class space    used 4998K, committed 5248K, reserved 327680K
}
Event: 4.087 GC heap before
{Heap before GC invocations=7 (full 0):
 garbage-first heap   total 262144K, used 32310K [0x00000000e0000000, 0x0000000100000000)
  region size 1024K, 4 young (4096K), 2 survivors (2048K)
 Metaspace       used 35784K, committed 36288K, reserved 393216K
  class space    used 5037K, committed 5312K, reserved 327680K
}
Event: 4.088 GC heap after
{Heap after GC invocations=8 (full 0):
 garbage-first heap   total 262144K, used 30089K [0x00000000e0000000, 0x0000000100000000)
  region size 1024K, 1 young (1024K), 1 survivors (1024K)
 Metaspace       used 35784K, committed 36288K, reserved 393216K
  class space    used 5037K, committed 5312K, reserved 327680K
}
Event: 6.439 GC heap before
{Heap before GC invocations=9 (full 0):
 garbage-first heap   total 262144K, used 187785K [0x00000000e0000000, 0x0000000100000000)
  region size 1024K, 153 young (156672K), 1 survivors (1024K)
 Metaspace       used 47082K, committed 47872K, reserved 393216K
  class space    used 6608K, committed 6976K, reserved 327680K
}
Event: 6.446 GC heap after
{Heap after GC invocations=10 (full 0):
 garbage-first heap   total 262144K, used 43786K [0x00000000e0000000, 0x0000000100000000)
  region size 1024K, 12 young (12288K), 12 survivors (12288K)
 Metaspace       used 47082K, committed 47872K, reserved 393216K
  class space    used 6608K, committed 6976K, reserved 327680K
}
Event: 10.461 GC heap before
{Heap before GC invocations=10 (full 0):
 garbage-first heap   total 262144K, used 178954K [0x00000000e0000000, 0x0000000100000000)
  region size 1024K, 142 young (145408K), 12 survivors (12288K)
 Metaspace       used 59907K, committed 60736K, reserved 393216K
  class space    used 8367K, committed 8768K, reserved 327680K
}
Event: 10.469 GC heap after
{Heap after GC invocations=11 (full 0):
 garbage-first heap   total 262144K, used 55913K [0x00000000e0000000, 0x0000000100000000)
  region size 1024K, 11 young (11264K), 11 survivors (11264K)
 Metaspace       used 59907K, committed 60736K, reserved 393216K
  class space    used 8367K, committed 8768K, reserved 327680K
}
Event: 12.403 GC heap before
{Heap before GC invocations=12 (full 0):
 garbage-first heap   total 262144K, used 207465K [0x00000000e0000000, 0x0000000100000000)
  region size 1024K, 152 young (155648K), 11 survivors (11264K)
 Metaspace       used 70454K, committed 71360K, reserved 393216K
  class space    used 9864K, committed 10304K, reserved 327680K
}
Event: 12.413 GC heap after
{Heap after GC invocations=13 (full 0):
 garbage-first heap   total 262144K, used 76077K [0x00000000e0000000, 0x0000000100000000)
  region size 1024K, 14 young (14336K), 14 survivors (14336K)
 Metaspace       used 70454K, committed 71360K, reserved 393216K
  class space    used 9864K, committed 10304K, reserved 327680K
}
Event: 14.609 GC heap before
{Heap before GC invocations=13 (full 0):
 garbage-first heap   total 262144K, used 201005K [0x00000000e0000000, 0x0000000100000000)
  region size 1024K, 137 young (140288K), 14 survivors (14336K)
 Metaspace       used 77175K, committed 78272K, reserved 458752K
  class space    used 10874K, committed 11392K, reserved 327680K
}
Event: 14.620 GC heap after
{Heap after GC invocations=14 (full 0):
 garbage-first heap   total 262144K, used 87496K [0x00000000e0000000, 0x0000000100000000)
  region size 1024K, 12 young (12288K), 12 survivors (12288K)
 Metaspace       used 77175K, committed 78272K, reserved 458752K
  class space    used 10874K, committed 11392K, reserved 327680K
}

Dll operation events (17 events):
Event: 0.105 Loaded shared library C:\Users\deepa\.jdks\liberica-full-17.0.18\bin\java.dll
Event: 0.139 Loaded shared library C:\Users\deepa\.jdks\liberica-full-17.0.18\bin\jsvml.dll
Event: 0.267 Loaded shared library C:\Users\deepa\.jdks\liberica-full-17.0.18\bin\zip.dll
Event: 0.270 Loaded shared library C:\Users\deepa\.jdks\liberica-full-17.0.18\bin\instrument.dll
Event: 0.353 Loaded shared library C:\Users\deepa\.jdks\liberica-full-17.0.18\bin\net.dll
Event: 0.425 Loaded shared library C:\Users\deepa\.jdks\liberica-full-17.0.18\bin\nio.dll
Event: 0.428 Loaded shared library C:\Users\deepa\.jdks\liberica-full-17.0.18\bin\zip.dll
Event: 0.579 Loaded shared library C:\Users\deepa\.jdks\liberica-full-17.0.18\bin\jimage.dll
Event: 0.705 Loaded shared library C:\Users\deepa\.jdks\liberica-full-17.0.18\bin\verify.dll
Event: 0.723 Loaded shared library C:\Users\deepa\.gradle\native\1def1411415f61bf3af743bc5b6707747c0891f09f0c88961ee8f79bc544acac\windows-amd64\native-platform.dll
Event: 0.780 Loaded shared library C:\Users\deepa\.gradle\native\0.2.8\x86_64-windows-gnu\gradle-fileevents.dll
Event: 1.398 Loaded shared library C:\Users\deepa\.jdks\liberica-full-17.0.18\bin\management.dll
Event: 1.461 Loaded shared library C:\Users\deepa\.jdks\liberica-full-17.0.18\bin\management_ext.dll
Event: 1.750 Loaded shared library C:\Users\deepa\.jdks\liberica-full-17.0.18\bin\extnet.dll
Event: 2.090 Loaded shared library C:\Users\deepa\.jdks\liberica-full-17.0.18\bin\sunmscapi.dll
Event: 19.545 Loaded shared library C:\Users\deepa\AppData\Local\Temp\native-platform2007659607276882245dir\native-platform.dll
Event: 20.197 Loaded shared library C:\Users\deepa\.jdks\liberica-full-17.0.18\bin\rmi.dll

Deoptimization events (20 events):
Event: 48.340 Thread 0x0000017c1d907ed0 Uncommon trap: trap_request=0xffffffde fr.pc=0x0000017c76a85974 relative=0x0000000000000254
Event: 48.340 Thread 0x0000017c1d907ed0 Uncommon trap: reason=class_check action=maybe_recompile pc=0x0000017c76a85974 method=java.util.concurrent.locks.ReentrantLock$Sync.lock()V @ 1 c2
Event: 48.340 Thread 0x0000017c1d907ed0 DEOPT PACKING pc=0x0000017c76a85974 sp=0x0000003e999fef20
Event: 48.340 Thread 0x0000017c1d907ed0 DEOPT UNPACKING pc=0x0000017c760569a3 sp=0x0000003e999fee80 mode 2
Event: 48.344 Thread 0x0000017c21615a40 Uncommon trap: trap_request=0xffffffde fr.pc=0x0000017c76a85974 relative=0x0000000000000254
Event: 48.344 Thread 0x0000017c21615a40 Uncommon trap: reason=class_check action=maybe_recompile pc=0x0000017c76a85974 method=java.util.concurrent.locks.ReentrantLock$Sync.lock()V @ 1 c2
Event: 48.344 Thread 0x0000017c21615a40 DEOPT PACKING pc=0x0000017c76a85974 sp=0x0000003ea34ff0a0
Event: 48.344 Thread 0x0000017c21615a40 DEOPT UNPACKING pc=0x0000017c760569a3 sp=0x0000003ea34ff000 mode 2
Event: 48.357 Thread 0x0000017c1f98e8a0 Uncommon trap: trap_request=0xffffffde fr.pc=0x0000017c76a85974 relative=0x0000000000000254
Event: 48.357 Thread 0x0000017c1f98e8a0 Uncommon trap: reason=class_check action=maybe_recompile pc=0x0000017c76a85974 method=java.util.concurrent.locks.ReentrantLock$Sync.lock()V @ 1 c2
Event: 48.357 Thread 0x0000017c1f98e8a0 DEOPT PACKING pc=0x0000017c76a85974 sp=0x0000003e99fff190
Event: 48.357 Thread 0x0000017c1f98e8a0 DEOPT UNPACKING pc=0x0000017c760569a3 sp=0x0000003e99fff0f0 mode 2
Event: 48.513 Thread 0x0000017c1d906070 Uncommon trap: trap_request=0xffffffc6 fr.pc=0x0000017c76cbe8b8 relative=0x0000000000000c18
Event: 48.513 Thread 0x0000017c1d906070 Uncommon trap: reason=bimorphic_or_optimized_type_check action=maybe_recompile pc=0x0000017c76cbe8b8 method=com.google.common.cache.LocalCache$Segment.get(Ljava/lang/Object;I)Ljava/lang/Object; @ 44 c2
Event: 48.513 Thread 0x0000017c1d906070 DEOPT PACKING pc=0x0000017c76cbe8b8 sp=0x0000003e988fcd20
Event: 48.513 Thread 0x0000017c1d906070 DEOPT UNPACKING pc=0x0000017c760569a3 sp=0x0000003e988fcc60 mode 2
Event: 48.517 Thread 0x0000017c1d906070 Uncommon trap: trap_request=0xffffffc6 fr.pc=0x0000017c76cbe8b8 relative=0x0000000000000c18
Event: 48.517 Thread 0x0000017c1d906070 Uncommon trap: reason=bimorphic_or_optimized_type_check action=maybe_recompile pc=0x0000017c76cbe8b8 method=com.google.common.cache.LocalCache$Segment.get(Ljava/lang/Object;I)Ljava/lang/Object; @ 44 c2
Event: 48.517 Thread 0x0000017c1d906070 DEOPT PACKING pc=0x0000017c76cbe8b8 sp=0x0000003e988fc4d0
Event: 48.517 Thread 0x0000017c1d906070 DEOPT UNPACKING pc=0x0000017c760569a3 sp=0x0000003e988fc410 mode 2

Classes loaded (20 events):
Event: 44.401 Loading class java/time/Instant$1
Event: 44.402 Loading class java/time/Instant$1 done
Event: 47.332 Loading class java/util/LinkedList$LLSpliterator
Event: 47.334 Loading class java/util/LinkedList$LLSpliterator done
Event: 47.584 Loading class java/util/concurrent/ConcurrentLinkedQueue$Itr
Event: 47.586 Loading class java/util/concurrent/ConcurrentLinkedQueue$Itr done
Event: 47.654 Loading class java/util/logging/LogRecord
Event: 47.660 Loading class java/util/logging/LogRecord done
Event: 47.984 Loading class java/util/HashMap$UnsafeHolder
Event: 47.985 Loading class java/util/HashMap$UnsafeHolder done
Event: 48.119 Loading class java/nio/file/StandardCopyOption
Event: 48.120 Loading class java/nio/file/StandardCopyOption done
Event: 48.121 Loading class sun/nio/fs/WindowsFileCopy
Event: 48.122 Loading class sun/nio/fs/WindowsFileCopy done
Event: 48.486 Loading class java/lang/Short$ShortCache
Event: 48.487 Loading class java/lang/Short$ShortCache done
Event: 48.518 Loading class java/util/Collections$EmptyListIterator
Event: 48.518 Loading class java/util/Collections$EmptyListIterator done
Event: 48.544 Loading class java/io/CharArrayWriter
Event: 48.544 Loading class java/io/CharArrayWriter done

Classes unloaded (0 events):
No events

Classes redefined (0 events):
No events

Internal exceptions (20 events):
Event: 20.243 Thread 0x0000017c21060510 Exception <a 'java/lang/NoSuchMethodError'{0x00000000eb43bbc8}: static Lorg/jetbrains/kotlin/daemon/common/CompileService$CallResult$Ok;.<clinit>()V> (0x00000000eb43bbc8) 
thrown [s\src\hotspot\share\prims\jni.cpp, line 1112]
Event: 20.271 Thread 0x0000017c21060510 Exception <a 'java/lang/NoSuchMethodError'{0x00000000eb39cf98}: static [Ljava/lang/Integer;.<clinit>()V> (0x00000000eb39cf98) 
thrown [s\src\hotspot\share\prims\jni.cpp, line 1112]
Event: 38.612 Thread 0x0000017c21060510 Exception <a 'sun/net/ConnectionResetException'{0x00000000eb24a508}: Connection reset> (0x00000000eb24a508) 
thrown [s\src\hotspot\share\prims\jni.cpp, line 535]
Event: 38.880 Thread 0x0000017c21060510 Exception <a 'java/net/ConnectException'{0x00000000eb24d008}: Connection refused: connect> (0x00000000eb24d008) 
thrown [s\src\hotspot\share\prims\jni.cpp, line 535]
Event: 38.880 Thread 0x0000017c21060510 Exception <a 'java/net/SocketException'{0x00000000eb24d5e8}: Socket is not connected: shutdown> (0x00000000eb24d5e8) 
thrown [s\src\hotspot\share\prims\jni.cpp, line 535]
Event: 38.924 Thread 0x0000017c21060510 Exception <a 'java/net/ConnectException'{0x00000000eb2deee8}: Connection refused: connect> (0x00000000eb2deee8) 
thrown [s\src\hotspot\share\prims\jni.cpp, line 535]
Event: 38.925 Thread 0x0000017c21060510 Exception <a 'java/net/SocketException'{0x00000000eb2df4c8}: Socket is not connected: shutdown> (0x00000000eb2df4c8) 
thrown [s\src\hotspot\share\prims\jni.cpp, line 535]
Event: 38.939 Thread 0x0000017c21060510 Exception <a 'java/net/ConnectException'{0x00000000eb2dffa0}: Connection refused: connect> (0x00000000eb2dffa0) 
thrown [s\src\hotspot\share\prims\jni.cpp, line 535]
Event: 38.939 Thread 0x0000017c21060510 Exception <a 'java/net/SocketException'{0x00000000eb2e0580}: Socket is not connected: shutdown> (0x00000000eb2e0580) 
thrown [s\src\hotspot\share\prims\jni.cpp, line 535]
Event: 38.950 Thread 0x0000017c21060510 Exception <a 'java/net/ConnectException'{0x00000000eb2e1f18}: Connection refused: connect> (0x00000000eb2e1f18) 
thrown [s\src\hotspot\share\prims\jni.cpp, line 535]
Event: 38.950 Thread 0x0000017c21060510 Exception <a 'java/net/SocketException'{0x00000000eb2e24f8}: Socket is not connected: shutdown> (0x00000000eb2e24f8) 
thrown [s\src\hotspot\share\prims\jni.cpp, line 535]
Event: 38.971 Thread 0x0000017c21060510 Exception <a 'java/net/ConnectException'{0x00000000eb2e2fd0}: Connection refused: connect> (0x00000000eb2e2fd0) 
thrown [s\src\hotspot\share\prims\jni.cpp, line 535]
Event: 38.971 Thread 0x0000017c21060510 Exception <a 'java/net/SocketException'{0x00000000eb2e35b0}: Socket is not connected: shutdown> (0x00000000eb2e35b0) 
thrown [s\src\hotspot\share\prims\jni.cpp, line 535]
Event: 38.987 Thread 0x0000017c21060510 Exception <a 'java/net/ConnectException'{0x00000000eb2e4088}: Connection refused: connect> (0x00000000eb2e4088) 
thrown [s\src\hotspot\share\prims\jni.cpp, line 535]
Event: 38.987 Thread 0x0000017c21060510 Exception <a 'java/net/SocketException'{0x00000000eb2e4668}: Socket is not connected: shutdown> (0x00000000eb2e4668) 
thrown [s\src\hotspot\share\prims\jni.cpp, line 535]
Event: 47.554 Thread 0x0000017c1d9088f0 Exception <a 'java/lang/NoSuchMethodError'{0x00000000eac8a740}: static Lorg/gradle/internal/build/event/types/DefaultTaskFailureResult;.<clinit>()V> (0x00000000eac8a740) 
thrown [s\src\hotspot\share\prims\jni.cpp, line 1112]
Event: 47.568 Thread 0x0000017c1d9088f0 Exception <a 'java/lang/NoSuchMethodError'{0x00000000eacc34f8}: static Lorg/gradle/internal/build/event/types/DefaultFailure;.<clinit>()V> (0x00000000eacc34f8) 
thrown [s\src\hotspot\share\prims\jni.cpp, line 1112]
Event: 47.971 Thread 0x0000017c1d906070 Exception <a 'java/lang/NoSuchMethodError'{0x00000000eabe6438}: static Lorg/jetbrains/kotlin/gradle/plugin/statistics/MetricContainer;.<clinit>()V> (0x00000000eabe6438) 
thrown [s\src\hotspot\share\prims\jni.cpp, line 1112]
Event: 48.077 Thread 0x0000017c1d906070 Exception <a 'sun/nio/fs/WindowsException'{0x00000000eaab7170}> (0x00000000eaab7170) 
thrown [s\src\hotspot\share\prims\jni.cpp, line 516]
Event: 48.165 Thread 0x0000017c1d906070 Exception <a 'java/lang/NoSuchMethodError'{0x00000000ea97b208}: 'void java.lang.invoke.DirectMethodHandle$Holder.invokeStatic(java.lang.Object, int, java.lang.Object)'> (0x00000000ea97b208) 
thrown [s\src\hotspot\share\interpreter\linkResolver.cpp, line 759]

VM Operations (20 events):
Event: 41.852 Executing VM operation: Cleanup
Event: 41.852 Executing VM operation: Cleanup done
Event: 42.864 Executing VM operation: Cleanup
Event: 42.864 Executing VM operation: Cleanup done
Event: 47.146 Executing VM operation: HandshakeAllThreads
Event: 47.147 Executing VM operation: HandshakeAllThreads done
Event: 47.147 Executing VM operation: Cleanup
Event: 47.147 Executing VM operation: Cleanup done
Event: 47.430 Executing VM operation: HandshakeAllThreads
Event: 47.431 Executing VM operation: HandshakeAllThreads done
Event: 47.433 Executing VM operation: HandshakeAllThreads
Event: 47.433 Executing VM operation: HandshakeAllThreads done
Event: 48.161 Executing VM operation: HandshakeAllThreads
Event: 48.161 Executing VM operation: HandshakeAllThreads done
Event: 48.161 Executing VM operation: Cleanup
Event: 48.161 Executing VM operation: Cleanup done
Event: 48.177 Executing VM operation: HandshakeAllThreads
Event: 48.177 Executing VM operation: HandshakeAllThreads done
Event: 49.191 Executing VM operation: Cleanup
Event: 49.191 Executing VM operation: Cleanup done

Memory protections (0 events):
No events

Nmethod flushes (20 events):
Event: 19.198 Thread 0x0000017c02ebe7e0 flushing  nmethod 0x0000017c6fd10390
Event: 19.198 Thread 0x0000017c02ebe7e0 flushing  nmethod 0x0000017c6fd42210
Event: 19.198 Thread 0x0000017c02ebe7e0 flushing  nmethod 0x0000017c6fd42a10
Event: 19.198 Thread 0x0000017c02ebe7e0 flushing  nmethod 0x0000017c6fd43b10
Event: 19.198 Thread 0x0000017c02ebe7e0 flushing  nmethod 0x0000017c6fd44910
Event: 19.198 Thread 0x0000017c02ebe7e0 flushing  nmethod 0x0000017c6fd4e690
Event: 19.198 Thread 0x0000017c02ebe7e0 flushing  nmethod 0x0000017c6fd5a410
Event: 19.198 Thread 0x0000017c02ebe7e0 flushing  nmethod 0x0000017c6fe7bf90
Event: 19.198 Thread 0x0000017c02ebe7e0 flushing  nmethod 0x0000017c6fe90990
Event: 19.198 Thread 0x0000017c02ebe7e0 flushing  nmethod 0x0000017c6fe91910
Event: 19.198 Thread 0x0000017c02ebe7e0 flushing  nmethod 0x0000017c6fec7790
Event: 19.198 Thread 0x0000017c02ebe7e0 flushing  nmethod 0x0000017c6fecad90
Event: 19.199 Thread 0x0000017c02ebe7e0 flushing  nmethod 0x0000017c6ff4e790
Event: 19.199 Thread 0x0000017c02ebe7e0 flushing  nmethod 0x0000017c6ff4ec10
Event: 19.199 Thread 0x0000017c02ebe7e0 flushing  nmethod 0x0000017c6ff4ef10
Event: 19.199 Thread 0x0000017c02ebe7e0 flushing  nmethod 0x0000017c6ff4f390
Event: 19.199 Thread 0x0000017c02ebe7e0 flushing  nmethod 0x0000017c6ff4f690
Event: 19.199 Thread 0x0000017c02ebe7e0 flushing  nmethod 0x0000017c6ff4fb10
Event: 19.199 Thread 0x0000017c02ebe7e0 flushing  nmethod 0x0000017c6ff53310
Event: 19.199 Thread 0x0000017c02ebe7e0 flushing  nmethod 0x0000017c70026e10

Events (20 events):
Event: 48.344 Thread 0x0000017c21615a40 Thread exited: 0x0000017c21615a40
Event: 48.357 Thread 0x0000017c1f98e8a0 Thread exited: 0x0000017c1f98e8a0
Event: 48.371 Thread 0x0000017c1cdef530 Thread exited: 0x0000017c1cdef530
Event: 48.372 Thread 0x0000017c21616e80 Thread exited: 0x0000017c21616e80
Event: 48.372 Thread 0x0000017c21617390 Thread exited: 0x0000017c21617390
Event: 48.372 Thread 0x0000017c1cdeeb10 Thread exited: 0x0000017c1cdeeb10
Event: 48.372 Thread 0x0000017c1cdee600 Thread exited: 0x0000017c1cdee600
Event: 48.372 Thread 0x0000017c1cded1c0 Thread exited: 0x0000017c1cded1c0
Event: 48.372 Thread 0x0000017c1f513850 Thread exited: 0x0000017c1f513850
Event: 48.372 Thread 0x0000017c21616460 Thread exited: 0x0000017c21616460
Event: 48.372 Thread 0x0000017c1cded6d0 Thread exited: 0x0000017c1cded6d0
Event: 48.372 Thread 0x0000017c1cdeff50 Thread exited: 0x0000017c1cdeff50
Event: 48.372 Thread 0x0000017c1cdedbe0 Thread exited: 0x0000017c1cdedbe0
Event: 48.372 Thread 0x0000017c21614b10 Thread exited: 0x0000017c21614b10
Event: 48.372 Thread 0x0000017c1cdf0460 Thread exited: 0x0000017c1cdf0460
Event: 48.373 Thread 0x0000017c21615530 Thread exited: 0x0000017c21615530
Event: 48.373 Thread 0x0000017c21616970 Thread exited: 0x0000017c21616970
Event: 48.408 Thread 0x0000017c1d906070 Thread added: 0x0000017c210646e0
Event: 48.564 Thread 0x0000017c1d9083e0 Thread exited: 0x0000017c1d9083e0
Event: 48.567 Thread 0x0000017c1f98b600 Thread exited: 0x0000017c1f98b600


Dynamic libraries:
0x00007ff78b950000 - 0x00007ff78b95e000 	C:\Users\deepa\.jdks\liberica-full-17.0.18\bin\java.exe
0x00007ff9000e0000 - 0x00007ff900347000 	C:\WINDOWS\SYSTEM32\ntdll.dll
0x00007ff8fde40000 - 0x00007ff8fdf09000 	C:\WINDOWS\System32\KERNEL32.DLL
0x00007ff8fca30000 - 0x00007ff8fce24000 	C:\WINDOWS\System32\KERNELBASE.dll
0x00007ff8fdcf0000 - 0x00007ff8fde3b000 	C:\WINDOWS\System32\ucrtbase.dll
0x00007ff8e2b40000 - 0x00007ff8e2b57000 	C:\Users\deepa\.jdks\liberica-full-17.0.18\bin\jli.dll
0x00007ff8d6180000 - 0x00007ff8d619b000 	C:\Users\deepa\.jdks\liberica-full-17.0.18\bin\VCRUNTIME140.dll
0x00007ff8fe2b0000 - 0x00007ff8fe475000 	C:\WINDOWS\System32\USER32.dll
0x00007ff8fd250000 - 0x00007ff8fd277000 	C:\WINDOWS\System32\win32u.dll
0x00007ff8dc730000 - 0x00007ff8dc9c3000 	C:\WINDOWS\WinSxS\amd64_microsoft.windows.common-controls_6595b64144ccf1df_6.0.26100.8115_none_3e075c82e3354f9c\COMCTL32.dll
0x00007ff8ff150000 - 0x00007ff8ff1f9000 	C:\WINDOWS\System32\msvcrt.dll
0x00007ff8fe940000 - 0x00007ff8fe96b000 	C:\WINDOWS\System32\GDI32.dll
0x00007ff8fd070000 - 0x00007ff8fd19a000 	C:\WINDOWS\System32\gdi32full.dll
0x00007ff8fc980000 - 0x00007ff8fca23000 	C:\WINDOWS\System32\msvcp_win.dll
0x00007ff8fe200000 - 0x00007ff8fe232000 	C:\WINDOWS\System32\IMM32.DLL
0x00007ff8e20b0000 - 0x00007ff8e20bc000 	C:\Users\deepa\.jdks\liberica-full-17.0.18\bin\vcruntime140_1.dll
0x00007ff8a42b0000 - 0x00007ff8a433e000 	C:\Users\deepa\.jdks\liberica-full-17.0.18\bin\msvcp140.dll
0x00007ff8657d0000 - 0x00007ff866440000 	C:\Users\deepa\.jdks\liberica-full-17.0.18\bin\server\jvm.dll
0x00007ff8fe140000 - 0x00007ff8fe1f6000 	C:\WINDOWS\System32\ADVAPI32.dll
0x00007ff8ffd80000 - 0x00007ff8ffe27000 	C:\WINDOWS\System32\sechost.dll
0x00007ff8ff200000 - 0x00007ff8ff318000 	C:\WINDOWS\System32\RPCRT4.dll
0x00007ff8ff320000 - 0x00007ff8ff3a0000 	C:\WINDOWS\System32\WS2_32.dll
0x00007ff8fc7e0000 - 0x00007ff8fc83e000 	C:\WINDOWS\SYSTEM32\POWRPROF.dll
0x00007ff8f1dd0000 - 0x00007ff8f1e06000 	C:\WINDOWS\SYSTEM32\WINMM.dll
0x00007ff8f38f0000 - 0x00007ff8f38fb000 	C:\WINDOWS\SYSTEM32\VERSION.dll
0x00007ff8fc7c0000 - 0x00007ff8fc7d4000 	C:\WINDOWS\SYSTEM32\UMPDC.dll
0x00007ff8fb670000 - 0x00007ff8fb68b000 	C:\WINDOWS\SYSTEM32\kernel.appcore.dll
0x00007ff8dc420000 - 0x00007ff8dc42a000 	C:\Users\deepa\.jdks\liberica-full-17.0.18\bin\jimage.dll
0x00007ff8fa820000 - 0x00007ff8faa62000 	C:\WINDOWS\SYSTEM32\DBGHELP.DLL
0x00007ff8fe500000 - 0x00007ff8fe882000 	C:\WINDOWS\System32\combase.dll
0x00007ff8fe970000 - 0x00007ff8fea47000 	C:\WINDOWS\System32\OLEAUT32.dll
0x00007ff8d3be0000 - 0x00007ff8d3c1b000 	C:\WINDOWS\SYSTEM32\dbgcore.DLL
0x00007ff8fd1a0000 - 0x00007ff8fd245000 	C:\WINDOWS\System32\bcryptPrimitives.dll
0x00007ff8da060000 - 0x00007ff8da06e000 	C:\Users\deepa\.jdks\liberica-full-17.0.18\bin\instrument.dll
0x00007ff8b8dc0000 - 0x00007ff8b8de5000 	C:\Users\deepa\.jdks\liberica-full-17.0.18\bin\java.dll
0x00007ff8a41d0000 - 0x00007ff8a42a7000 	C:\Users\deepa\.jdks\liberica-full-17.0.18\bin\jsvml.dll
0x00007ff8ff510000 - 0x00007ff8ffc76000 	C:\WINDOWS\System32\SHELL32.dll
0x00007ff8fd310000 - 0x00007ff8fd47a000 	C:\WINDOWS\System32\wintypes.dll
0x00007ff8fd480000 - 0x00007ff8fdce5000 	C:\WINDOWS\System32\windows.storage.dll
0x00007ff8fef90000 - 0x00007ff8ff087000 	C:\WINDOWS\System32\SHCORE.dll
0x00007ff8fe240000 - 0x00007ff8fe2a6000 	C:\WINDOWS\System32\shlwapi.dll
0x00007ff8fc8a0000 - 0x00007ff8fc8c9000 	C:\WINDOWS\SYSTEM32\profapi.dll
0x00007ff8b7ab0000 - 0x00007ff8b7ac8000 	C:\Users\deepa\.jdks\liberica-full-17.0.18\bin\zip.dll
0x00007ff8b67e0000 - 0x00007ff8b67f9000 	C:\Users\deepa\.jdks\liberica-full-17.0.18\bin\net.dll
0x00007ff8f1ca0000 - 0x00007ff8f1dcd000 	C:\WINDOWS\SYSTEM32\WINHTTP.dll
0x00007ff8fbc80000 - 0x00007ff8fbcec000 	C:\WINDOWS\system32\mswsock.dll
0x00007ff8b2da0000 - 0x00007ff8b2db6000 	C:\Users\deepa\.jdks\liberica-full-17.0.18\bin\nio.dll
0x00007ff8d2da0000 - 0x00007ff8d2db0000 	C:\Users\deepa\.jdks\liberica-full-17.0.18\bin\verify.dll
0x00007ff8d61a0000 - 0x00007ff8d61c7000 	C:\Users\deepa\.gradle\native\1def1411415f61bf3af743bc5b6707747c0891f09f0c88961ee8f79bc544acac\windows-amd64\native-platform.dll
0x00007ff8a4150000 - 0x00007ff8a41c7000 	C:\Users\deepa\.gradle\native\0.2.8\x86_64-windows-gnu\gradle-fileevents.dll
0x00007ff8d15e0000 - 0x00007ff8d15ea000 	C:\Users\deepa\.jdks\liberica-full-17.0.18\bin\management.dll
0x00007ff8c80d0000 - 0x00007ff8c80db000 	C:\Users\deepa\.jdks\liberica-full-17.0.18\bin\management_ext.dll
0x00007ff8fe890000 - 0x00007ff8fe898000 	C:\WINDOWS\System32\PSAPI.DLL
0x00007ff8fb060000 - 0x00007ff8fb092000 	C:\WINDOWS\SYSTEM32\IPHLPAPI.DLL
0x00007ff8feee0000 - 0x00007ff8feeea000 	C:\WINDOWS\System32\NSI.dll
0x00007ff8f3e60000 - 0x00007ff8f3e7d000 	C:\WINDOWS\SYSTEM32\dhcpcsvc6.DLL
0x00007ff8f3e10000 - 0x00007ff8f3e35000 	C:\WINDOWS\SYSTEM32\dhcpcsvc.DLL
0x00007ff8fb1e0000 - 0x00007ff8fb312000 	C:\WINDOWS\SYSTEM32\DNSAPI.dll
0x00007ff8c4a80000 - 0x00007ff8c4a89000 	C:\Users\deepa\.jdks\liberica-full-17.0.18\bin\extnet.dll
0x00007ff8fbf70000 - 0x00007ff8fbf8b000 	C:\WINDOWS\SYSTEM32\CRYPTSP.dll
0x00007ff8fb690000 - 0x00007ff8fb6c9000 	C:\WINDOWS\system32\rsaenh.dll
0x00007ff8fbd30000 - 0x00007ff8fbd63000 	C:\WINDOWS\SYSTEM32\USERENV.dll
0x00007ff8fc870000 - 0x00007ff8fc89a000 	C:\WINDOWS\SYSTEM32\bcrypt.dll
0x00007ff8fbf60000 - 0x00007ff8fbf6c000 	C:\WINDOWS\SYSTEM32\CRYPTBASE.dll
0x00007ff8be220000 - 0x00007ff8be22e000 	C:\Users\deepa\.jdks\liberica-full-17.0.18\bin\sunmscapi.dll
0x00007ff8fce30000 - 0x00007ff8fcfa7000 	C:\WINDOWS\System32\CRYPT32.dll
0x00007ff8fc180000 - 0x00007ff8fc1b0000 	C:\WINDOWS\SYSTEM32\ncrypt.dll
0x00007ff8fc130000 - 0x00007ff8fc16f000 	C:\WINDOWS\SYSTEM32\NTASN1.dll
0x00007ff8c8920000 - 0x00007ff8c8928000 	C:\WINDOWS\system32\wshunix.dll
0x00007ff8f3660000 - 0x00007ff8f366b000 	C:\Windows\System32\rasadhlp.dll
0x00007ff8f4350000 - 0x00007ff8f43d6000 	C:\WINDOWS\System32\fwpuclnt.dll
0x00007ff8c50a0000 - 0x00007ff8c50b8000 	C:\WINDOWS\system32\napinsp.dll
0x00007ff8c5020000 - 0x00007ff8c5033000 	C:\WINDOWS\System32\winrnr.dll
0x00007ff8c4ff0000 - 0x00007ff8c5012000 	C:\WINDOWS\system32\nlansp_c.dll
0x00007ff8ea5b0000 - 0x00007ff8ea5c6000 	C:\WINDOWS\system32\wshbth.dll
0x00007ff8b24e0000 - 0x00007ff8b24fe000 	C:\Users\deepa\AppData\Local\Temp\native-platform2007659607276882245dir\native-platform.dll
0x00007ff8bdcb0000 - 0x00007ff8bdcb7000 	C:\Users\deepa\.jdks\liberica-full-17.0.18\bin\rmi.dll

dbghelp: loaded successfully - version: 4.0.5 - missing functions: none
symbol engine: initialized successfully - sym options: 0x614 - pdb path: .;C:\Users\deepa\.jdks\liberica-full-17.0.18\bin;C:\WINDOWS\SYSTEM32;C:\WINDOWS\WinSxS\amd64_microsoft.windows.common-controls_6595b64144ccf1df_6.0.26100.8115_none_3e075c82e3354f9c;C:\Users\deepa\.jdks\liberica-full-17.0.18\bin\server;C:\Users\deepa\.gradle\native\1def1411415f61bf3af743bc5b6707747c0891f09f0c88961ee8f79bc544acac\windows-amd64;C:\Users\deepa\.gradle\native\0.2.8\x86_64-windows-gnu;C:\Users\deepa\AppData\Local\Temp\native-platform2007659607276882245dir

VM Arguments:
jvm_args: --add-opens=java.base/java.lang=ALL-UNNAMED --add-opens=java.base/java.lang.invoke=ALL-UNNAMED --add-opens=java.base/java.util=ALL-UNNAMED --add-opens=java.prefs/java.util.prefs=ALL-UNNAMED --add-exports=jdk.compiler/com.sun.tools.javac.api=ALL-UNNAMED --add-exports=jdk.compiler/com.sun.tools.javac.util=ALL-UNNAMED --add-opens=java.base/java.util=ALL-UNNAMED --add-opens=java.prefs/java.util.prefs=ALL-UNNAMED --add-opens=java.base/java.nio.charset=ALL-UNNAMED --add-opens=java.base/java.net=ALL-UNNAMED --add-opens=java.base/java.util.concurrent=ALL-UNNAMED --add-opens=java.base/java.util.concurrent.atomic=ALL-UNNAMED --add-opens=java.xml/javax.xml.namespace=ALL-UNNAMED -XX:MaxMetaspaceSize=384m -XX:+HeapDumpOnOutOfMemoryError -Xms256m -Xmx512m -Dfile.encoding=UTF-8 -Duser.country=US -Duser.language=en -Duser.variant -javaagent:C:\Users\deepa\.gradle\wrapper\dists\gradle-9.0.0-bin\d6wjpkvcgsg3oed0qlfss3wgl\gradle-9.0.0\lib\agents\gradle-instrumentation-agent-9.0.0.jar 
java_command: org.gradle.launcher.daemon.bootstrap.GradleDaemon 9.0.0
java_class_path (initial): C:\Users\deepa\.gradle\wrapper\dists\gradle-9.0.0-bin\d6wjpkvcgsg3oed0qlfss3wgl\gradle-9.0.0\lib\gradle-daemon-main-9.0.0.jar
Launcher Type: SUN_STANDARD

[Global flags]
     intx CICompilerCount                          = 12                                        {product} {ergonomic}
   size_t CompressedClassSpaceSize                 = 335544320                                 {product} {ergonomic}
     uint ConcGCThreads                            = 3                                         {product} {ergonomic}
     uint G1ConcRefinementThreads                  = 13                                        {product} {ergonomic}
   size_t G1HeapRegionSize                         = 1048576                                   {product} {ergonomic}
    uintx GCDrainStackTargetSize                   = 64                                        {product} {ergonomic}
     bool HeapDumpOnOutOfMemoryError               = true                                   {manageable} {command line}
   size_t InitialHeapSize                          = 268435456                                 {product} {command line}
   size_t MarkStackSize                            = 4194304                                   {product} {ergonomic}
   size_t MaxHeapSize                              = 536870912                                 {product} {command line}
   size_t MaxMetaspaceSize                         = 402653184                                 {product} {command line}
   size_t MaxNewSize                               = 321912832                                 {product} {ergonomic}
   size_t MinHeapDeltaBytes                        = 1048576                                   {product} {ergonomic}
   size_t MinHeapSize                              = 268435456                                 {product} {command line}
    uintx NonNMethodCodeHeapSize                   = 7602480                                {pd product} {ergonomic}
    uintx NonProfiledCodeHeapSize                  = 122027880                              {pd product} {ergonomic}
    uintx ProfiledCodeHeapSize                     = 122027880                              {pd product} {ergonomic}
    uintx ReservedCodeCacheSize                    = 251658240                              {pd product} {ergonomic}
     bool SegmentedCodeCache                       = true                                      {product} {ergonomic}
   size_t SoftMaxHeapSize                          = 536870912                              {manageable} {ergonomic}
     bool UseCompressedClassPointers               = true                           {product lp64_product} {ergonomic}
     bool UseCompressedOops                        = true                           {product lp64_product} {ergonomic}
     bool UseG1GC                                  = true                                      {product} {ergonomic}
     bool UseLargePagesIndividualAllocation        = false                                  {pd product} {ergonomic}

Logging:
Log output configuration:
 #0: stdout all=warning uptime,level,tags
 #1: stderr all=off uptime,level,tags

Environment Variables:
JAVA_HOME=C:\Program Files\Eclipse Adoptium\jdk-17.0.16.8-hotspot
PATH=C:\Program Files\Eclipse Adoptium\jdk-21.0.10.7-hotspot\bin;C:\Program Files (x86)\Common Files\Oracle\Java\java8path;C:\Program Files (x86)\Common Files\Oracle\Java\javapath;C:\ProgramData\Oracle\Java\javapath;C:\Program Files\Eclipse Adoptium\jdk-17.0.16.8-hotspot\bin;C:\WINDOWS\system32;C:\WINDOWS;C:\WINDOWS\System32\Wbem;C:\WINDOWS\System32\WindowsPowerShell\v1.0\;C:\WINDOWS\System32\OpenSSH\;C:\Program Files\dotnet\;C:\Program Files (x86)\NVIDIA Corporation\PhysX\Common;C:\Program Files\NVIDIA Corporation\NVIDIA App\NvDLISR;C:\Program Files\nodejs\;C:\ProgramData\chocolatey\bin;C:\WINDOWS\system32\config\systemprofile\AppData\Local\Muse Hub\lib;C:\Program Files\Amazon\AWSCLIV2\;C:\Program Files\Docker\Docker\resources\bin;C:\Users\deepa\AppData\Local\Microsoft\WindowsApps\ngrok.exe;C:\Program Files\Microsoft SQL Server\170\Tools\Binn\;C:\Program Files\Microsoft SQL Server\Client SDK\ODBC\170\Tools\Binn\;C:\Program Files (x86)\Windows Kits\10\Windows Performance Toolkit\;C:\Program Files\Git\cmd;C:\Users\deepa\AppData\Local\Programs\Python\Python313\Scripts\;C:\Users\deepa\AppData\Local\Programs\Python\Python313\;c:\Users\deepa\AppData\Local\Programs\Trae\bin;C:\Users\deepa\AppData\Local\Microsoft\WindowsApps;C:\Users\deepa\AppData\Local\Programs\Microsoft VS Code\bin;C:\flutter\bin;C:\Users\deepa\AppData\Roaming\npm;C:\Users\deepa\AppData\Local\Muse Hub\lib;C:\Users\deepa\AppData\Roaming\Python\Python313\Scripts;C:\Program Files\Eclipse Adoptium\jdk-17.0.16.8-hotspot\bin;;C:\Users\deepa\AppData\Local\Microsoft\WindowsApps;C:\Program Files\JetBrains\IntelliJ IDEA 2025.3.1\bin;C:\Users\deepa\.dotnet\tools;C:\Users\deepa\AppData\Local\Programs\Antigravity\bin;C:\Users\deepa\AppData\Local\Programs\Ollama
USERNAME=deepa
OS=Windows_NT
PROCESSOR_IDENTIFIER=Intel64 Family 6 Model 154 Stepping 3, GenuineIntel
TMP=C:\Users\deepa\AppData\Local\Temp
TEMP=C:\Users\deepa\AppData\Local\Temp



Periodic native trim disabled


---------------  S Y S T E M  ---------------

OS:
 Windows 11 , 64 bit Build 26100 (10.0.26100.8115)
OS uptime: 4 days 17:34 hours
Hyper-V role detected

CPU: total 16 (initial active 16) (8 cores per cpu, 2 threads per core) family 6 model 154 stepping 3 microcode 0x43b, cx8, cmov, fxsr, ht, mmx, 3dnowpref, sse, sse2, sse3, ssse3, sse4.1, sse4.2, popcnt, lzcnt, tsc, tscinvbit, avx, avx2, aes, erms, clmul, bmi1, bmi2, adx, sha, fma, vzeroupper, clflush, clflushopt, clwb, hv
Processor Information for processor 0
  Max Mhz: 2500, Current Mhz: 2500, Mhz Limit: 2500
Processor Information for processor 1
  Max Mhz: 2500, Current Mhz: 2500, Mhz Limit: 2500
Processor Information for processor 2
  Max Mhz: 2500, Current Mhz: 2500, Mhz Limit: 2500
Processor Information for processor 3
  Max Mhz: 2500, Current Mhz: 2500, Mhz Limit: 2500
Processor Information for processor 4
  Max Mhz: 2500, Current Mhz: 2500, Mhz Limit: 2500
Processor Information for processor 5
  Max Mhz: 2500, Current Mhz: 2500, Mhz Limit: 2500
Processor Information for processor 6
  Max Mhz: 2500, Current Mhz: 2500, Mhz Limit: 2500
Processor Information for processor 7
  Max Mhz: 2500, Current Mhz: 2500, Mhz Limit: 2500
Processor Information for processor 8
  Max Mhz: 2500, Current Mhz: 2500, Mhz Limit: 2500
Processor Information for processor 9
  Max Mhz: 2500, Current Mhz: 2500, Mhz Limit: 2500
Processor Information for processor 10
  Max Mhz: 2500, Current Mhz: 1527, Mhz Limit: 2500
Processor Information for processor 11
  Max Mhz: 2500, Current Mhz: 1527, Mhz Limit: 2500
Processor Information for processor 12
  Max Mhz: 2500, Current Mhz: 2500, Mhz Limit: 2500
Processor Information for processor 13
  Max Mhz: 2500, Current Mhz: 2500, Mhz Limit: 2500
Processor Information for processor 14
  Max Mhz: 2500, Current Mhz: 2500, Mhz Limit: 2500
Processor Information for processor 15
  Max Mhz: 2500, Current Mhz: 2500, Mhz Limit: 2500

Memory: 4k page, system-wide physical 7876M (443M free)
TotalPageFile size 32452M (AvailPageFile size 0M)
current process WorkingSet (physical memory assigned to process): 159M, peak: 464M
current process commit charge ("private bytes"): 555M, peak: 568M

vm_info: OpenJDK 64-Bit Server VM (17.0.18+10-LTS) for windows-amd64 JRE (17.0.18+10-LTS), built on Jan 16 2026 23:08:33 by "" with MS VC++ 17.1 (VS2022)

END.
